"cancer_type","celltype","sample_id","proportion"
"BRCA","Epithelial","1142243F",0.356478747112941
"BRCA","Epithelial","1160920F",0.163689092262731
"BRCA","Epithelial","CID4290",0.514134997094978
"BRCA","Epithelial","CID4465",0.0730865622568986
"BRCA","Epithelial","CID44971",0.21276187748235
"BRCA","Epithelial","CID4535",0.098728887977371
"BRCA","Epithelial","CytAssist_Fresh_Frozen_Human_Breast_Cancer_230107",0.0431692105770345
"BRCA","Epithelial","GSM6177599_NYU_BRCA0_Vis",0.0384249491903931
"BRCA","Epithelial","GSM6177603_NYU_BRCA2_Vis",0.323678935257605
"BRCA","Epithelial","GSM6433585_092A",0.293563817158251
"BRCA","Epithelial","GSM6433586_092B",0.545374469157767
"BRCA","Epithelial","GSM6433587_093A",0.166122966136061
"BRCA","Epithelial","GSM6433588_093B",0.157358849576622
"BRCA","Epithelial","GSM6433589_093C",0.177773090366716
"BRCA","Epithelial","GSM6433590_093D",0.202193294326355
"BRCA","Epithelial","GSM6433591_094A",0.300213955710993
"BRCA","Epithelial","GSM6433592_094B",0.366790233573466
"BRCA","Epithelial","GSM6433593_094C",0.191001741774914
"BRCA","Epithelial","GSM6433594_094D",0.124824897845547
"BRCA","Epithelial","GSM6433595_095A",0.251384320866066
"BRCA","Epithelial","GSM6433596_095B",0.181941206452233
"BRCA","Epithelial","GSM6433597_117B",0.436232077342394
"BRCA","Epithelial","GSM6433598_117C",0.464877999889729
"BRCA","Epithelial","GSM6433599_117D",0.457711153297693
"BRCA","Epithelial","GSM6433600_117E",0.561484629399462
"BRCA","Epithelial","GSM6433601_118B",0.540625043440327
"BRCA","Epithelial","GSM6433602_118C",0.583543300297063
"BRCA","Epithelial","GSM6433603_118D",0.249065745153602
"BRCA","Epithelial","GSM6433604_118E",0.297970277840793
"BRCA","Epithelial","GSM6433605_119B",0.348861221630772
"BRCA","Epithelial","GSM6433606_119C",0.267952367161274
"BRCA","Epithelial","GSM6433607_119D",0.553741310804538
"BRCA","Epithelial","GSM6433608_119E",0.600760730919226
"BRCA","Epithelial","GSM6433609_120B",0.11687183991193
"BRCA","Epithelial","GSM6433610_120C",0.0626884607244639
"BRCA","Epithelial","GSM6433611_120D",0.0893041107316528
"BRCA","Epithelial","GSM6433612_120E",0.461369429296262
"BRCA","Epithelial","GSM6433613_395A",0.206166991696675
"BRCA","Epithelial","GSM6433614_395B",0.532945619807324
"BRCA","Epithelial","GSM6433615_395C",0.0677230401629977
"BRCA","Epithelial","GSM6433616_395D",0.100910777670024
"BRCA","Epithelial","GSM6433617_396A",0.357388052370706
"BRCA","Epithelial","GSM6433618_396C",0.405144697022044
"BRCA","Epithelial","GSM6433619_396D",0.552417081662902
"BRCA","Epithelial","GSM6433620_397A",0.53337890861317
"BRCA","Epithelial","GSM6433621_397B",0.114536766446866
"BRCA","Epithelial","GSM6433622_397C",0.155380389478834
"BRCA","Epithelial","GSM6433623_397D",0.0614896328652137
"BRCA","Epithelial","GSM6433624_398A",0.316081024497078
"BRCA","Epithelial","GSM6433625_398B",0.283322203144595
"BRCA","Epithelial","GSM6433626_398C",0.122297330789415
"BRCA","Epithelial","GSM6433627_398D",0.179607986851768
"BRCA","Epithelial","GSM7757970_R1-S1",0.0919545528309965
"BRCA","Epithelial","GSM7757972_R1-S3",0.325057054356228
"BRCA","Epithelial","GSM7757973_R1-S4",0.364893483640679
"BRCA","Epithelial","GSM7757974_R1-S5",0.163475883401541
"BRCA","Epithelial","GSM7757975_R1-S6",0.157550719952102
"BRCA","Epithelial","GSM7757976_R2-S1",0.177760213775575
"BRCA","Epithelial","GSM7757977_R2-S2",0.106413305596307
"BRCA","Epithelial","GSM7757978_R2-S3",0.189453159940851
"BRCA","Epithelial","GSM7757979_R2-S4",0.447107291848399
"BRCA","Epithelial","GSM7757980_R2-S5",0.0952772650817753
"BRCA","Epithelial","GSM7757982_R3-S2",0.145479883717477
"BRCA","Epithelial","GSM7757983_R3-S3",0.234984303131188
"BRCA","Epithelial","GSM7757984_R3-S4",0.1231324473743
"BRCA","Epithelial","GSM7757985_R3-S5",0.228090596561951
"BRCA","Epithelial","GSM7777520_A1",0.0398016619788442
"BRCA","Epithelial","GSM7777521_B1",0.115197469370094
"BRCA","Epithelial","GSM7777522_C1",0.143264495576621
"BRCA","Epithelial","GSM7777523_D1",0.290688728342259
"BRCA","Epithelial","Parent_Visium_Human_BreastCancer_201027",0.44583580417269
"BRCA","Epithelial","V1_Breast_Cancer_Block_A_Section_2_200623",0.232213984858932
"BRCA","Epithelial","V1_Human_Invasive_Ductal_Carcinoma_210511",0.225894979124212
"BRCA","Epithelial","Visium_FFPE_Human_Breast_Cancer_210609",0.0462648272760055
"BRCA","Epithelial","Visium_Human_Breast_Cancer_220702",0.221642153440082
"COCA","Epithelial","Ajou_Visium_P1",0.459296643561557
"COCA","Epithelial","Ajou_Visium_P2",0.108095517986589
"COCA","Epithelial","Ajou_Visium_P3",0.788829893434676
"COCA","Epithelial","Ajou_Visium_P4",0.243187201026851
"COCA","Epithelial","Colon_10x_Visium_SampleP2_CRC",0.186271632567599
"COCA","Epithelial","GSM7058756",0.533160686217276
"COCA","Epithelial","GSM7058757",0.107455946307767
"COCA","Epithelial","GSM7058758",0.738720591224355
"COCA","Epithelial","GSM7058759",0.184169526469264
"COCA","Epithelial","Parent_Visium_Human_ColorectalCancer_201027",0.510124947937994
"COCA","Epithelial","SN048_A121573_Rep1",0.752143131321621
"COCA","Epithelial","SN048_A121573_Rep2",0.756034393619
"COCA","Epithelial","SN048_A416371_Rep1",0.668559121838409
"COCA","Epithelial","SN048_A416371_Rep2",0.569038497198549
"COCA","Epithelial","SN123_A551763_Rep1",0.486097216170329
"COCA","Epithelial","SN123_A595688_Rep1",0.494878585685118
"COCA","Epithelial","SN123_A938797_Rep1_X",0.216540568626406
"COCA","Epithelial","SN124_A551763_Rep2",0.55549828553081
"COCA","Epithelial","SN124_A595688_Rep2",0.374503705111368
"COCA","Epithelial","SN124_A938797_Rep2",0.210028338937118
"COCA","Epithelial","SN84_A120838_Rep1",0.225990314362953
"COCA","Epithelial","SN84_A120838_Rep2",0.247096802637753
"COCA","Epithelial","Visium_FFPE_Human_Intestinal_Cancer_220329",0.115799262929283
"COCA","Epithelial","scCRLM_Atlas_ST-colon1",0.776909534585811
"COCA","Epithelial","scCRLM_Atlas_ST-colon2",0.346954660292822
"COCA","Epithelial","scCRLM_Atlas_ST-colon3",0.0561608490750867
"COCA","Epithelial","scCRLM_Atlas_ST-colon4",0.701533628673452
"HNCA","Epithelial","GSM5494475_HNSCC201125T04",0.176770047272986
"HNCA","Epithelial","GSM5494476_HNSCC201125T05",0.191086934347575
"HNCA","Epithelial","GSM5494477_HNSCC201125T07",0.605894679703058
"HNCA","Epithelial","GSM5494478_HNSCC201125T10",0.816681397661639
"HNCA","Epithelial","GSM5494479_P210325T1",0.165506012225626
"HNCA","Epithelial","GSM5494480_P210325T3",0.220350316058096
"HNCA","Epithelial","GSM5494481_P210325T5",0.187104303446609
"HNCA","Epithelial","GSM5494482_P210325T6",0.27323100641165
"HNCA","Epithelial","GSM6030901_patient_1",0.101821075093162
"HNCA","Epithelial","GSM6030902_patient_2",0.0670290767952399
"HNCA","Epithelial","GSM6339631_s1",0.164285688938135
"HNCA","Epithelial","GSM6339632_s2",0.324812457110968
"HNCA","Epithelial","GSM6339633_s3",0.196666257924204
"HNCA","Epithelial","GSM6339634_s4",0.235781471589543
"HNCA","Epithelial","GSM6339635_s5",0.493488359327995
"HNCA","Epithelial","GSM6339636_s6",0.690785864884814
"HNCA","Epithelial","GSM6339637_s7",0.306725671953035
"HNCA","Epithelial","GSM6339638_s8",0.258017859428044
"HNCA","Epithelial","GSM6339639_s9",0.394457488605682
"HNCA","Epithelial","GSM6339640_s10",0.351918275051198
"HNCA","Epithelial","GSM6339641_s11",0.673751595846629
"HNCA","Epithelial","GSM6339642_s12",0.520167272642377
"HNCA","Epithelial","GSM6833484_Patient1",0.151630319881264
"HNCA","Epithelial","GSM6833485_Patient2",0.134393652706518
"HNCA","Epithelial","GSM6833486_Patient3",0.352499551501082
"HNCA","Epithelial","GSM6833487_Patient4",0.236010342912384
"KICA","Epithelial","GSM5924030_ffpe_c_2",0.194049136899073
"KICA","Epithelial","GSM5924031_ffpe_c_3",0.0363402392841545
"KICA","Epithelial","GSM5924032_ffpe_c_4",0.139871099507968
"KICA","Epithelial","GSM5924033_ffpe_c_7",0.144079140047193
"KICA","Epithelial","GSM5924034_ffpe_c_10",0.115361425946499
"KICA","Epithelial","GSM5924035_ffpe_c_20",0.178916979501324
"KICA","Epithelial","GSM5924036_ffpe_c_21",0.251930192886621
"KICA","Epithelial","GSM5924037_ffpe_c_34",0.0447269462100663
"KICA","Epithelial","GSM5924038_ffpe_c_36",0.0836414093148899
"KICA","Epithelial","GSM5924039_ffpe_c_39",0.234351130275226
"KICA","Epithelial","GSM5924040_ffpe_c_45",0.141212570270847
"KICA","Epithelial","GSM5924041_ffpe_c_51",0.119447101313726
"KICA","Epithelial","GSM5924042_frozen_a_1",0.330672307242615
"KICA","Epithelial","GSM5924043_frozen_a_3",0.364115261875451
"KICA","Epithelial","GSM5924044_frozen_a_15",0.161147969707876
"KICA","Epithelial","GSM5924045_frozen_a_17",0.307136367734673
"KICA","Epithelial","GSM5924046_frozen_b_1",0.28571690198723
"KICA","Epithelial","GSM5924048_frozen_b_13",0.197466532468985
"KICA","Epithelial","GSM5924049_frozen_b_18",0.114075199386871
"KICA","Epithelial","GSM5924050_frozen_c_2",0.149540060395313
"KICA","Epithelial","GSM5924051_frozen_c_5",0.112443940166042
"KICA","Epithelial","GSM5924052_frozen_c_23",0.353613953697585
"KICA","Epithelial","GSM5924053_frozen_c_57",0.157703786472862
"LICA","Epithelial","GSM6177612_NYU_LIHC1_Vis",0.6709052762207
"LICA","Epithelial","GSM7850822_CHC20",0.752876216692615
"LICA","Epithelial","HCC1R",0.44895091289688
"LICA","Epithelial","HCC3R",0.665808426157481
"LICA","Epithelial","HCC4R",0.647096250155151
"LICA","Epithelial","HCC6NR",0.818762878305378
"LICA","Epithelial","HCC7NR",0.888588094758707
"LICA","Epithelial","HRA000437_HCC-1T",0.752149869149206
"LICA","Epithelial","HRA000437_HCC-2T",0.218179846568554
"LICA","Epithelial","HRA000437_HCC-3T",0.936646790393332
"LICA","Epithelial","HRA000437_HCC-4T",0.884670351296896
"LICA","Epithelial","Zenodo10119273_Tumor2",0.346909153833372
"LUCA","Epithelial","CytAssist_11mm_FFPE_Human_Lung_Cancer_230214",0.0587229955803318
"LUCA","Epithelial","CytAssist_FFPE_Human_Lung_Squamous_Cell_Carcinoma_220714",0.144711082523148
"LUCA","Epithelial","E_MTAB_13530_P10_T1",0.175416788814225
"LUCA","Epithelial","E_MTAB_13530_P10_T2",0.167385610178716
"LUCA","Epithelial","E_MTAB_13530_P10_T3",0.156293705307721
"LUCA","Epithelial","E_MTAB_13530_P10_T4",0.161560465637587
"LUCA","Epithelial","E_MTAB_13530_P11_T1",0.125039475020258
"LUCA","Epithelial","E_MTAB_13530_P11_T2",0.107419955093788
"LUCA","Epithelial","E_MTAB_13530_P11_T3",0.372395631086961
"LUCA","Epithelial","E_MTAB_13530_P11_T4",0.269386346007719
"LUCA","Epithelial","E_MTAB_13530_P15_T1",0.353876909427171
"LUCA","Epithelial","E_MTAB_13530_P15_T2",0.365583737529013
"LUCA","Epithelial","E_MTAB_13530_P16_T1",0.0948188555036577
"LUCA","Epithelial","E_MTAB_13530_P16_T2",0.101203448768663
"LUCA","Epithelial","E_MTAB_13530_P17_T1",0.151949347661323
"LUCA","Epithelial","E_MTAB_13530_P17_T2",0.166611721426648
"LUCA","Epithelial","E_MTAB_13530_P19_T1",0.145421496120176
"LUCA","Epithelial","E_MTAB_13530_P19_T2",0.138582487515708
"LUCA","Epithelial","E_MTAB_13530_P24_T1",0.105343217034955
"LUCA","Epithelial","E_MTAB_13530_P24_T2",0.117759876816402
"LUCA","Epithelial","E_MTAB_13530_P25_T1",0.136751859556911
"LUCA","Epithelial","E_MTAB_13530_P25_T2",0.124671868177199
"OVCA","Epithelial","A_955_OvarianTumor",0.0680148014806633
"OVCA","Epithelial","A_GTFB1154_OvarianCancerTumor",0.0642628611070335
"OVCA","Epithelial","B_GTFB1191_OvarianCancerTumor",0.152828483228371
"OVCA","Epithelial","C_GTFB1170_SmallCellOvarianCancer",0.0858911839535126
"OVCA","Epithelial","CytAssist_11mm_FFPE_Human_Ovarian_Carcinoma_220715",0.0402149714459209
"OVCA","Epithelial","D_GTFB1170_SmallCellOvarianCancer",0.104689518283403
"OVCA","Epithelial","D_GTFB_1230_OvarianTumor",0.686959933342604
"OVCA","Epithelial","GSM6177614_NYU_OVCA1_Vis",0.0902445041087078
"OVCA","Epithelial","GSM6177617_NYU_OVCA3_Vis",0.384128278222636
"OVCA","Epithelial","GSM6506110_SP1",0.160006348281299
"OVCA","Epithelial","GSM6506111_SP2",0.182917223383805
"OVCA","Epithelial","GSM6506112_SP3",0.18454427352684
"OVCA","Epithelial","GSM6506113_SP4",0.26795967896386
"OVCA","Epithelial","GSM6506114_SP5",0.176943694570697
"OVCA","Epithelial","GSM6506115_SP6",0.0705220043565838
"OVCA","Epithelial","GSM6506116_SP7",0.296853521676401
"OVCA","Epithelial","GSM6506117_SP8",0.147548187492297
"OVCA","Epithelial","GSM7019835_OCCR2v",0.0889812707874371
"OVCA","Epithelial","GSM7019836_OCCS3v",0.156813433958281
"OVCA","Epithelial","GSM7090086_NextSeq2000",0.179816849221723
"OVCA","Epithelial","GSM7090087_NextSeq2000",0.1005004090705
"OVCA","Epithelial","GSM7090088_NextSeq2000",0.17340942170011
"OVCA","Epithelial","Parent_Visium_Human_OvarianCancer_201027",0.20690529069565
"OVCA","Epithelial","Visium_FFPE_Human_Ovarian_Cancer_220329",0.0210048196496595
"PACA","Epithelial","GSM6177618_NYU_PDAC1_Vis",0.244459022389534
"PACA","Epithelial","GSM6505133_DonorA",0.297462662061697
"PACA","Epithelial","GSM6505134_DonorB",0.115306275813817
"PACA","Epithelial","GSM6505135_DonorC",0.271619586682994
"PACA","Epithelial","GSM7421790_PDAC_1",0.110350378374377
"PACA","Epithelial","GSM7421791_PDAC_2",0.0702962116595072
"PACA","Epithelial","GSM7421792_PDAC_3",0.124205919164905
"PACA","Epithelial","GSM7498811_SS1905133",0.137086365612475
"PACA","Epithelial","GSM7498812_SS1923404",0.0504348527226152
"PACA","Epithelial","GSM7498813_SS1945070",0.172648668081614
"PACA","Epithelial","GSM7498814_SS1960050",0.0290820213255522
"PACA","Epithelial","GSM7498815_SS2002154",0.0183896441718105
"PACA","Epithelial","GSM7498816_SS2005094",0.0788243403890453
"PACA","Epithelial","GSM7498817_SS2021309",0.0830499543729427
"PRCA","Epithelial","GSM7211257_EHU-W3",0.133548895960711
"PRCA","Epithelial","V11A20-405_C1",0.486935533011722
"PRCA","Epithelial","V11A20-405_D1",0.603234087637385
"PRCA","Epithelial","V11M22-349_C1",0.483921167134815
"PRCA","Epithelial","V11M22-349_D1",0.487888999654098
"PRCA","Epithelial","Visium_FFPE_Human_Prostate_Acinar_Cell_Carcinoma_211009",0.581657743778032
"PRCA","Epithelial","Visium_FFPE_Human_Prostate_Cancer_210609",0.388450783350534
"PRCA","Epithelial","Visium_FFPE_Human_Prostate_IF_220713",0.289121814374753
"SKCA","Epithelial","GSE144239_GSM4565823",0.85905703486721
"SKCA","Epithelial","GSE144239_GSM4565824",0.86370669937297
"SKCA","Epithelial","GSE144239_GSM4565825",0.477507570030094
"SKCA","Epithelial","GSE144239_GSM4565826",0.670505093261805
"SKCA","Epithelial","V10F24-015_A1",0.810136294409326
"SKCA","Epithelial","V10F24-015_B1",0.766582374186608
"SKCA","Epithelial","V10F24-015_C1",0.814572518030668
"SKCA","Epithelial","V10F24-015_D1",0.838845205136252
"SKCA","Epithelial","WSSKNKCLsp12140270",0.438248556739131
"SKCA","Epithelial","WSSKNKCLsp12140271",0.524093320622687
"SKCA","Epithelial","WSSKNKCLsp12140272",0.363306240108554
"SKCA","Epithelial","WSSKNKCLsp12140273",0.450480980895669
"SKCA","Epithelial","WSSKNKCLsp12887267",0.532000120420322
"SKCA","Epithelial","WSSKNKCLsp12887268",0.347870577353914
"SKCA","Epithelial","WSSKNKCLsp12887269",0.43608993390805
"SKCA","Epithelial","WSSKNKCLsp12887270",0.700289949002398
"STCA","Epithelial","GSE251950_20_00331_LI_SING",0.356176520287082
"STCA","Epithelial","GSE251950_21_00731_LI_SING",0.164883761192268
"STCA","Epithelial","GSE251950_21_00732_LI_SING",0.541958983419209
"STCA","Epithelial","GSE251950_21_00733_LI_SING",0.121773805240934
"STCA","Epithelial","GSE251950_21_00734_LI_SING",0.746077668945749
"STCA","Epithelial","GSE251950_21_01251_LI_SING",0.296739763639201
"STCA","Epithelial","GSE251950_21_01253_LI_SING",0.740793952185721
"STCA","Epithelial","GSE251950_21_01254_LI_SING",0.673870422639465
"STCA","Epithelial","GSE251950_21_01675_LI_SING",0.347277566495179
"STCA","Epithelial","GSM6177607_NYU_GIST1_Vis",0.444014592874902
"STCA","Epithelial","GSM6177609_NYU_GIST2_Vis",0.644889618788491
"THCA","Epithelial","S16_43398",0.340856597409752
"THCA","Epithelial","S20_47598",0.665115073736998
"THCA","Epithelial","S20_61122",0.451971202037788
"THCA","Epithelial","S20_63981",0.639295063918317
"THCA","Epithelial","S21_10267",0.913198276144782
"UECA","Epithelial","01_034_C1d1",0.246714664488279
"UECA","Epithelial","01_034_C3d1",0.607228347136541
"UECA","Epithelial","01_039_C1d1",0.570626867509452
"UECA","Epithelial","01_039_C3d1",0.491237034212747
"UECA","Epithelial","GSM6177623_NYU_UCEC3_Vis",0.558636545123286
"BRCA","Tcell","1142243F",0.251461294678629
"BRCA","Tcell","1160920F",0.491455239916151
"BRCA","Tcell","CID4290",0.0821393542614163
"BRCA","Tcell","CID4465",0.328970690171681
"BRCA","Tcell","CID44971",0.410316900640539
"BRCA","Tcell","CID4535",0.507193246415165
"BRCA","Tcell","CytAssist_Fresh_Frozen_Human_Breast_Cancer_230107",0.436635170111437
"BRCA","Tcell","GSM6177599_NYU_BRCA0_Vis",0.54413806843573
"BRCA","Tcell","GSM6177603_NYU_BRCA2_Vis",0.202712877466728
"BRCA","Tcell","GSM6433585_092A",0.087837137266099
"BRCA","Tcell","GSM6433586_092B",0.0994867071155823
"BRCA","Tcell","GSM6433587_093A",0.426388513758184
"BRCA","Tcell","GSM6433588_093B",0.361978517778663
"BRCA","Tcell","GSM6433589_093C",0.354077908604682
"BRCA","Tcell","GSM6433590_093D",0.343014016034894
"BRCA","Tcell","GSM6433591_094A",0.246995754994732
"BRCA","Tcell","GSM6433592_094B",0.167676936869618
"BRCA","Tcell","GSM6433593_094C",0.175365042966145
"BRCA","Tcell","GSM6433594_094D",0.151339744958843
"BRCA","Tcell","GSM6433595_095A",0.317401562178409
"BRCA","Tcell","GSM6433596_095B",0.296589887527936
"BRCA","Tcell","GSM6433597_117B",0.0433548298550833
"BRCA","Tcell","GSM6433598_117C",0.043754495272399
"BRCA","Tcell","GSM6433599_117D",0.0739248328585229
"BRCA","Tcell","GSM6433600_117E",0.0807226564216418
"BRCA","Tcell","GSM6433601_118B",0.0695026984988208
"BRCA","Tcell","GSM6433602_118C",0.0612909684130962
"BRCA","Tcell","GSM6433603_118D",0.0617382704207789
"BRCA","Tcell","GSM6433604_118E",0.102201391609783
"BRCA","Tcell","GSM6433605_119B",0.056377089970283
"BRCA","Tcell","GSM6433606_119C",0.270517694338834
"BRCA","Tcell","GSM6433607_119D",0.159790396526331
"BRCA","Tcell","GSM6433608_119E",0.150613161126427
"BRCA","Tcell","GSM6433609_120B",0.340018447414461
"BRCA","Tcell","GSM6433610_120C",0.429976431733526
"BRCA","Tcell","GSM6433611_120D",0.344463547162797
"BRCA","Tcell","GSM6433612_120E",0.170546113682801
"BRCA","Tcell","GSM6433613_395A",0.0870117787780878
"BRCA","Tcell","GSM6433614_395B",0.0700406846909451
"BRCA","Tcell","GSM6433615_395C",0.211716655617473
"BRCA","Tcell","GSM6433616_395D",0.501068084870053
"BRCA","Tcell","GSM6433617_396A",0.254265630509908
"BRCA","Tcell","GSM6433618_396C",0.105134029061206
"BRCA","Tcell","GSM6433619_396D",0.12383667883122
"BRCA","Tcell","GSM6433620_397A",0.0570055967862561
"BRCA","Tcell","GSM6433621_397B",0.139893624729188
"BRCA","Tcell","GSM6433622_397C",0.42964547947758
"BRCA","Tcell","GSM6433623_397D",0.502074751003199
"BRCA","Tcell","GSM6433624_398A",0.0970719410865567
"BRCA","Tcell","GSM6433625_398B",0.110146600302878
"BRCA","Tcell","GSM6433626_398C",0.102133892600775
"BRCA","Tcell","GSM6433627_398D",0.0964478480286813
"BRCA","Tcell","GSM7757970_R1-S1",0.521560682845201
"BRCA","Tcell","GSM7757972_R1-S3",0.220061773446344
"BRCA","Tcell","GSM7757973_R1-S4",0.122688469718914
"BRCA","Tcell","GSM7757974_R1-S5",0.456309245197491
"BRCA","Tcell","GSM7757975_R1-S6",0.442608694461737
"BRCA","Tcell","GSM7757976_R2-S1",0.329734628395599
"BRCA","Tcell","GSM7757977_R2-S2",0.423703950032611
"BRCA","Tcell","GSM7757978_R2-S3",0.17578600072439
"BRCA","Tcell","GSM7757979_R2-S4",0.0773078830222036
"BRCA","Tcell","GSM7757980_R2-S5",0.499036513351418
"BRCA","Tcell","GSM7757982_R3-S2",0.318869002807474
"BRCA","Tcell","GSM7757983_R3-S3",0.157031138862708
"BRCA","Tcell","GSM7757984_R3-S4",0.389243600886382
"BRCA","Tcell","GSM7757985_R3-S5",0.108717343534095
"BRCA","Tcell","GSM7777520_A1",0.393660149055284
"BRCA","Tcell","GSM7777521_B1",0.157226175561966
"BRCA","Tcell","GSM7777522_C1",0.399800687261186
"BRCA","Tcell","GSM7777523_D1",0.0770824037218704
"BRCA","Tcell","Parent_Visium_Human_BreastCancer_201027",0.089532051959157
"BRCA","Tcell","V1_Breast_Cancer_Block_A_Section_2_200623",0.378110871428369
"BRCA","Tcell","V1_Human_Invasive_Ductal_Carcinoma_210511",0.397106027300348
"BRCA","Tcell","Visium_FFPE_Human_Breast_Cancer_210609",0.440250280099044
"BRCA","Tcell","Visium_Human_Breast_Cancer_220702",0.385930126274633
"COCA","Tcell","Ajou_Visium_P1",0.0805192080607192
"COCA","Tcell","Ajou_Visium_P2",0.346960677056567
"COCA","Tcell","Ajou_Visium_P3",0.0360914488505877
"COCA","Tcell","Ajou_Visium_P4",0.145887569935762
"COCA","Tcell","Colon_10x_Visium_SampleP2_CRC",0.18359137752457
"COCA","Tcell","GSM7058756",0.135856554000401
"COCA","Tcell","GSM7058757",0.149883007100435
"COCA","Tcell","GSM7058758",0.0953014985587052
"COCA","Tcell","GSM7058759",0.10879012843718
"COCA","Tcell","Parent_Visium_Human_ColorectalCancer_201027",0.0898276305805291
"COCA","Tcell","SN048_A121573_Rep1",0.0953949987575221
"COCA","Tcell","SN048_A121573_Rep2",0.0851893174043101
"COCA","Tcell","SN048_A416371_Rep1",0.0975342699523356
"COCA","Tcell","SN048_A416371_Rep2",0.125202795579266
"COCA","Tcell","SN123_A551763_Rep1",0.110709836679997
"COCA","Tcell","SN123_A595688_Rep1",0.112220557242377
"COCA","Tcell","SN123_A938797_Rep1_X",0.135854988156112
"COCA","Tcell","SN124_A551763_Rep2",0.109367074878097
"COCA","Tcell","SN124_A595688_Rep2",0.0992371314601003
"COCA","Tcell","SN124_A938797_Rep2",0.12956533438377
"COCA","Tcell","SN84_A120838_Rep1",0.0994954013776401
"COCA","Tcell","SN84_A120838_Rep2",0.104377358824659
"COCA","Tcell","Visium_FFPE_Human_Intestinal_Cancer_220329",0.123129143462639
"COCA","Tcell","scCRLM_Atlas_ST-colon1",0.0533844158541882
"COCA","Tcell","scCRLM_Atlas_ST-colon2",0.189990577236703
"COCA","Tcell","scCRLM_Atlas_ST-colon3",0.21297724361535
"COCA","Tcell","scCRLM_Atlas_ST-colon4",0.0916358582200143
"HNCA","Tcell","GSM5494475_HNSCC201125T04",0.164393677901326
"HNCA","Tcell","GSM5494476_HNSCC201125T05",0.133642733080046
"HNCA","Tcell","GSM5494477_HNSCC201125T07",0.119003017830823
"HNCA","Tcell","GSM5494478_HNSCC201125T10",0.0678910180603628
"HNCA","Tcell","GSM5494479_P210325T1",0.303051587688313
"HNCA","Tcell","GSM5494480_P210325T3",0.322050768967753
"HNCA","Tcell","GSM5494481_P210325T5",0.314515259626541
"HNCA","Tcell","GSM5494482_P210325T6",0.287747798885394
"HNCA","Tcell","GSM6030901_patient_1",0.429960502159906
"HNCA","Tcell","GSM6030902_patient_2",0.335809172320991
"HNCA","Tcell","GSM6339631_s1",0.313007554461056
"HNCA","Tcell","GSM6339632_s2",0.279638113539963
"HNCA","Tcell","GSM6339633_s3",0.356174200275413
"HNCA","Tcell","GSM6339634_s4",0.1620591051157
"HNCA","Tcell","GSM6339635_s5",0.0780227647356713
"HNCA","Tcell","GSM6339636_s6",0.120735358722465
"HNCA","Tcell","GSM6339637_s7",0.391628132912243
"HNCA","Tcell","GSM6339638_s8",0.406544302194004
"HNCA","Tcell","GSM6339639_s9",0.271544797492936
"HNCA","Tcell","GSM6339640_s10",0.25482376329744
"HNCA","Tcell","GSM6339641_s11",0.106650092319125
"HNCA","Tcell","GSM6339642_s12",0.142645983159341
"HNCA","Tcell","GSM6833484_Patient1",0.218111484776405
"HNCA","Tcell","GSM6833485_Patient2",0.325349756172262
"HNCA","Tcell","GSM6833486_Patient3",0.199284332092106
"HNCA","Tcell","GSM6833487_Patient4",0.141837017228603
"KICA","Tcell","GSM5924030_ffpe_c_2",0.247505103296868
"KICA","Tcell","GSM5924031_ffpe_c_3",0.436534677997966
"KICA","Tcell","GSM5924032_ffpe_c_4",0.415347756308981
"KICA","Tcell","GSM5924033_ffpe_c_7",0.255675811397617
"KICA","Tcell","GSM5924034_ffpe_c_10",0.293367981185343
"KICA","Tcell","GSM5924035_ffpe_c_20",0.32779922515818
"KICA","Tcell","GSM5924036_ffpe_c_21",0.242149006870303
"KICA","Tcell","GSM5924037_ffpe_c_34",0.475894663179099
"KICA","Tcell","GSM5924038_ffpe_c_36",0.27726215305572
"KICA","Tcell","GSM5924039_ffpe_c_39",0.230016319762065
"KICA","Tcell","GSM5924040_ffpe_c_45",0.386834883256529
"KICA","Tcell","GSM5924041_ffpe_c_51",0.330027125944863
"KICA","Tcell","GSM5924042_frozen_a_1",0.124854735360414
"KICA","Tcell","GSM5924043_frozen_a_3",0.134556291987321
"KICA","Tcell","GSM5924044_frozen_a_15",0.25637324633193
"KICA","Tcell","GSM5924045_frozen_a_17",0.120185149241576
"KICA","Tcell","GSM5924046_frozen_b_1",0.2044622709492
"KICA","Tcell","GSM5924048_frozen_b_13",0.444361877533736
"KICA","Tcell","GSM5924049_frozen_b_18",0.26484605767548
"KICA","Tcell","GSM5924050_frozen_c_2",0.233703086579453
"KICA","Tcell","GSM5924051_frozen_c_5",0.39702484439846
"KICA","Tcell","GSM5924052_frozen_c_23",0.205677919947117
"KICA","Tcell","GSM5924053_frozen_c_57",0.216731379627935
"LICA","Tcell","GSM6177612_NYU_LIHC1_Vis",0.146735654020079
"LICA","Tcell","GSM7850822_CHC20",0.103400479096982
"LICA","Tcell","HCC1R",0.243944163536718
"LICA","Tcell","HCC3R",0.145606356352187
"LICA","Tcell","HCC4R",0.152983386617509
"LICA","Tcell","HCC6NR",0.0699158090876861
"LICA","Tcell","HCC7NR",0.0471637860772262
"LICA","Tcell","HRA000437_HCC-1T",0.105418178899956
"LICA","Tcell","HRA000437_HCC-2T",0.330155144454835
"LICA","Tcell","HRA000437_HCC-3T",0.0255818174719794
"LICA","Tcell","HRA000437_HCC-4T",0.0494973078775286
"LICA","Tcell","Zenodo10119273_Tumor2",0.292575471188469
"LUCA","Tcell","CytAssist_11mm_FFPE_Human_Lung_Cancer_230214",0.164914689125445
"LUCA","Tcell","CytAssist_FFPE_Human_Lung_Squamous_Cell_Carcinoma_220714",0.234505249019194
"LUCA","Tcell","E_MTAB_13530_P10_T1",0.154345796315584
"LUCA","Tcell","E_MTAB_13530_P10_T2",0.14993800747646
"LUCA","Tcell","E_MTAB_13530_P10_T3",0.15925533042326
"LUCA","Tcell","E_MTAB_13530_P10_T4",0.152432809115104
"LUCA","Tcell","E_MTAB_13530_P11_T1",0.27956774307246
"LUCA","Tcell","E_MTAB_13530_P11_T2",0.281840734214097
"LUCA","Tcell","E_MTAB_13530_P11_T3",0.166390847843668
"LUCA","Tcell","E_MTAB_13530_P11_T4",0.171836391217594
"LUCA","Tcell","E_MTAB_13530_P15_T1",0.19097187443751
"LUCA","Tcell","E_MTAB_13530_P15_T2",0.189940874947985
"LUCA","Tcell","E_MTAB_13530_P16_T1",0.211117756553052
"LUCA","Tcell","E_MTAB_13530_P16_T2",0.214139931873923
"LUCA","Tcell","E_MTAB_13530_P17_T1",0.212421301884338
"LUCA","Tcell","E_MTAB_13530_P17_T2",0.20640047192338
"LUCA","Tcell","E_MTAB_13530_P19_T1",0.180876380186716
"LUCA","Tcell","E_MTAB_13530_P19_T2",0.179688388594729
"LUCA","Tcell","E_MTAB_13530_P24_T1",0.195542486340768
"LUCA","Tcell","E_MTAB_13530_P24_T2",0.181596191294934
"LUCA","Tcell","E_MTAB_13530_P25_T1",0.23511171615716
"LUCA","Tcell","E_MTAB_13530_P25_T2",0.238373763021375
"OVCA","Tcell","A_955_OvarianTumor",0.401305089908417
"OVCA","Tcell","A_GTFB1154_OvarianCancerTumor",0.279105699922001
"OVCA","Tcell","B_GTFB1191_OvarianCancerTumor",0.0664217361091673
"OVCA","Tcell","C_GTFB1170_SmallCellOvarianCancer",0.212970376980727
"OVCA","Tcell","CytAssist_11mm_FFPE_Human_Ovarian_Carcinoma_220715",0.0952868310349233
"OVCA","Tcell","D_GTFB1170_SmallCellOvarianCancer",0.201639840190122
"OVCA","Tcell","D_GTFB_1230_OvarianTumor",0.0885519490747504
"OVCA","Tcell","GSM6177614_NYU_OVCA1_Vis",0.155217420106709
"OVCA","Tcell","GSM6177617_NYU_OVCA3_Vis",0.180403495232954
"OVCA","Tcell","GSM6506110_SP1",0.115121951050756
"OVCA","Tcell","GSM6506111_SP2",0.29411542552469
"OVCA","Tcell","GSM6506112_SP3",0.077922565261843
"OVCA","Tcell","GSM6506113_SP4",0.0505778444741164
"OVCA","Tcell","GSM6506114_SP5",0.234017107513823
"OVCA","Tcell","GSM6506115_SP6",0.211129371840089
"OVCA","Tcell","GSM6506116_SP7",0.101645592026861
"OVCA","Tcell","GSM6506117_SP8",0.0534539030856167
"OVCA","Tcell","GSM7019835_OCCR2v",0.0668080438153492
"OVCA","Tcell","GSM7019836_OCCS3v",0.114070511809347
"OVCA","Tcell","GSM7090086_NextSeq2000",0.0934138841876485
"OVCA","Tcell","GSM7090087_NextSeq2000",0.230317375320391
"OVCA","Tcell","GSM7090088_NextSeq2000",0.221605538511458
"OVCA","Tcell","Parent_Visium_Human_OvarianCancer_201027",0.152491497481509
"OVCA","Tcell","Visium_FFPE_Human_Ovarian_Cancer_220329",0.190380094644829
"PACA","Tcell","GSM6177618_NYU_PDAC1_Vis",0.0640114406711001
"PACA","Tcell","GSM6505133_DonorA",0.1645520831511
"PACA","Tcell","GSM6505134_DonorB",0.121249066777118
"PACA","Tcell","GSM6505135_DonorC",0.114956721642913
"PACA","Tcell","GSM7421790_PDAC_1",0.321661157890678
"PACA","Tcell","GSM7421791_PDAC_2",0.187401827893981
"PACA","Tcell","GSM7421792_PDAC_3",0.0977061405219968
"PACA","Tcell","GSM7498811_SS1905133",0.156776048735523
"PACA","Tcell","GSM7498812_SS1923404",0.267766949947236
"PACA","Tcell","GSM7498813_SS1945070",0.155025861418166
"PACA","Tcell","GSM7498814_SS1960050",0.357343273286114
"PACA","Tcell","GSM7498815_SS2002154",0.148359694659887
"PACA","Tcell","GSM7498816_SS2005094",0.282285731409091
"PACA","Tcell","GSM7498817_SS2021309",0.123399178186873
"PRCA","Tcell","GSM7211257_EHU-W3",0.268087700302814
"PRCA","Tcell","V11A20-405_C1",0.0315108554293213
"PRCA","Tcell","V11A20-405_D1",0.0312992979703478
"PRCA","Tcell","V11M22-349_C1",0.0651922005061056
"PRCA","Tcell","V11M22-349_D1",0.0613748987124085
"PRCA","Tcell","Visium_FFPE_Human_Prostate_Acinar_Cell_Carcinoma_211009",0.109827059690325
"PRCA","Tcell","Visium_FFPE_Human_Prostate_Cancer_210609",0.055727776994964
"PRCA","Tcell","Visium_FFPE_Human_Prostate_IF_220713",0.0396411400263834
"SKCA","Tcell","GSE144239_GSM4565823",0.0921829276953699
"SKCA","Tcell","GSE144239_GSM4565824",0.0928057811160486
"SKCA","Tcell","GSE144239_GSM4565825",0.196463835921221
"SKCA","Tcell","GSE144239_GSM4565826",0.134476077615845
"SKCA","Tcell","V10F24-015_A1",0.0762072023574008
"SKCA","Tcell","V10F24-015_B1",0.078541779449985
"SKCA","Tcell","V10F24-015_C1",0.0756595673542532
"SKCA","Tcell","V10F24-015_D1",0.0634276255490953
"SKCA","Tcell","WSSKNKCLsp12140270",0.12551932907492
"SKCA","Tcell","WSSKNKCLsp12140271",0.152419457481439
"SKCA","Tcell","WSSKNKCLsp12140272",0.192796419564379
"SKCA","Tcell","WSSKNKCLsp12140273",0.162930466792048
"SKCA","Tcell","WSSKNKCLsp12887267",0.157902974720565
"SKCA","Tcell","WSSKNKCLsp12887268",0.119468820590177
"SKCA","Tcell","WSSKNKCLsp12887269",0.14690155960315
"SKCA","Tcell","WSSKNKCLsp12887270",0.120662428466964
"STCA","Tcell","GSE251950_20_00331_LI_SING",0.206812954136555
"STCA","Tcell","GSE251950_21_00731_LI_SING",0.389995624137792
"STCA","Tcell","GSE251950_21_00732_LI_SING",0.218100726601846
"STCA","Tcell","GSE251950_21_00733_LI_SING",0.410592571555698
"STCA","Tcell","GSE251950_21_00734_LI_SING",0.0923592661276297
"STCA","Tcell","GSE251950_21_01251_LI_SING",0.195171666270549
"STCA","Tcell","GSE251950_21_01253_LI_SING",0.105568440623126
"STCA","Tcell","GSE251950_21_01254_LI_SING",0.167564214974522
"STCA","Tcell","GSE251950_21_01675_LI_SING",0.201228847273008
"STCA","Tcell","GSM6177607_NYU_GIST1_Vis",0.18011116146704
"STCA","Tcell","GSM6177609_NYU_GIST2_Vis",0.116211299545582
"THCA","Tcell","S16_43398",0.0716108258010779
"THCA","Tcell","S20_47598",0.0612065715795802
"THCA","Tcell","S20_61122",0.0960967435215403
"THCA","Tcell","S20_63981",0.036290427335199
"THCA","Tcell","S21_10267",0.0172572798060424
"UECA","Tcell","01_034_C1d1",0.119178911829339
"UECA","Tcell","01_034_C3d1",0.079845494685719
"UECA","Tcell","01_039_C1d1",0.0934199873513479
"UECA","Tcell","01_039_C3d1",0.109025677709666
"UECA","Tcell","GSM6177623_NYU_UCEC3_Vis",0.0879618041180447
"BRCA","Bcell","1142243F",0.0581100151377285
"BRCA","Bcell","1160920F",0.126157454981654
"BRCA","Bcell","CID4290",0.0242039597660435
"BRCA","Bcell","CID4465",0.0763616991871116
"BRCA","Bcell","CID44971",0.0901104625282772
"BRCA","Bcell","CID4535",0.122396328754859
"BRCA","Bcell","CytAssist_Fresh_Frozen_Human_Breast_Cancer_230107",0.0957080352227924
"BRCA","Bcell","GSM6177599_NYU_BRCA0_Vis",0.133805534232497
"BRCA","Bcell","GSM6177603_NYU_BRCA2_Vis",0.0488977828595486
"BRCA","Bcell","GSM6433585_092A",0.0257808964564825
"BRCA","Bcell","GSM6433586_092B",0.0268599484258649
"BRCA","Bcell","GSM6433587_093A",0.0961989022424262
"BRCA","Bcell","GSM6433588_093B",0.0819593011120981
"BRCA","Bcell","GSM6433589_093C",0.0828263131858682
"BRCA","Bcell","GSM6433590_093D",0.0772224210583122
"BRCA","Bcell","GSM6433591_094A",0.0566271652458427
"BRCA","Bcell","GSM6433592_094B",0.0403572214812334
"BRCA","Bcell","GSM6433593_094C",0.0466023477758791
"BRCA","Bcell","GSM6433594_094D",0.0386218319526484
"BRCA","Bcell","GSM6433595_095A",0.0719572478930148
"BRCA","Bcell","GSM6433596_095B",0.0672587617232298
"BRCA","Bcell","GSM6433597_117B",0.0153938133740014
"BRCA","Bcell","GSM6433598_117C",0.0154562859001177
"BRCA","Bcell","GSM6433599_117D",0.0240869473869306
"BRCA","Bcell","GSM6433600_117E",0.0243307698377364
"BRCA","Bcell","GSM6433601_118B",0.0208823948428574
"BRCA","Bcell","GSM6433602_118C",0.0192880784267176
"BRCA","Bcell","GSM6433603_118D",0.0168596898203227
"BRCA","Bcell","GSM6433604_118E",0.0262580844087353
"BRCA","Bcell","GSM6433605_119B",0.0198555952460437
"BRCA","Bcell","GSM6433606_119C",0.0707246169662689
"BRCA","Bcell","GSM6433607_119D",0.0393055465390829
"BRCA","Bcell","GSM6433608_119E",0.0384777805215658
"BRCA","Bcell","GSM6433609_120B",0.0757081738237328
"BRCA","Bcell","GSM6433610_120C",0.0984286487642421
"BRCA","Bcell","GSM6433611_120D",0.0788978707394122
"BRCA","Bcell","GSM6433612_120E",0.0418012622315515
"BRCA","Bcell","GSM6433613_395A",0.0251664978005039
"BRCA","Bcell","GSM6433614_395B",0.0212576955792648
"BRCA","Bcell","GSM6433615_395C",0.0507285102904712
"BRCA","Bcell","GSM6433616_395D",0.113338479503606
"BRCA","Bcell","GSM6433617_396A",0.0575166281430735
"BRCA","Bcell","GSM6433618_396C",0.0291995200345508
"BRCA","Bcell","GSM6433619_396D",0.0320636131005134
"BRCA","Bcell","GSM6433620_397A",0.0183969918089996
"BRCA","Bcell","GSM6433621_397B",0.0407008582017073
"BRCA","Bcell","GSM6433622_397C",0.102395921156037
"BRCA","Bcell","GSM6433623_397D",0.113563727002703
"BRCA","Bcell","GSM6433624_398A",0.0278364525541357
"BRCA","Bcell","GSM6433625_398B",0.0312313235193073
"BRCA","Bcell","GSM6433626_398C",0.0241224713032391
"BRCA","Bcell","GSM6433627_398D",0.0248842333634654
"BRCA","Bcell","GSM7757970_R1-S1",0.226558315878114
"BRCA","Bcell","GSM7757972_R1-S3",0.0486646107073157
"BRCA","Bcell","GSM7757973_R1-S4",0.0319160696167108
"BRCA","Bcell","GSM7757974_R1-S5",0.102711684947315
"BRCA","Bcell","GSM7757975_R1-S6",0.116401596654908
"BRCA","Bcell","GSM7757976_R2-S1",0.0756089651572724
"BRCA","Bcell","GSM7757977_R2-S2",0.0965205531558241
"BRCA","Bcell","GSM7757978_R2-S3",0.0450089648531667
"BRCA","Bcell","GSM7757979_R2-S4",0.0243148943844559
"BRCA","Bcell","GSM7757980_R2-S5",0.110684220013353
"BRCA","Bcell","GSM7757982_R3-S2",0.0734578889186423
"BRCA","Bcell","GSM7757983_R3-S3",0.0405689244195212
"BRCA","Bcell","GSM7757984_R3-S4",0.0905272693778511
"BRCA","Bcell","GSM7757985_R3-S5",0.0314525113213317
"BRCA","Bcell","GSM7777520_A1",0.0928043294394024
"BRCA","Bcell","GSM7777521_B1",0.040087993062243
"BRCA","Bcell","GSM7777522_C1",0.0947297683850927
"BRCA","Bcell","GSM7777523_D1",0.0223029426056013
"BRCA","Bcell","Parent_Visium_Human_BreastCancer_201027",0.0262806465828819
"BRCA","Bcell","V1_Breast_Cancer_Block_A_Section_2_200623",0.0993934323260442
"BRCA","Bcell","V1_Human_Invasive_Ductal_Carcinoma_210511",0.088565762700809
"BRCA","Bcell","Visium_FFPE_Human_Breast_Cancer_210609",0.102146356406625
"BRCA","Bcell","Visium_Human_Breast_Cancer_220702",0.0857706165934737
"COCA","Bcell","Ajou_Visium_P1",0.0256903164476798
"COCA","Bcell","Ajou_Visium_P2",0.185941534829407
"COCA","Bcell","Ajou_Visium_P3",0.0117276903173549
"COCA","Bcell","Ajou_Visium_P4",0.0583533562972284
"COCA","Bcell","Colon_10x_Visium_SampleP2_CRC",0.0865750977008534
"COCA","Bcell","GSM7058756",0.0604027107783533
"COCA","Bcell","GSM7058757",0.0502745707283331
"COCA","Bcell","GSM7058758",0.0520050180933026
"COCA","Bcell","GSM7058759",0.0366292615684838
"COCA","Bcell","Parent_Visium_Human_ColorectalCancer_201027",0.0305147325103728
"COCA","Bcell","SN048_A121573_Rep1",0.0487067364441091
"COCA","Bcell","SN048_A121573_Rep2",0.042019880340535
"COCA","Bcell","SN048_A416371_Rep1",0.0375285388784192
"COCA","Bcell","SN048_A416371_Rep2",0.0502343982656439
"COCA","Bcell","SN123_A551763_Rep1",0.0336814856040065
"COCA","Bcell","SN123_A595688_Rep1",0.0540228758635545
"COCA","Bcell","SN123_A938797_Rep1_X",0.0527814135392254
"COCA","Bcell","SN124_A551763_Rep2",0.0400171405697836
"COCA","Bcell","SN124_A595688_Rep2",0.0369815569856536
"COCA","Bcell","SN124_A938797_Rep2",0.050164106061434
"COCA","Bcell","SN84_A120838_Rep1",0.0232839789147164
"COCA","Bcell","SN84_A120838_Rep2",0.0297375333518618
"COCA","Bcell","Visium_FFPE_Human_Intestinal_Cancer_220329",0.039821114006798
"COCA","Bcell","scCRLM_Atlas_ST-colon1",0.021615398930861
"COCA","Bcell","scCRLM_Atlas_ST-colon2",0.0914868526067825
"COCA","Bcell","scCRLM_Atlas_ST-colon3",0.0853371978967533
"COCA","Bcell","scCRLM_Atlas_ST-colon4",0.0483337103830088
"HNCA","Bcell","GSM5494475_HNSCC201125T04",0.08901154481696
"HNCA","Bcell","GSM5494476_HNSCC201125T05",0.0459061654060487
"HNCA","Bcell","GSM5494477_HNSCC201125T07",0.03307795473519
"HNCA","Bcell","GSM5494478_HNSCC201125T10",0.0209722888994612
"HNCA","Bcell","GSM5494479_P210325T1",0.310973760668883
"HNCA","Bcell","GSM5494480_P210325T3",0.242863124658807
"HNCA","Bcell","GSM5494481_P210325T5",0.271825149611699
"HNCA","Bcell","GSM5494482_P210325T6",0.152714980576515
"HNCA","Bcell","GSM6030901_patient_1",0.300514468888067
"HNCA","Bcell","GSM6030902_patient_2",0.394129855302514
"HNCA","Bcell","GSM6339631_s1",0.147104244215915
"HNCA","Bcell","GSM6339632_s2",0.0857878729100757
"HNCA","Bcell","GSM6339633_s3",0.108747829795043
"HNCA","Bcell","GSM6339634_s4",0.169287168224839
"HNCA","Bcell","GSM6339635_s5",0.0393891833391044
"HNCA","Bcell","GSM6339636_s6",0.0332432082511416
"HNCA","Bcell","GSM6339637_s7",0.0818278046192017
"HNCA","Bcell","GSM6339638_s8",0.0844308037212519
"HNCA","Bcell","GSM6339639_s9",0.0640640611079756
"HNCA","Bcell","GSM6339640_s10",0.0736938168774147
"HNCA","Bcell","GSM6339641_s11",0.0995591907109761
"HNCA","Bcell","GSM6339642_s12",0.0879266324741144
"HNCA","Bcell","GSM6833484_Patient1",0.369485384715184
"HNCA","Bcell","GSM6833485_Patient2",0.143653072926389
"HNCA","Bcell","GSM6833486_Patient3",0.289810446117375
"HNCA","Bcell","GSM6833487_Patient4",0.074847827005847
"KICA","Bcell","GSM5924030_ffpe_c_2",0.0724524043636744
"KICA","Bcell","GSM5924031_ffpe_c_3",0.135342881190083
"KICA","Bcell","GSM5924032_ffpe_c_4",0.146859240230269
"KICA","Bcell","GSM5924033_ffpe_c_7",0.082187835787867
"KICA","Bcell","GSM5924034_ffpe_c_10",0.100306383981064
"KICA","Bcell","GSM5924035_ffpe_c_20",0.110299628681667
"KICA","Bcell","GSM5924036_ffpe_c_21",0.0666952635871005
"KICA","Bcell","GSM5924037_ffpe_c_34",0.175525856431292
"KICA","Bcell","GSM5924038_ffpe_c_36",0.0937923318177293
"KICA","Bcell","GSM5924039_ffpe_c_39",0.0753075651080023
"KICA","Bcell","GSM5924040_ffpe_c_45",0.129963765499447
"KICA","Bcell","GSM5924041_ffpe_c_51",0.110788279898087
"KICA","Bcell","GSM5924042_frozen_a_1",0.034993430891093
"KICA","Bcell","GSM5924043_frozen_a_3",0.0403935359552576
"KICA","Bcell","GSM5924044_frozen_a_15",0.077770917743444
"KICA","Bcell","GSM5924045_frozen_a_17",0.0320818604200905
"KICA","Bcell","GSM5924046_frozen_b_1",0.0576960230455506
"KICA","Bcell","GSM5924048_frozen_b_13",0.144866376665395
"KICA","Bcell","GSM5924049_frozen_b_18",0.0882350958830052
"KICA","Bcell","GSM5924050_frozen_c_2",0.0587369385403495
"KICA","Bcell","GSM5924051_frozen_c_5",0.132740765023851
"KICA","Bcell","GSM5924052_frozen_c_23",0.0612768318212147
"KICA","Bcell","GSM5924053_frozen_c_57",0.052303483386779
"LICA","Bcell","GSM6177612_NYU_LIHC1_Vis",0.0400327787932095
"LICA","Bcell","GSM7850822_CHC20",0.0291113859450511
"LICA","Bcell","HCC1R",0.0657708809130034
"LICA","Bcell","HCC3R",0.0399802018548149
"LICA","Bcell","HCC4R",0.0434059917222354
"LICA","Bcell","HCC6NR",0.0228705319902475
"LICA","Bcell","HCC7NR",0.0141199046834083
"LICA","Bcell","HRA000437_HCC-1T",0.0289065809106918
"LICA","Bcell","HRA000437_HCC-2T",0.0893850621844269
"LICA","Bcell","HRA000437_HCC-3T",0.00837820106640125
"LICA","Bcell","HRA000437_HCC-4T",0.0145603673242955
"LICA","Bcell","Zenodo10119273_Tumor2",0.0756171646821164
"LUCA","Bcell","CytAssist_11mm_FFPE_Human_Lung_Cancer_230214",0.0561036332193113
"LUCA","Bcell","CytAssist_FFPE_Human_Lung_Squamous_Cell_Carcinoma_220714",0.0962924786714276
"LUCA","Bcell","E_MTAB_13530_P10_T1",0.0428663987162197
"LUCA","Bcell","E_MTAB_13530_P10_T2",0.0418105276352353
"LUCA","Bcell","E_MTAB_13530_P10_T3",0.047288418320551
"LUCA","Bcell","E_MTAB_13530_P10_T4",0.0453114653202427
"LUCA","Bcell","E_MTAB_13530_P11_T1",0.241226802245803
"LUCA","Bcell","E_MTAB_13530_P11_T2",0.242170569033172
"LUCA","Bcell","E_MTAB_13530_P11_T3",0.144997008298968
"LUCA","Bcell","E_MTAB_13530_P11_T4",0.142576903254624
"LUCA","Bcell","E_MTAB_13530_P15_T1",0.117771931404517
"LUCA","Bcell","E_MTAB_13530_P15_T2",0.112053167339349
"LUCA","Bcell","E_MTAB_13530_P16_T1",0.0838808992577341
"LUCA","Bcell","E_MTAB_13530_P16_T2",0.0866965370480054
"LUCA","Bcell","E_MTAB_13530_P17_T1",0.118560579811864
"LUCA","Bcell","E_MTAB_13530_P17_T2",0.115110826860827
"LUCA","Bcell","E_MTAB_13530_P19_T1",0.0972779249435307
"LUCA","Bcell","E_MTAB_13530_P19_T2",0.0939008887355719
"LUCA","Bcell","E_MTAB_13530_P24_T1",0.110703004405975
"LUCA","Bcell","E_MTAB_13530_P24_T2",0.103407834371218
"LUCA","Bcell","E_MTAB_13530_P25_T1",0.157518045739957
"LUCA","Bcell","E_MTAB_13530_P25_T2",0.162173284168918
"OVCA","Bcell","A_955_OvarianTumor",0.0786810552502799
"OVCA","Bcell","A_GTFB1154_OvarianCancerTumor",0.059605555298447
"OVCA","Bcell","B_GTFB1191_OvarianCancerTumor",0.0188445574569594
"OVCA","Bcell","C_GTFB1170_SmallCellOvarianCancer",0.0553466814614475
"OVCA","Bcell","CytAssist_11mm_FFPE_Human_Ovarian_Carcinoma_220715",0.0261595824812778
"OVCA","Bcell","D_GTFB1170_SmallCellOvarianCancer",0.0527687600088851
"OVCA","Bcell","D_GTFB_1230_OvarianTumor",0.031469155666744
"OVCA","Bcell","GSM6177614_NYU_OVCA1_Vis",0.042178395052507
"OVCA","Bcell","GSM6177617_NYU_OVCA3_Vis",0.0526079035475375
"OVCA","Bcell","GSM6506110_SP1",0.0324762354536176
"OVCA","Bcell","GSM6506111_SP2",0.0813890309179726
"OVCA","Bcell","GSM6506112_SP3",0.0221849302569719
"OVCA","Bcell","GSM6506113_SP4",0.0155616904253224
"OVCA","Bcell","GSM6506114_SP5",0.0660790762813856
"OVCA","Bcell","GSM6506115_SP6",0.0593622840548949
"OVCA","Bcell","GSM6506116_SP7",0.0304686386106428
"OVCA","Bcell","GSM6506117_SP8",0.0143400898523821
"OVCA","Bcell","GSM7019835_OCCR2v",0.0187110839627135
"OVCA","Bcell","GSM7019836_OCCS3v",0.0320862783482525
"OVCA","Bcell","GSM7090086_NextSeq2000",0.027380382906483
"OVCA","Bcell","GSM7090087_NextSeq2000",0.0593619939897026
"OVCA","Bcell","GSM7090088_NextSeq2000",0.0603831356981672
"OVCA","Bcell","Parent_Visium_Human_OvarianCancer_201027",0.0431548895692196
"OVCA","Bcell","Visium_FFPE_Human_Ovarian_Cancer_220329",0.0655300432785622
"PACA","Bcell","GSM6177618_NYU_PDAC1_Vis",0.0178904246350361
"PACA","Bcell","GSM6505133_DonorA",0.0755829388836299
"PACA","Bcell","GSM6505134_DonorB",0.0628886492250924
"PACA","Bcell","GSM6505135_DonorC",0.0493289048331602
"PACA","Bcell","GSM7421790_PDAC_1",0.261981062522647
"PACA","Bcell","GSM7421791_PDAC_2",0.11125109253476
"PACA","Bcell","GSM7421792_PDAC_3",0.0386355758673514
"PACA","Bcell","GSM7498811_SS1905133",0.0704463833669145
"PACA","Bcell","GSM7498812_SS1923404",0.182341354005505
"PACA","Bcell","GSM7498813_SS1945070",0.0932873853904812
"PACA","Bcell","GSM7498814_SS1960050",0.330788844056585
"PACA","Bcell","GSM7498815_SS2002154",0.0624346736769567
"PACA","Bcell","GSM7498816_SS2005094",0.19508487995075
"PACA","Bcell","GSM7498817_SS2021309",0.0451703342793003
"PRCA","Bcell","GSM7211257_EHU-W3",0.0550133752253727
"PRCA","Bcell","V11A20-405_C1",0.00591937367275304
"PRCA","Bcell","V11A20-405_D1",0.00645430546475781
"PRCA","Bcell","V11M22-349_C1",0.0144989499250545
"PRCA","Bcell","V11M22-349_D1",0.0136243216501031
"PRCA","Bcell","Visium_FFPE_Human_Prostate_Acinar_Cell_Carcinoma_211009",0.0266707381960705
"PRCA","Bcell","Visium_FFPE_Human_Prostate_Cancer_210609",0.0112941090251802
"PRCA","Bcell","Visium_FFPE_Human_Prostate_IF_220713",0.00877671350285973
"SKCA","Bcell","GSE144239_GSM4565823",0.0104090693176897
"SKCA","Bcell","GSE144239_GSM4565824",0.00926783813945799
"SKCA","Bcell","GSE144239_GSM4565825",0.180122489403615
"SKCA","Bcell","GSE144239_GSM4565826",0.123430768025093
"SKCA","Bcell","V10F24-015_A1",0.0438092928566788
"SKCA","Bcell","V10F24-015_B1",0.0681064000743556
"SKCA","Bcell","V10F24-015_C1",0.0395217258309937
"SKCA","Bcell","V10F24-015_D1",0.029456868742322
"SKCA","Bcell","WSSKNKCLsp12140270",0.0854036557011192
"SKCA","Bcell","WSSKNKCLsp12140271",0.0497032353881977
"SKCA","Bcell","WSSKNKCLsp12140272",0.0613999850005954
"SKCA","Bcell","WSSKNKCLsp12140273",0.19448206687217
"SKCA","Bcell","WSSKNKCLsp12887267",0.163483011136047
"SKCA","Bcell","WSSKNKCLsp12887268",0.212404214492943
"SKCA","Bcell","WSSKNKCLsp12887269",0.0575145790770407
"SKCA","Bcell","WSSKNKCLsp12887270",0.0278083081340046
"STCA","Bcell","GSE251950_20_00331_LI_SING",0.106293740641877
"STCA","Bcell","GSE251950_21_00731_LI_SING",0.217672496512674
"STCA","Bcell","GSE251950_21_00732_LI_SING",0.111455959360285
"STCA","Bcell","GSE251950_21_00733_LI_SING",0.258179611245361
"STCA","Bcell","GSE251950_21_00734_LI_SING",0.0366838977771361
"STCA","Bcell","GSE251950_21_01251_LI_SING",0.0650303778142824
"STCA","Bcell","GSE251950_21_01253_LI_SING",0.0380870239846149
"STCA","Bcell","GSE251950_21_01254_LI_SING",0.071391004525172
"STCA","Bcell","GSE251950_21_01675_LI_SING",0.0748885248666248
"STCA","Bcell","GSM6177607_NYU_GIST1_Vis",0.0694958708060571
"STCA","Bcell","GSM6177609_NYU_GIST2_Vis",0.043740376405773
"THCA","Bcell","S16_43398",0.0541653970697914
"THCA","Bcell","S20_47598",0.0360058435176743
"THCA","Bcell","S20_61122",0.0510180360853377
"THCA","Bcell","S20_63981",0.0128905354934278
"THCA","Bcell","S21_10267",0.0140700404032475
"UECA","Bcell","01_034_C1d1",0.022242868979916
"UECA","Bcell","01_034_C3d1",0.0194328565327681
"UECA","Bcell","01_039_C1d1",0.0329562956641166
"UECA","Bcell","01_039_C3d1",0.0310608228271512
"UECA","Bcell","GSM6177623_NYU_UCEC3_Vis",0.023425850482818
"BRCA","Myeloid","1142243F",0.133341270309589
"BRCA","Myeloid","1160920F",0.113464990035991
"BRCA","Myeloid","CID4290",0.0676843457133898
"BRCA","Myeloid","CID4465",0.163242851883376
"BRCA","Myeloid","CID44971",0.117562732217826
"BRCA","Myeloid","CID4535",0.124773650165949
"BRCA","Myeloid","CytAssist_Fresh_Frozen_Human_Breast_Cancer_230107",0.155770631251672
"BRCA","Myeloid","GSM6177599_NYU_BRCA0_Vis",0.121467503414685
"BRCA","Myeloid","GSM6177603_NYU_BRCA2_Vis",0.110520705776817
"BRCA","Myeloid","GSM6433585_092A",0.152282036618806
"BRCA","Myeloid","GSM6433586_092B",0.0713176664091656
"BRCA","Myeloid","GSM6433587_093A",0.114716634886125
"BRCA","Myeloid","GSM6433588_093B",0.173121758864816
"BRCA","Myeloid","GSM6433589_093C",0.116231168276784
"BRCA","Myeloid","GSM6433590_093D",0.132203939597868
"BRCA","Myeloid","GSM6433591_094A",0.168249895079447
"BRCA","Myeloid","GSM6433592_094B",0.190538621651222
"BRCA","Myeloid","GSM6433593_094C",0.1959399622343
"BRCA","Myeloid","GSM6433594_094D",0.218318575465346
"BRCA","Myeloid","GSM6433595_095A",0.144857843154645
"BRCA","Myeloid","GSM6433596_095B",0.139130306816292
"BRCA","Myeloid","GSM6433597_117B",0.0427626150509486
"BRCA","Myeloid","GSM6433598_117C",0.0446185488741238
"BRCA","Myeloid","GSM6433599_117D",0.0984292533932251
"BRCA","Myeloid","GSM6433600_117E",0.0859240776155105
"BRCA","Myeloid","GSM6433601_118B",0.0850783896225383
"BRCA","Myeloid","GSM6433602_118C",0.073991258154781
"BRCA","Myeloid","GSM6433603_118D",0.140309876025914
"BRCA","Myeloid","GSM6433604_118E",0.165006499240709
"BRCA","Myeloid","GSM6433605_119B",0.087953329870696
"BRCA","Myeloid","GSM6433606_119C",0.124586998047358
"BRCA","Myeloid","GSM6433607_119D",0.168809310104264
"BRCA","Myeloid","GSM6433608_119E",0.118264130478764
"BRCA","Myeloid","GSM6433609_120B",0.314036672015989
"BRCA","Myeloid","GSM6433610_120C",0.21816307255889
"BRCA","Myeloid","GSM6433611_120D",0.264573804500304
"BRCA","Myeloid","GSM6433612_120E",0.103645692385374
"BRCA","Myeloid","GSM6433613_395A",0.125543691683588
"BRCA","Myeloid","GSM6433614_395B",0.0955038913208309
"BRCA","Myeloid","GSM6433615_395C",0.24408483995984
"BRCA","Myeloid","GSM6433616_395D",0.172122144830666
"BRCA","Myeloid","GSM6433617_396A",0.159035811306625
"BRCA","Myeloid","GSM6433618_396C",0.0977238082131742
"BRCA","Myeloid","GSM6433619_396D",0.0730098518233142
"BRCA","Myeloid","GSM6433620_397A",0.0563534030011388
"BRCA","Myeloid","GSM6433621_397B",0.0904506463456918
"BRCA","Myeloid","GSM6433622_397C",0.188587980843557
"BRCA","Myeloid","GSM6433623_397D",0.121282298512866
"BRCA","Myeloid","GSM6433624_398A",0.0834738395222345
"BRCA","Myeloid","GSM6433625_398B",0.102730014410999
"BRCA","Myeloid","GSM6433626_398C",0.335788720583508
"BRCA","Myeloid","GSM6433627_398D",0.226212960527485
"BRCA","Myeloid","GSM7757970_R1-S1",0.088401630294037
"BRCA","Myeloid","GSM7757972_R1-S3",0.110862061530535
"BRCA","Myeloid","GSM7757973_R1-S4",0.0775812648338223
"BRCA","Myeloid","GSM7757974_R1-S5",0.141287048405733
"BRCA","Myeloid","GSM7757975_R1-S6",0.110065132545692
"BRCA","Myeloid","GSM7757976_R2-S1",0.118608993536009
"BRCA","Myeloid","GSM7757977_R2-S2",0.1002448015523
"BRCA","Myeloid","GSM7757978_R2-S3",0.102490467890177
"BRCA","Myeloid","GSM7757979_R2-S4",0.0404728132460952
"BRCA","Myeloid","GSM7757980_R2-S5",0.0998109165806946
"BRCA","Myeloid","GSM7757982_R3-S2",0.0864284461709905
"BRCA","Myeloid","GSM7757983_R3-S3",0.0611521117709133
"BRCA","Myeloid","GSM7757984_R3-S4",0.116215390157655
"BRCA","Myeloid","GSM7757985_R3-S5",0.0864308753527291
"BRCA","Myeloid","GSM7777520_A1",0.121618919057728
"BRCA","Myeloid","GSM7777521_B1",0.156272933307737
"BRCA","Myeloid","GSM7777522_C1",0.128467849024369
"BRCA","Myeloid","GSM7777523_D1",0.187981684638479
"BRCA","Myeloid","Parent_Visium_Human_BreastCancer_201027",0.0650626816686106
"BRCA","Myeloid","V1_Breast_Cancer_Block_A_Section_2_200623",0.140953833055811
"BRCA","Myeloid","V1_Human_Invasive_Ductal_Carcinoma_210511",0.139011722903464
"BRCA","Myeloid","Visium_FFPE_Human_Breast_Cancer_210609",0.176147885534851
"BRCA","Myeloid","Visium_Human_Breast_Cancer_220702",0.156978157153093
"COCA","Myeloid","Ajou_Visium_P1",0.0359388168756979
"COCA","Myeloid","Ajou_Visium_P2",0.0577319834893817
"COCA","Myeloid","Ajou_Visium_P3",0.0134392242709686
"COCA","Myeloid","Ajou_Visium_P4",0.0468462341191289
"COCA","Myeloid","Colon_10x_Visium_SampleP2_CRC",0.06407805585528
"COCA","Myeloid","GSM7058756",0.0582999635118325
"COCA","Myeloid","GSM7058757",0.0668628366929017
"COCA","Myeloid","GSM7058758",0.0291066643303583
"COCA","Myeloid","GSM7058759",0.0467193200378236
"COCA","Myeloid","Parent_Visium_Human_ColorectalCancer_201027",0.0572299831522963
"COCA","Myeloid","SN048_A121573_Rep1",0.0287209147523426
"COCA","Myeloid","SN048_A121573_Rep2",0.0304421521001869
"COCA","Myeloid","SN048_A416371_Rep1",0.0423665950740054
"COCA","Myeloid","SN048_A416371_Rep2",0.0540417778122717
"COCA","Myeloid","SN123_A551763_Rep1",0.0613864316294152
"COCA","Myeloid","SN123_A595688_Rep1",0.0374424000991387
"COCA","Myeloid","SN123_A938797_Rep1_X",0.0559440553227109
"COCA","Myeloid","SN124_A551763_Rep2",0.047696025474493
"COCA","Myeloid","SN124_A595688_Rep2",0.0436013675571444
"COCA","Myeloid","SN124_A938797_Rep2",0.0697314046298455
"COCA","Myeloid","SN84_A120838_Rep1",0.0761187984234867
"COCA","Myeloid","SN84_A120838_Rep2",0.0516067403247262
"COCA","Myeloid","Visium_FFPE_Human_Intestinal_Cancer_220329",0.0658944696700732
"COCA","Myeloid","scCRLM_Atlas_ST-colon1",0.0207923097124525
"COCA","Myeloid","scCRLM_Atlas_ST-colon2",0.0418103648560004
"COCA","Myeloid","scCRLM_Atlas_ST-colon3",0.0704070820223467
"COCA","Myeloid","scCRLM_Atlas_ST-colon4",0.0286554325909735
"HNCA","Myeloid","GSM5494475_HNSCC201125T04",0.093186487199646
"HNCA","Myeloid","GSM5494476_HNSCC201125T05",0.0839658473593205
"HNCA","Myeloid","GSM5494477_HNSCC201125T07",0.0463770266960909
"HNCA","Myeloid","GSM5494478_HNSCC201125T10",0.0213718598152201
"HNCA","Myeloid","GSM5494479_P210325T1",0.0762587104462809
"HNCA","Myeloid","GSM5494480_P210325T3",0.0877443441873202
"HNCA","Myeloid","GSM5494481_P210325T5",0.0826871502985663
"HNCA","Myeloid","GSM5494482_P210325T6",0.089701500379845
"HNCA","Myeloid","GSM6030901_patient_1",0.0971861502100557
"HNCA","Myeloid","GSM6030902_patient_2",0.0897481760531764
"HNCA","Myeloid","GSM6339631_s1",0.10334041649916
"HNCA","Myeloid","GSM6339632_s2",0.105863508681296
"HNCA","Myeloid","GSM6339633_s3",0.126081351927941
"HNCA","Myeloid","GSM6339634_s4",0.0631143144341705
"HNCA","Myeloid","GSM6339635_s5",0.0488043923538657
"HNCA","Myeloid","GSM6339636_s6",0.0389850325118434
"HNCA","Myeloid","GSM6339637_s7",0.128681152899293
"HNCA","Myeloid","GSM6339638_s8",0.137273107206982
"HNCA","Myeloid","GSM6339639_s9",0.0942196168055393
"HNCA","Myeloid","GSM6339640_s10",0.093797369503809
"HNCA","Myeloid","GSM6339641_s11",0.0270535352778124
"HNCA","Myeloid","GSM6339642_s12",0.0464812150228788
"HNCA","Myeloid","GSM6833484_Patient1",0.06233979525278
"HNCA","Myeloid","GSM6833485_Patient2",0.119494197581614
"HNCA","Myeloid","GSM6833486_Patient3",0.043067967266571
"HNCA","Myeloid","GSM6833487_Patient4",0.0915086693512516
"KICA","Myeloid","GSM5924030_ffpe_c_2",0.251257980208663
"KICA","Myeloid","GSM5924031_ffpe_c_3",0.268237873887769
"KICA","Myeloid","GSM5924032_ffpe_c_4",0.0859995781632345
"KICA","Myeloid","GSM5924033_ffpe_c_7",0.0987124605971746
"KICA","Myeloid","GSM5924034_ffpe_c_10",0.0659645789152609
"KICA","Myeloid","GSM5924035_ffpe_c_20",0.0854285510873907
"KICA","Myeloid","GSM5924036_ffpe_c_21",0.178941161185408
"KICA","Myeloid","GSM5924037_ffpe_c_34",0.112567409872505
"KICA","Myeloid","GSM5924038_ffpe_c_36",0.0782551514729961
"KICA","Myeloid","GSM5924039_ffpe_c_39",0.0849074539464152
"KICA","Myeloid","GSM5924040_ffpe_c_45",0.0849782564639192
"KICA","Myeloid","GSM5924041_ffpe_c_51",0.0791613023997062
"KICA","Myeloid","GSM5924042_frozen_a_1",0.0933740171677506
"KICA","Myeloid","GSM5924043_frozen_a_3",0.0877768379620236
"KICA","Myeloid","GSM5924044_frozen_a_15",0.138868721982765
"KICA","Myeloid","GSM5924045_frozen_a_17",0.0983392460304043
"KICA","Myeloid","GSM5924046_frozen_b_1",0.201540584332987
"KICA","Myeloid","GSM5924048_frozen_b_13",0.143288127323029
"KICA","Myeloid","GSM5924049_frozen_b_18",0.264584874632209
"KICA","Myeloid","GSM5924050_frozen_c_2",0.265292106887933
"KICA","Myeloid","GSM5924051_frozen_c_5",0.122459061233422
"KICA","Myeloid","GSM5924052_frozen_c_23",0.138613464001307
"KICA","Myeloid","GSM5924053_frozen_c_57",0.255624035613187
"LICA","Myeloid","GSM6177612_NYU_LIHC1_Vis",0.0442408680783501
"LICA","Myeloid","GSM7850822_CHC20",0.0332457977745377
"LICA","Myeloid","HCC1R",0.0709244104229579
"LICA","Myeloid","HCC3R",0.0429553197405796
"LICA","Myeloid","HCC4R",0.049701386491222
"LICA","Myeloid","HCC6NR",0.0239242478465472
"LICA","Myeloid","HCC7NR",0.0156016947598453
"LICA","Myeloid","HRA000437_HCC-1T",0.0316687863314616
"LICA","Myeloid","HRA000437_HCC-2T",0.10697483668928
"LICA","Myeloid","HRA000437_HCC-3T",0.00832903105404034
"LICA","Myeloid","HRA000437_HCC-4T",0.0162556775103019
"LICA","Myeloid","Zenodo10119273_Tumor2",0.0779519517543589
"LUCA","Myeloid","CytAssist_11mm_FFPE_Human_Lung_Cancer_230214",0.102813773270901
"LUCA","Myeloid","CytAssist_FFPE_Human_Lung_Squamous_Cell_Carcinoma_220714",0.167561499239265
"LUCA","Myeloid","E_MTAB_13530_P10_T1",0.0832175174673842
"LUCA","Myeloid","E_MTAB_13530_P10_T2",0.0806330415294543
"LUCA","Myeloid","E_MTAB_13530_P10_T3",0.0867047955034303
"LUCA","Myeloid","E_MTAB_13530_P10_T4",0.0821367283080195
"LUCA","Myeloid","E_MTAB_13530_P11_T1",0.129776629509564
"LUCA","Myeloid","E_MTAB_13530_P11_T2",0.131430711837428
"LUCA","Myeloid","E_MTAB_13530_P11_T3",0.104662970994046
"LUCA","Myeloid","E_MTAB_13530_P11_T4",0.111083543899435
"LUCA","Myeloid","E_MTAB_13530_P15_T1",0.106966161728727
"LUCA","Myeloid","E_MTAB_13530_P15_T2",0.116814386890809
"LUCA","Myeloid","E_MTAB_13530_P16_T1",0.169235929507664
"LUCA","Myeloid","E_MTAB_13530_P16_T2",0.178183631386117
"LUCA","Myeloid","E_MTAB_13530_P17_T1",0.171420590555936
"LUCA","Myeloid","E_MTAB_13530_P17_T2",0.165841224477745
"LUCA","Myeloid","E_MTAB_13530_P19_T1",0.147427014178279
"LUCA","Myeloid","E_MTAB_13530_P19_T2",0.142978292637918
"LUCA","Myeloid","E_MTAB_13530_P24_T1",0.154540712846338
"LUCA","Myeloid","E_MTAB_13530_P24_T2",0.140575811579907
"LUCA","Myeloid","E_MTAB_13530_P25_T1",0.110735815754674
"LUCA","Myeloid","E_MTAB_13530_P25_T2",0.120758603598275
"OVCA","Myeloid","A_955_OvarianTumor",0.0966847092466251
"OVCA","Myeloid","A_GTFB1154_OvarianCancerTumor",0.196392477801648
"OVCA","Myeloid","B_GTFB1191_OvarianCancerTumor",0.0508348579177973
"OVCA","Myeloid","C_GTFB1170_SmallCellOvarianCancer",0.183122128273344
"OVCA","Myeloid","CytAssist_11mm_FFPE_Human_Ovarian_Carcinoma_220715",0.0655881806237168
"OVCA","Myeloid","D_GTFB1170_SmallCellOvarianCancer",0.169329788273147
"OVCA","Myeloid","D_GTFB_1230_OvarianTumor",0.0546280529412788
"OVCA","Myeloid","GSM6177614_NYU_OVCA1_Vis",0.115375934214333
"OVCA","Myeloid","GSM6177617_NYU_OVCA3_Vis",0.12615078791655
"OVCA","Myeloid","GSM6506110_SP1",0.082983870581723
"OVCA","Myeloid","GSM6506111_SP2",0.240152788527099
"OVCA","Myeloid","GSM6506112_SP3",0.0547118404286998
"OVCA","Myeloid","GSM6506113_SP4",0.0313253821006748
"OVCA","Myeloid","GSM6506114_SP5",0.195353107188912
"OVCA","Myeloid","GSM6506115_SP6",0.189465557080865
"OVCA","Myeloid","GSM6506116_SP7",0.068879990682049
"OVCA","Myeloid","GSM6506117_SP8",0.040285804590548
"OVCA","Myeloid","GSM7019835_OCCR2v",0.0479052014524352
"OVCA","Myeloid","GSM7019836_OCCS3v",0.0822975767296803
"OVCA","Myeloid","GSM7090086_NextSeq2000",0.0646130354852766
"OVCA","Myeloid","GSM7090087_NextSeq2000",0.16211649611954
"OVCA","Myeloid","GSM7090088_NextSeq2000",0.164010191306629
"OVCA","Myeloid","Parent_Visium_Human_OvarianCancer_201027",0.108483838870943
"OVCA","Myeloid","Visium_FFPE_Human_Ovarian_Cancer_220329",0.147763556459283
"PACA","Myeloid","GSM6177618_NYU_PDAC1_Vis",0.0651234194827261
"PACA","Myeloid","GSM6505133_DonorA",0.165570285560129
"PACA","Myeloid","GSM6505134_DonorB",0.0639729950855641
"PACA","Myeloid","GSM6505135_DonorC",0.0964701797717197
"PACA","Myeloid","GSM7421790_PDAC_1",0.0344598162527433
"PACA","Myeloid","GSM7421791_PDAC_2",0.0817565408658522
"PACA","Myeloid","GSM7421792_PDAC_3",0.0717610000999296
"PACA","Myeloid","GSM7498811_SS1905133",0.153397900299345
"PACA","Myeloid","GSM7498812_SS1923404",0.0704678552136908
"PACA","Myeloid","GSM7498813_SS1945070",0.08290066514781
"PACA","Myeloid","GSM7498814_SS1960050",0.0275189487538182
"PACA","Myeloid","GSM7498815_SS2002154",0.0789839166813967
"PACA","Myeloid","GSM7498816_SS2005094",0.0854380393260625
"PACA","Myeloid","GSM7498817_SS2021309",0.0638168603027994
"PRCA","Myeloid","GSM7211257_EHU-W3",0.186400510750772
"PRCA","Myeloid","V11A20-405_C1",0.0128860653101272
"PRCA","Myeloid","V11A20-405_D1",0.0128255531581289
"PRCA","Myeloid","V11M22-349_C1",0.0320498219569265
"PRCA","Myeloid","V11M22-349_D1",0.0286025263062907
"PRCA","Myeloid","Visium_FFPE_Human_Prostate_Acinar_Cell_Carcinoma_211009",0.042537845763755
"PRCA","Myeloid","Visium_FFPE_Human_Prostate_Cancer_210609",0.0238658778874631
"PRCA","Myeloid","Visium_FFPE_Human_Prostate_IF_220713",0.0185880244470897
"SKCA","Myeloid","GSE144239_GSM4565823",0.015437766097189
"SKCA","Myeloid","GSE144239_GSM4565824",0.0123995208431923
"SKCA","Myeloid","GSE144239_GSM4565825",0.0394227259091674
"SKCA","Myeloid","GSE144239_GSM4565826",0.027857220614717
"SKCA","Myeloid","V10F24-015_A1",0.0306297779038629
"SKCA","Myeloid","V10F24-015_B1",0.033188028168324
"SKCA","Myeloid","V10F24-015_C1",0.0318702079602412
"SKCA","Myeloid","V10F24-015_D1",0.0334132593768166
"SKCA","Myeloid","WSSKNKCLsp12140270",0.0381290329674936
"SKCA","Myeloid","WSSKNKCLsp12140271",0.0565705816654492
"SKCA","Myeloid","WSSKNKCLsp12140272",0.0579721360796942
"SKCA","Myeloid","WSSKNKCLsp12140273",0.0479817311606578
"SKCA","Myeloid","WSSKNKCLsp12887267",0.040185803049764
"SKCA","Myeloid","WSSKNKCLsp12887268",0.0350021012280635
"SKCA","Myeloid","WSSKNKCLsp12887269",0.0600371673120415
"SKCA","Myeloid","WSSKNKCLsp12887270",0.0292073055685751
"STCA","Myeloid","GSE251950_20_00331_LI_SING",0.0795172939266345
"STCA","Myeloid","GSE251950_21_00731_LI_SING",0.0715972317020561
"STCA","Myeloid","GSE251950_21_00732_LI_SING",0.0349086405319331
"STCA","Myeloid","GSE251950_21_00733_LI_SING",0.0519092168454045
"STCA","Myeloid","GSE251950_21_00734_LI_SING",0.0262859603645643
"STCA","Myeloid","GSE251950_21_01251_LI_SING",0.0414315417778511
"STCA","Myeloid","GSE251950_21_01253_LI_SING",0.0216396535464827
"STCA","Myeloid","GSE251950_21_01254_LI_SING",0.0437042927780123
"STCA","Myeloid","GSE251950_21_01675_LI_SING",0.0315399008582641
"STCA","Myeloid","GSM6177607_NYU_GIST1_Vis",0.0402617162201982
"STCA","Myeloid","GSM6177609_NYU_GIST2_Vis",0.0252147392603999
"THCA","Myeloid","S16_43398",0.0580777948502004
"THCA","Myeloid","S20_47598",0.0390297123784516
"THCA","Myeloid","S20_61122",0.0792332872928836
"THCA","Myeloid","S20_63981",0.0576980719019135
"THCA","Myeloid","S21_10267",0.00676600738448275
"UECA","Myeloid","01_034_C1d1",0.0904934811087877
"UECA","Myeloid","01_034_C3d1",0.077411110697375
"UECA","Myeloid","01_039_C1d1",0.0476324164548107
"UECA","Myeloid","01_039_C3d1",0.0635949223645081
"UECA","Myeloid","GSM6177623_NYU_UCEC3_Vis",0.0453636356794232
"BRCA","Endothelial","1142243F",0.0416250635047886
"BRCA","Endothelial","1160920F",0.0432471139437874
"BRCA","Endothelial","CID4290",0.0535384755271486
"BRCA","Endothelial","CID4465",0.0815631255376785
"BRCA","Endothelial","CID44971",0.0523815220503345
"BRCA","Endothelial","CID4535",0.0468847318462029
"BRCA","Endothelial","CytAssist_Fresh_Frozen_Human_Breast_Cancer_230107",0.100607660421801
"BRCA","Endothelial","GSM6177599_NYU_BRCA0_Vis",0.0605532968775747
"BRCA","Endothelial","GSM6177603_NYU_BRCA2_Vis",0.070226389286824
"BRCA","Endothelial","GSM6433585_092A",0.0856395381388813
"BRCA","Endothelial","GSM6433586_092B",0.0550022617057469
"BRCA","Endothelial","GSM6433587_093A",0.0525672956047895
"BRCA","Endothelial","GSM6433588_093B",0.0473988630065936
"BRCA","Endothelial","GSM6433589_093C",0.077657482326252
"BRCA","Endothelial","GSM6433590_093D",0.0688326350482828
"BRCA","Endothelial","GSM6433591_094A",0.0265516666961786
"BRCA","Endothelial","GSM6433592_094B",0.036438439880063
"BRCA","Endothelial","GSM6433593_094C",0.0842094759183168
"BRCA","Endothelial","GSM6433594_094D",0.0993440457925142
"BRCA","Endothelial","GSM6433595_095A",0.0633476847112818
"BRCA","Endothelial","GSM6433596_095B",0.0885928217674517
"BRCA","Endothelial","GSM6433597_117B",0.140987742744172
"BRCA","Endothelial","GSM6433598_117C",0.127978697233643
"BRCA","Endothelial","GSM6433599_117D",0.0538171107820906
"BRCA","Endothelial","GSM6433600_117E",0.0531482548163254
"BRCA","Endothelial","GSM6433601_118B",0.0650352153263906
"BRCA","Endothelial","GSM6433602_118C",0.0618708107913655
"BRCA","Endothelial","GSM6433603_118D",0.186146339766055
"BRCA","Endothelial","GSM6433604_118E",0.102219569802606
"BRCA","Endothelial","GSM6433605_119B",0.0425794041584858
"BRCA","Endothelial","GSM6433606_119C",0.0502237096309686
"BRCA","Endothelial","GSM6433607_119D",0.0228159660146239
"BRCA","Endothelial","GSM6433608_119E",0.0249397597647361
"BRCA","Endothelial","GSM6433609_120B",0.0302201228632939
"BRCA","Endothelial","GSM6433610_120C",0.0414412584167115
"BRCA","Endothelial","GSM6433611_120D",0.0573506990013582
"BRCA","Endothelial","GSM6433612_120E",0.0406106141364855
"BRCA","Endothelial","GSM6433613_395A",0.124564825303873
"BRCA","Endothelial","GSM6433614_395B",0.06466905345922
"BRCA","Endothelial","GSM6433615_395C",0.0537485582840497
"BRCA","Endothelial","GSM6433616_395D",0.0395459558842672
"BRCA","Endothelial","GSM6433617_396A",0.0306206491222202
"BRCA","Endothelial","GSM6433618_396C",0.0363239840924075
"BRCA","Endothelial","GSM6433619_396D",0.0283119907967968
"BRCA","Endothelial","GSM6433620_397A",0.0988589342728463
"BRCA","Endothelial","GSM6433621_397B",0.104072783916002
"BRCA","Endothelial","GSM6433622_397C",0.0347500245400868
"BRCA","Endothelial","GSM6433623_397D",0.0645851259682855
"BRCA","Endothelial","GSM6433624_398A",0.0846723465271785
"BRCA","Endothelial","GSM6433625_398B",0.072001271900714
"BRCA","Endothelial","GSM6433626_398C",0.0632620546946203
"BRCA","Endothelial","GSM6433627_398D",0.0600089010030384
"BRCA","Endothelial","GSM7757970_R1-S1",0.0205190746772273
"BRCA","Endothelial","GSM7757972_R1-S3",0.0853383874569018
"BRCA","Endothelial","GSM7757973_R1-S4",0.0728758600908129
"BRCA","Endothelial","GSM7757974_R1-S5",0.0405565153161697
"BRCA","Endothelial","GSM7757975_R1-S6",0.0377526688575353
"BRCA","Endothelial","GSM7757976_R2-S1",0.0552475464896715
"BRCA","Endothelial","GSM7757977_R2-S2",0.0403120637226912
"BRCA","Endothelial","GSM7757978_R2-S3",0.0482064281522327
"BRCA","Endothelial","GSM7757979_R2-S4",0.027252787770647
"BRCA","Endothelial","GSM7757980_R2-S5",0.0436567514796468
"BRCA","Endothelial","GSM7757982_R3-S2",0.0726208326750826
"BRCA","Endothelial","GSM7757983_R3-S3",0.050544145745133
"BRCA","Endothelial","GSM7757984_R3-S4",0.0450120828739371
"BRCA","Endothelial","GSM7757985_R3-S5",0.0997745665507515
"BRCA","Endothelial","GSM7777520_A1",0.137410413728965
"BRCA","Endothelial","GSM7777521_B1",0.0836913940034
"BRCA","Endothelial","GSM7777522_C1",0.0517927511856154
"BRCA","Endothelial","GSM7777523_D1",0.0550070349909195
"BRCA","Endothelial","Parent_Visium_Human_BreastCancer_201027",0.0708265803463713
"BRCA","Endothelial","V1_Breast_Cancer_Block_A_Section_2_200623",0.0493436038889968
"BRCA","Endothelial","V1_Human_Invasive_Ductal_Carcinoma_210511",0.0453035995502394
"BRCA","Endothelial","Visium_FFPE_Human_Breast_Cancer_210609",0.0486039474115188
"BRCA","Endothelial","Visium_Human_Breast_Cancer_220702",0.0487600704238691
"COCA","Endothelial","Ajou_Visium_P1",0.039227068632792
"COCA","Endothelial","Ajou_Visium_P2",0.0399420434258654
"COCA","Endothelial","Ajou_Visium_P3",0.0143420386936233
"COCA","Endothelial","Ajou_Visium_P4",0.0560985127092929
"COCA","Endothelial","Colon_10x_Visium_SampleP2_CRC",0.0605710882406114
"COCA","Endothelial","GSM7058756",0.0551538248406617
"COCA","Endothelial","GSM7058757",0.0774271433563223
"COCA","Endothelial","GSM7058758",0.0244518903899408
"COCA","Endothelial","GSM7058759",0.0551034388687901
"COCA","Endothelial","Parent_Visium_Human_ColorectalCancer_201027",0.0323973907348297
"COCA","Endothelial","SN048_A121573_Rep1",0.0227996193184838
"COCA","Endothelial","SN048_A121573_Rep2",0.0255458688986402
"COCA","Endothelial","SN048_A416371_Rep1",0.028191905172808
"COCA","Endothelial","SN048_A416371_Rep2",0.0338578504677597
"COCA","Endothelial","SN123_A551763_Rep1",0.0386936444670582
"COCA","Endothelial","SN123_A595688_Rep1",0.0326999735166026
"COCA","Endothelial","SN123_A938797_Rep1_X",0.0422381853449741
"COCA","Endothelial","SN124_A551763_Rep2",0.041058195178915
"COCA","Endothelial","SN124_A595688_Rep2",0.0454796368551913
"COCA","Endothelial","SN124_A938797_Rep2",0.0399878689788041
"COCA","Endothelial","SN84_A120838_Rep1",0.0394829537714022
"COCA","Endothelial","SN84_A120838_Rep2",0.0560688359817312
"COCA","Endothelial","Visium_FFPE_Human_Intestinal_Cancer_220329",0.038380470051402
"COCA","Endothelial","scCRLM_Atlas_ST-colon1",0.0202659562509766
"COCA","Endothelial","scCRLM_Atlas_ST-colon2",0.042047034538778
"COCA","Endothelial","scCRLM_Atlas_ST-colon3",0.0630376270071034
"COCA","Endothelial","scCRLM_Atlas_ST-colon4",0.0291664002505194
"HNCA","Endothelial","GSM5494475_HNSCC201125T04",0.0884327328263686
"HNCA","Endothelial","GSM5494476_HNSCC201125T05",0.116009328984936
"HNCA","Endothelial","GSM5494477_HNSCC201125T07",0.0243714906376547
"HNCA","Endothelial","GSM5494478_HNSCC201125T10",0.0165201865529854
"HNCA","Endothelial","GSM5494479_P210325T1",0.0257930431789183
"HNCA","Endothelial","GSM5494480_P210325T3",0.0223224821059159
"HNCA","Endothelial","GSM5494481_P210325T5",0.020494949687992
"HNCA","Endothelial","GSM5494482_P210325T6",0.0274587125525272
"HNCA","Endothelial","GSM6030901_patient_1",0.0191588393251893
"HNCA","Endothelial","GSM6030902_patient_2",0.016312996538171
"HNCA","Endothelial","GSM6339631_s1",0.0427898228342458
"HNCA","Endothelial","GSM6339632_s2",0.045685073732121
"HNCA","Endothelial","GSM6339633_s3",0.0422661965242601
"HNCA","Endothelial","GSM6339634_s4",0.0629084379358648
"HNCA","Endothelial","GSM6339635_s5",0.068308977609685
"HNCA","Endothelial","GSM6339636_s6",0.017545756759676
"HNCA","Endothelial","GSM6339637_s7",0.0235594705383756
"HNCA","Endothelial","GSM6339638_s8",0.0296472951406136
"HNCA","Endothelial","GSM6339639_s9",0.0301468755002885
"HNCA","Endothelial","GSM6339640_s10",0.0339874470109224
"HNCA","Endothelial","GSM6339641_s11",0.01971469547053
"HNCA","Endothelial","GSM6339642_s12",0.0289170572682724
"HNCA","Endothelial","GSM6833484_Patient1",0.0447223055071159
"HNCA","Endothelial","GSM6833485_Patient2",0.0443594190904769
"HNCA","Endothelial","GSM6833486_Patient3",0.0249534711188043
"HNCA","Endothelial","GSM6833487_Patient4",0.093146040072473
"KICA","Endothelial","GSM5924030_ffpe_c_2",0.0322016347071857
"KICA","Endothelial","GSM5924031_ffpe_c_3",0.0247472869830534
"KICA","Endothelial","GSM5924032_ffpe_c_4",0.0665322136539352
"KICA","Endothelial","GSM5924033_ffpe_c_7",0.0689661122671445
"KICA","Endothelial","GSM5924034_ffpe_c_10",0.069059025068767
"KICA","Endothelial","GSM5924035_ffpe_c_20",0.12384098757933
"KICA","Endothelial","GSM5924036_ffpe_c_21",0.0424688904602424
"KICA","Endothelial","GSM5924037_ffpe_c_34",0.031062082858271
"KICA","Endothelial","GSM5924038_ffpe_c_36",0.0666504264635717
"KICA","Endothelial","GSM5924039_ffpe_c_39",0.0876978516753481
"KICA","Endothelial","GSM5924040_ffpe_c_45",0.0646552580517214
"KICA","Endothelial","GSM5924041_ffpe_c_51",0.0811037015047778
"KICA","Endothelial","GSM5924042_frozen_a_1",0.195705886139709
"KICA","Endothelial","GSM5924043_frozen_a_3",0.0824499190353143
"KICA","Endothelial","GSM5924044_frozen_a_15",0.0544228085516239
"KICA","Endothelial","GSM5924045_frozen_a_17",0.148761664657681
"KICA","Endothelial","GSM5924046_frozen_b_1",0.0980688947927583
"KICA","Endothelial","GSM5924048_frozen_b_13",0.0268161383963869
"KICA","Endothelial","GSM5924049_frozen_b_18",0.0992664563615022
"KICA","Endothelial","GSM5924050_frozen_c_2",0.0468781926548226
"KICA","Endothelial","GSM5924051_frozen_c_5",0.0533488586179385
"KICA","Endothelial","GSM5924052_frozen_c_23",0.0842678146519338
"KICA","Endothelial","GSM5924053_frozen_c_57",0.0832261358564498
"LICA","Endothelial","GSM6177612_NYU_LIHC1_Vis",0.0333632257313029
"LICA","Endothelial","GSM7850822_CHC20",0.0288051851103105
"LICA","Endothelial","HCC1R",0.0524396939110866
"LICA","Endothelial","HCC3R",0.0358045535540514
"LICA","Endothelial","HCC4R",0.0368958462465949
"LICA","Endothelial","HCC6NR",0.0285279843620926
"LICA","Endothelial","HCC7NR",0.0158696601285995
"LICA","Endothelial","HRA000437_HCC-1T",0.0293411497191689
"LICA","Endothelial","HRA000437_HCC-2T",0.0797561469868642
"LICA","Endothelial","HRA000437_HCC-3T",0.0125166719747355
"LICA","Endothelial","HRA000437_HCC-4T",0.0158133597789683
"LICA","Endothelial","Zenodo10119273_Tumor2",0.0661019928216199
"LUCA","Endothelial","CytAssist_11mm_FFPE_Human_Lung_Cancer_230214",0.174388877342177
"LUCA","Endothelial","CytAssist_FFPE_Human_Lung_Squamous_Cell_Carcinoma_220714",0.165271004398801
"LUCA","Endothelial","E_MTAB_13530_P10_T1",0.23591943517931
"LUCA","Endothelial","E_MTAB_13530_P10_T2",0.231653521548994
"LUCA","Endothelial","E_MTAB_13530_P10_T3",0.238178062127114
"LUCA","Endothelial","E_MTAB_13530_P10_T4",0.227530729887107
"LUCA","Endothelial","E_MTAB_13530_P11_T1",0.100235984156038
"LUCA","Endothelial","E_MTAB_13530_P11_T2",0.109261053402802
"LUCA","Endothelial","E_MTAB_13530_P11_T3",0.0670551917931114
"LUCA","Endothelial","E_MTAB_13530_P11_T4",0.0896719602447543
"LUCA","Endothelial","E_MTAB_13530_P15_T1",0.140739138926803
"LUCA","Endothelial","E_MTAB_13530_P15_T2",0.131227326489573
"LUCA","Endothelial","E_MTAB_13530_P16_T1",0.239143158166453
"LUCA","Endothelial","E_MTAB_13530_P16_T2",0.22322318188424
"LUCA","Endothelial","E_MTAB_13530_P17_T1",0.0648709779383605
"LUCA","Endothelial","E_MTAB_13530_P17_T2",0.0512411950627109
"LUCA","Endothelial","E_MTAB_13530_P19_T1",0.0456428696371429
"LUCA","Endothelial","E_MTAB_13530_P19_T2",0.0547035686377118
"LUCA","Endothelial","E_MTAB_13530_P24_T1",0.065324364393992
"LUCA","Endothelial","E_MTAB_13530_P24_T2",0.0657259628511649
"LUCA","Endothelial","E_MTAB_13530_P25_T1",0.157285685361584
"LUCA","Endothelial","E_MTAB_13530_P25_T2",0.138032779970095
"OVCA","Endothelial","A_955_OvarianTumor",0.03306019797434
"OVCA","Endothelial","A_GTFB1154_OvarianCancerTumor",0.0263498811990076
"OVCA","Endothelial","B_GTFB1191_OvarianCancerTumor",0.0458267000267576
"OVCA","Endothelial","C_GTFB1170_SmallCellOvarianCancer",0.0404291250921705
"OVCA","Endothelial","CytAssist_11mm_FFPE_Human_Ovarian_Carcinoma_220715",0.0650176145770371
"OVCA","Endothelial","D_GTFB1170_SmallCellOvarianCancer",0.0367917399498228
"OVCA","Endothelial","D_GTFB_1230_OvarianTumor",0.0264776437453814
"OVCA","Endothelial","GSM6177614_NYU_OVCA1_Vis",0.0412797007644608
"OVCA","Endothelial","GSM6177617_NYU_OVCA3_Vis",0.0309452092343323
"OVCA","Endothelial","GSM6506110_SP1",0.0497981715607744
"OVCA","Endothelial","GSM6506111_SP2",0.0230905101896067
"OVCA","Endothelial","GSM6506112_SP3",0.0372493951472193
"OVCA","Endothelial","GSM6506113_SP4",0.0391207374461301
"OVCA","Endothelial","GSM6506114_SP5",0.0272387976683505
"OVCA","Endothelial","GSM6506115_SP6",0.0290692303131108
"OVCA","Endothelial","GSM6506116_SP7",0.0422926705133106
"OVCA","Endothelial","GSM6506117_SP8",0.0398855987785834
"OVCA","Endothelial","GSM7019835_OCCR2v",0.0519554882111148
"OVCA","Endothelial","GSM7019836_OCCS3v",0.0487267274363662
"OVCA","Endothelial","GSM7090086_NextSeq2000",0.0514593084511633
"OVCA","Endothelial","GSM7090087_NextSeq2000",0.0349275090235435
"OVCA","Endothelial","GSM7090088_NextSeq2000",0.0317400486163021
"OVCA","Endothelial","Parent_Visium_Human_OvarianCancer_201027",0.0398989538929455
"OVCA","Endothelial","Visium_FFPE_Human_Ovarian_Cancer_220329",0.0510467972131373
"PACA","Endothelial","GSM6177618_NYU_PDAC1_Vis",0.0232482648512357
"PACA","Endothelial","GSM6505133_DonorA",0.0329448043998181
"PACA","Endothelial","GSM6505134_DonorB",0.0521353369279366
"PACA","Endothelial","GSM6505135_DonorC",0.0221238590174466
"PACA","Endothelial","GSM7421790_PDAC_1",0.0197364742690989
"PACA","Endothelial","GSM7421791_PDAC_2",0.0392999477435948
"PACA","Endothelial","GSM7421792_PDAC_3",0.0393798476680824
"PACA","Endothelial","GSM7498811_SS1905133",0.0400041877614702
"PACA","Endothelial","GSM7498812_SS1923404",0.0378916869823683
"PACA","Endothelial","GSM7498813_SS1945070",0.0340624309282395
"PACA","Endothelial","GSM7498814_SS1960050",0.0215318066702852
"PACA","Endothelial","GSM7498815_SS2002154",0.0634448304948914
"PACA","Endothelial","GSM7498816_SS2005094",0.0400056045118668
"PACA","Endothelial","GSM7498817_SS2021309",0.0632762584048442
"PRCA","Endothelial","GSM7211257_EHU-W3",0.0557277258303133
"PRCA","Endothelial","V11A20-405_C1",0.0210175631408995
"PRCA","Endothelial","V11A20-405_D1",0.0198390274866663
"PRCA","Endothelial","V11M22-349_C1",0.032973868598624
"PRCA","Endothelial","V11M22-349_D1",0.0305952898007445
"PRCA","Endothelial","Visium_FFPE_Human_Prostate_Acinar_Cell_Carcinoma_211009",0.039646722813823
"PRCA","Endothelial","Visium_FFPE_Human_Prostate_Cancer_210609",0.0336252993662114
"PRCA","Endothelial","Visium_FFPE_Human_Prostate_IF_220713",0.0286035719688167
"SKCA","Endothelial","GSE144239_GSM4565823",0.00779588385034401
"SKCA","Endothelial","GSE144239_GSM4565824",0.00614834816839763
"SKCA","Endothelial","GSE144239_GSM4565825",0.0221529778566051
"SKCA","Endothelial","GSE144239_GSM4565826",0.014079282655491
"SKCA","Endothelial","V10F24-015_A1",0.0188473145911413
"SKCA","Endothelial","V10F24-015_B1",0.0210861880174713
"SKCA","Endothelial","V10F24-015_C1",0.0188526012884435
"SKCA","Endothelial","V10F24-015_D1",0.0198012762041736
"SKCA","Endothelial","WSSKNKCLsp12140270",0.0638029483741975
"SKCA","Endothelial","WSSKNKCLsp12140271",0.0267487904629868
"SKCA","Endothelial","WSSKNKCLsp12140272",0.0466590274824681
"SKCA","Endothelial","WSSKNKCLsp12140273",0.0338814607053339
"SKCA","Endothelial","WSSKNKCLsp12887267",0.0261833504398314
"SKCA","Endothelial","WSSKNKCLsp12887268",0.0578077103012761
"SKCA","Endothelial","WSSKNKCLsp12887269",0.0459932051023363
"SKCA","Endothelial","WSSKNKCLsp12887270",0.0218124531724239
"STCA","Endothelial","GSE251950_20_00331_LI_SING",0.0360322057939111
"STCA","Endothelial","GSE251950_21_00731_LI_SING",0.0361807859030954
"STCA","Endothelial","GSE251950_21_00732_LI_SING",0.0341936276481546
"STCA","Endothelial","GSE251950_21_00733_LI_SING",0.0203510984449454
"STCA","Endothelial","GSE251950_21_00734_LI_SING",0.0409657591413391
"STCA","Endothelial","GSE251950_21_01251_LI_SING",0.0303139749652799
"STCA","Endothelial","GSE251950_21_01253_LI_SING",0.0228518071443621
"STCA","Endothelial","GSE251950_21_01254_LI_SING",0.015513131515875
"STCA","Endothelial","GSE251950_21_01675_LI_SING",0.0326449744636272
"STCA","Endothelial","GSM6177607_NYU_GIST1_Vis",0.0359021761356435
"STCA","Endothelial","GSM6177609_NYU_GIST2_Vis",0.0112984237905167
"THCA","Endothelial","S16_43398",0.0686927704705304
"THCA","Endothelial","S20_47598",0.0634861681527037
"THCA","Endothelial","S20_61122",0.0598916946340609
"THCA","Endothelial","S20_63981",0.0369900514453905
"THCA","Endothelial","S21_10267",0.0297728434321964
"UECA","Endothelial","01_034_C1d1",0.065233958424604
"UECA","Endothelial","01_034_C3d1",0.0535781744803364
"UECA","Endothelial","01_039_C1d1",0.0522508237078457
"UECA","Endothelial","01_039_C3d1",0.0611703066464748
"UECA","Endothelial","GSM6177623_NYU_UCEC3_Vis",0.0466245393660251
"BRCA","Fibroblast","1142243F",0.143902339913699
"BRCA","Fibroblast","1160920F",0.0522688445094876
"BRCA","Fibroblast","CID4290",0.233806174957935
"BRCA","Fibroblast","CID4465",0.241028622486554
"BRCA","Fibroblast","CID44971",0.0997241781450577
"BRCA","Fibroblast","CID4535",0.0887211979972719
"BRCA","Fibroblast","CytAssist_Fresh_Frozen_Human_Breast_Cancer_230107",0.131346606894947
"BRCA","Fibroblast","GSM6177599_NYU_BRCA0_Vis",0.0831418436873328
"BRCA","Fibroblast","GSM6177603_NYU_BRCA2_Vis",0.214309829824659
"BRCA","Fibroblast","GSM6433585_092A",0.315454935045652
"BRCA","Fibroblast","GSM6433586_092B",0.177048663431145
"BRCA","Fibroblast","GSM6433587_093A",0.129140807180175
"BRCA","Fibroblast","GSM6433588_093B",0.164324663257707
"BRCA","Fibroblast","GSM6433589_093C",0.1605472437847
"BRCA","Fibroblast","GSM6433590_093D",0.149749017299232
"BRCA","Fibroblast","GSM6433591_094A",0.193588106917541
"BRCA","Fibroblast","GSM6433592_094B",0.184277390810333
"BRCA","Fibroblast","GSM6433593_094C",0.266669613267293
"BRCA","Fibroblast","GSM6433594_094D",0.318497118715693
"BRCA","Fibroblast","GSM6433595_095A",0.126365315294498
"BRCA","Fibroblast","GSM6433596_095B",0.189283080493592
"BRCA","Fibroblast","GSM6433597_117B",0.248215255518967
"BRCA","Fibroblast","GSM6433598_117C",0.235625828704814
"BRCA","Fibroblast","GSM6433599_117D",0.266149199283387
"BRCA","Fibroblast","GSM6433600_117E",0.168302899931109
"BRCA","Fibroblast","GSM6433601_118B",0.1864131069185
"BRCA","Fibroblast","GSM6433602_118C",0.169056531093422
"BRCA","Fibroblast","GSM6433603_118D",0.251402642458207
"BRCA","Fibroblast","GSM6433604_118E",0.255764472130257
"BRCA","Fibroblast","GSM6433605_119B",0.423174447971508
"BRCA","Fibroblast","GSM6433606_119C",0.19697586415204
"BRCA","Fibroblast","GSM6433607_119D",0.0475835904422201
"BRCA","Fibroblast","GSM6433608_119E",0.0582942235034831
"BRCA","Fibroblast","GSM6433609_120B",0.114447781239002
"BRCA","Fibroblast","GSM6433610_120C",0.138577003876971
"BRCA","Fibroblast","GSM6433611_120D",0.14458417201951
"BRCA","Fibroblast","GSM6433612_120E",0.165564028688301
"BRCA","Fibroblast","GSM6433613_395A",0.372498798957056
"BRCA","Fibroblast","GSM6433614_395B",0.184287435344275
"BRCA","Fibroblast","GSM6433615_395C",0.349709927942722
"BRCA","Fibroblast","GSM6433616_395D",0.0647149354677723
"BRCA","Fibroblast","GSM6433617_396A",0.131601439747268
"BRCA","Fibroblast","GSM6433618_396C",0.309771927172794
"BRCA","Fibroblast","GSM6433619_396D",0.178305740102226
"BRCA","Fibroblast","GSM6433620_397A",0.189574185820197
"BRCA","Fibroblast","GSM6433621_397B",0.465927837496663
"BRCA","Fibroblast","GSM6433622_397C",0.0808314325711353
"BRCA","Fibroblast","GSM6433623_397D",0.116565590096075
"BRCA","Fibroblast","GSM6433624_398A",0.351030501285939
"BRCA","Fibroblast","GSM6433625_398B",0.367664179029333
"BRCA","Fibroblast","GSM6433626_398C",0.318930327286517
"BRCA","Fibroblast","GSM6433627_398D",0.381730530372469
"BRCA","Fibroblast","GSM7757970_R1-S1",0.0455431108442843
"BRCA","Fibroblast","GSM7757972_R1-S3",0.173347040303887
"BRCA","Fibroblast","GSM7757973_R1-S4",0.296128797231834
"BRCA","Fibroblast","GSM7757974_R1-S5",0.0870134280089207
"BRCA","Fibroblast","GSM7757975_R1-S6",0.127288620838126
"BRCA","Fibroblast","GSM7757976_R2-S1",0.222490955861673
"BRCA","Fibroblast","GSM7757977_R2-S2",0.222038194762685
"BRCA","Fibroblast","GSM7757978_R2-S3",0.41931362193891
"BRCA","Fibroblast","GSM7757979_R2-S4",0.370805100644221
"BRCA","Fibroblast","GSM7757980_R2-S5",0.141738759889843
"BRCA","Fibroblast","GSM7757982_R3-S2",0.275572544378084
"BRCA","Fibroblast","GSM7757983_R3-S3",0.431760400457716
"BRCA","Fibroblast","GSM7757984_R3-S4",0.22379166274709
"BRCA","Fibroblast","GSM7757985_R3-S5",0.399024180401523
"BRCA","Fibroblast","GSM7777520_A1",0.152450423704184
"BRCA","Fibroblast","GSM7777521_B1",0.408123066318708
"BRCA","Fibroblast","GSM7777522_C1",0.166020775434134
"BRCA","Fibroblast","GSM7777523_D1",0.336842925711273
"BRCA","Fibroblast","Parent_Visium_Human_BreastCancer_201027",0.270402984770605
"BRCA","Fibroblast","V1_Breast_Cancer_Block_A_Section_2_200623",0.0839783713026529
"BRCA","Fibroblast","V1_Human_Invasive_Ductal_Carcinoma_210511",0.0908223186133766
"BRCA","Fibroblast","Visium_FFPE_Human_Breast_Cancer_210609",0.173253971836571
"BRCA","Fibroblast","Visium_Human_Breast_Cancer_220702",0.0861265127205467
"COCA","Fibroblast","Ajou_Visium_P1",0.222469497949168
"COCA","Fibroblast","Ajou_Visium_P2",0.151839755343999
"COCA","Fibroblast","Ajou_Visium_P3",0.0884937948350172
"COCA","Fibroblast","Ajou_Visium_P4",0.260045243389129
"COCA","Fibroblast","Colon_10x_Visium_SampleP2_CRC",0.246950005978495
"COCA","Fibroblast","GSM7058756",0.10037879631548
"COCA","Fibroblast","GSM7058757",0.313635869301247
"COCA","Fibroblast","GSM7058758",0.0380191116020249
"COCA","Fibroblast","GSM7058759",0.3525897318995
"COCA","Fibroblast","Parent_Visium_Human_ColorectalCancer_201027",0.19952779935323
"COCA","Fibroblast","SN048_A121573_Rep1",0.0358188057872466
"COCA","Fibroblast","SN048_A121573_Rep2",0.041374018273045
"COCA","Fibroblast","SN048_A416371_Rep1",0.0915115004236235
"COCA","Fibroblast","SN048_A416371_Rep2",0.121749497313176
"COCA","Fibroblast","SN123_A551763_Rep1",0.218109432810385
"COCA","Fibroblast","SN123_A595688_Rep1",0.185405453323736
"COCA","Fibroblast","SN123_A938797_Rep1_X",0.362788089631473
"COCA","Fibroblast","SN124_A551763_Rep2",0.130110324558159
"COCA","Fibroblast","SN124_A595688_Rep2",0.2595752065766
"COCA","Fibroblast","SN124_A938797_Rep2",0.387232983564747
"COCA","Fibroblast","SN84_A120838_Rep1",0.438161777690886
"COCA","Fibroblast","SN84_A120838_Rep2",0.327499374026366
"COCA","Fibroblast","Visium_FFPE_Human_Intestinal_Cancer_220329",0.46910622342816
"COCA","Fibroblast","scCRLM_Atlas_ST-colon1",0.0701802199326772
"COCA","Fibroblast","scCRLM_Atlas_ST-colon2",0.157956082073172
"COCA","Fibroblast","scCRLM_Atlas_ST-colon3",0.300725652824555
"COCA","Fibroblast","scCRLM_Atlas_ST-colon4",0.0598758411283657
"HNCA","Fibroblast","GSM5494475_HNSCC201125T04",0.258468316394859
"HNCA","Fibroblast","GSM5494476_HNSCC201125T05",0.257118106596141
"HNCA","Fibroblast","GSM5494477_HNSCC201125T07",0.159934699372434
"HNCA","Fibroblast","GSM5494478_HNSCC201125T10",0.0474763482301577
"HNCA","Fibroblast","GSM5494479_P210325T1",0.0878826255612424
"HNCA","Fibroblast","GSM5494480_P210325T3",0.0896002941916556
"HNCA","Fibroblast","GSM5494481_P210325T5",0.110194721298574
"HNCA","Fibroblast","GSM5494482_P210325T6",0.15119947463075
"HNCA","Fibroblast","GSM6030901_patient_1",0.0379811094337634
"HNCA","Fibroblast","GSM6030902_patient_2",0.0888919063851153
"HNCA","Fibroblast","GSM6339631_s1",0.18035454469897
"HNCA","Fibroblast","GSM6339632_s2",0.10776543954288
"HNCA","Fibroblast","GSM6339633_s3",0.130098131014476
"HNCA","Fibroblast","GSM6339634_s4",0.217018588503039
"HNCA","Fibroblast","GSM6339635_s5",0.177016692339784
"HNCA","Fibroblast","GSM6339636_s6",0.0905663117436134
"HNCA","Fibroblast","GSM6339637_s7",0.0516382221057289
"HNCA","Fibroblast","GSM6339638_s8",0.0614085715428166
"HNCA","Fibroblast","GSM6339639_s9",0.119134415408376
"HNCA","Fibroblast","GSM6339640_s10",0.165253038893724
"HNCA","Fibroblast","GSM6339641_s11",0.0561399780111872
"HNCA","Fibroblast","GSM6339642_s12",0.147769253110017
"HNCA","Fibroblast","GSM6833484_Patient1",0.098151165251074
"HNCA","Fibroblast","GSM6833485_Patient2",0.178729346366891
"HNCA","Fibroblast","GSM6833486_Patient3",0.0702276964581699
"HNCA","Fibroblast","GSM6833487_Patient4",0.231920810999884
"KICA","Fibroblast","GSM5924030_ffpe_c_2",0.110968168094065
"KICA","Fibroblast","GSM5924031_ffpe_c_3",0.0720379481888503
"KICA","Fibroblast","GSM5924032_ffpe_c_4",0.0649853800375858
"KICA","Fibroblast","GSM5924033_ffpe_c_7",0.178349331591742
"KICA","Fibroblast","GSM5924034_ffpe_c_10",0.152498764261718
"KICA","Fibroblast","GSM5924035_ffpe_c_20",0.0548991073677115
"KICA","Fibroblast","GSM5924036_ffpe_c_21",0.153499276844939
"KICA","Fibroblast","GSM5924037_ffpe_c_34",0.0835016057018342
"KICA","Fibroblast","GSM5924038_ffpe_c_36",0.196997790416568
"KICA","Fibroblast","GSM5924039_ffpe_c_39",0.134160653789713
"KICA","Fibroblast","GSM5924040_ffpe_c_45",0.0870063057548973
"KICA","Fibroblast","GSM5924041_ffpe_c_51",0.12267578525991
"KICA","Fibroblast","GSM5924042_frozen_a_1",0.053875138451898
"KICA","Fibroblast","GSM5924043_frozen_a_3",0.124954988973597
"KICA","Fibroblast","GSM5924044_frozen_a_15",0.138542765842852
"KICA","Fibroblast","GSM5924045_frozen_a_17",0.103332669524524
"KICA","Fibroblast","GSM5924046_frozen_b_1",0.0581960503614736
"KICA","Fibroblast","GSM5924048_frozen_b_13",0.024467350398975
"KICA","Fibroblast","GSM5924049_frozen_b_18",0.0645492557069937
"KICA","Fibroblast","GSM5924050_frozen_c_2",0.120231610393971
"KICA","Fibroblast","GSM5924051_frozen_c_5",0.0864196980000144
"KICA","Fibroblast","GSM5924052_frozen_c_23",0.0586730027144027
"KICA","Fibroblast","GSM5924053_frozen_c_57",0.105797291216943
"LICA","Fibroblast","GSM6177612_NYU_LIHC1_Vis",0.0409210830493672
"LICA","Fibroblast","GSM7850822_CHC20",0.0342982354762214
"LICA","Fibroblast","HCC1R",0.0730091710048339
"LICA","Fibroblast","HCC3R",0.0433699582592464
"LICA","Fibroblast","HCC4R",0.0448144204780292
"LICA","Fibroblast","HCC6NR",0.0248553654027315
"LICA","Fibroblast","HCC7NR",0.0124533526818537
"LICA","Fibroblast","HRA000437_HCC-1T",0.0334300451016365
"LICA","Fibroblast","HRA000437_HCC-2T",0.110200573665078
"LICA","Fibroblast","HRA000437_HCC-3T",0.00583007229145368
"LICA","Fibroblast","HRA000437_HCC-4T",0.0123199783581512
"LICA","Fibroblast","Zenodo10119273_Tumor2",0.0896200790354375
"LUCA","Fibroblast","CytAssist_11mm_FFPE_Human_Lung_Cancer_230214",0.301239375871563
"LUCA","Fibroblast","CytAssist_FFPE_Human_Lung_Squamous_Cell_Carcinoma_220714",0.128784705126983
"LUCA","Fibroblast","E_MTAB_13530_P10_T1",0.20346509337158
"LUCA","Fibroblast","E_MTAB_13530_P10_T2",0.217535941460365
"LUCA","Fibroblast","E_MTAB_13530_P10_T3",0.205928621819737
"LUCA","Fibroblast","E_MTAB_13530_P10_T4",0.218898555275244
"LUCA","Fibroblast","E_MTAB_13530_P11_T1",0.0867773020489856
"LUCA","Fibroblast","E_MTAB_13530_P11_T2",0.0889241426063869
"LUCA","Fibroblast","E_MTAB_13530_P11_T3",0.100933432849301
"LUCA","Fibroblast","E_MTAB_13530_P11_T4",0.149851607428383
"LUCA","Fibroblast","E_MTAB_13530_P15_T1",0.0576148705772839
"LUCA","Fibroblast","E_MTAB_13530_P15_T2",0.0547020852667205
"LUCA","Fibroblast","E_MTAB_13530_P16_T1",0.133929907913384
"LUCA","Fibroblast","E_MTAB_13530_P16_T2",0.131431961309369
"LUCA","Fibroblast","E_MTAB_13530_P17_T1",0.205252728188326
"LUCA","Fibroblast","E_MTAB_13530_P17_T2",0.215276078871171
"LUCA","Fibroblast","E_MTAB_13530_P19_T1",0.275908614946452
"LUCA","Fibroblast","E_MTAB_13530_P19_T2",0.279045601545339
"LUCA","Fibroblast","E_MTAB_13530_P24_T1",0.26127510149193
"LUCA","Fibroblast","E_MTAB_13530_P24_T2",0.275660303588376
"LUCA","Fibroblast","E_MTAB_13530_P25_T1",0.138822574578625
"LUCA","Fibroblast","E_MTAB_13530_P25_T2",0.150589386514809
"OVCA","Fibroblast","A_955_OvarianTumor",0.241835489524983
"OVCA","Fibroblast","A_GTFB1154_OvarianCancerTumor",0.257784972960569
"OVCA","Fibroblast","B_GTFB1191_OvarianCancerTumor",0.518244159067274
"OVCA","Fibroblast","C_GTFB1170_SmallCellOvarianCancer",0.326763678503838
"OVCA","Fibroblast","CytAssist_11mm_FFPE_Human_Ovarian_Carcinoma_220715",0.546103050732838
"OVCA","Fibroblast","D_GTFB1170_SmallCellOvarianCancer",0.336039597407138
"OVCA","Fibroblast","D_GTFB_1230_OvarianTumor",0.0886827253159577
"OVCA","Fibroblast","GSM6177614_NYU_OVCA1_Vis",0.430564271420644
"OVCA","Fibroblast","GSM6177617_NYU_OVCA3_Vis",0.17375595250219
"OVCA","Fibroblast","GSM6506110_SP1",0.428191315161015
"OVCA","Fibroblast","GSM6506111_SP2",0.140149378521904
"OVCA","Fibroblast","GSM6506112_SP3",0.478235150727596
"OVCA","Fibroblast","GSM6506113_SP4",0.458629401926844
"OVCA","Fibroblast","GSM6506114_SP5",0.234431429366518
"OVCA","Fibroblast","GSM6506115_SP6",0.348023377886449
"OVCA","Fibroblast","GSM6506116_SP7",0.352260480991607
"OVCA","Fibroblast","GSM6506117_SP8",0.519733189058029
"OVCA","Fibroblast","GSM7019835_OCCR2v",0.556781308956869
"OVCA","Fibroblast","GSM7019836_OCCS3v",0.434247646300897
"OVCA","Fibroblast","GSM7090086_NextSeq2000",0.447147844107905
"OVCA","Fibroblast","GSM7090087_NextSeq2000",0.318321728636581
"OVCA","Fibroblast","GSM7090088_NextSeq2000",0.269870973415103
"OVCA","Fibroblast","Parent_Visium_Human_OvarianCancer_201027",0.346564163787509
"OVCA","Fibroblast","Visium_FFPE_Human_Ovarian_Cancer_220329",0.366498756442564
"PACA","Fibroblast","GSM6177618_NYU_PDAC1_Vis",0.482375928152807
"PACA","Fibroblast","GSM6505133_DonorA",0.238296088210611
"PACA","Fibroblast","GSM6505134_DonorB",0.200957450725936
"PACA","Fibroblast","GSM6505135_DonorC",0.368817113091229
"PACA","Fibroblast","GSM7421790_PDAC_1",0.237834244180454
"PACA","Fibroblast","GSM7421791_PDAC_2",0.279833582034041
"PACA","Fibroblast","GSM7421792_PDAC_3",0.472838476407665
"PACA","Fibroblast","GSM7498811_SS1905133",0.384201205228485
"PACA","Fibroblast","GSM7498812_SS1923404",0.360215836771672
"PACA","Fibroblast","GSM7498813_SS1945070",0.274568912372167
"PACA","Fibroblast","GSM7498814_SS1960050",0.215971573497627
"PACA","Fibroblast","GSM7498815_SS2002154",0.556826961960924
"PACA","Fibroblast","GSM7498816_SS2005094",0.293375921754238
"PACA","Fibroblast","GSM7498817_SS2021309",0.486060658769853
"PRCA","Fibroblast","GSM7211257_EHU-W3",0.121649763692629
"PRCA","Fibroblast","V11A20-405_C1",0.0972650332348777
"PRCA","Fibroblast","V11A20-405_D1",0.0746477679660395
"PRCA","Fibroblast","V11M22-349_C1",0.103187738604534
"PRCA","Fibroblast","V11M22-349_D1",0.101819724789274
"PRCA","Fibroblast","Visium_FFPE_Human_Prostate_Acinar_Cell_Carcinoma_211009",0.0989797239437993
"PRCA","Fibroblast","Visium_FFPE_Human_Prostate_Cancer_210609",0.126999884917599
"PRCA","Fibroblast","Visium_FFPE_Human_Prostate_IF_220713",0.153203428478217
"SKCA","Fibroblast","GSE144239_GSM4565823",0.0140335089561025
"SKCA","Fibroblast","GSE144239_GSM4565824",0.0147058027435623
"SKCA","Fibroblast","GSE144239_GSM4565825",0.0723745168371379
"SKCA","Fibroblast","GSE144239_GSM4565826",0.0254808073207702
"SKCA","Fibroblast","V10F24-015_A1",0.0182307307623218
"SKCA","Fibroblast","V10F24-015_B1",0.0293579039543395
"SKCA","Fibroblast","V10F24-015_C1",0.0174392678989599
"SKCA","Fibroblast","V10F24-015_D1",0.0134765113873807
"SKCA","Fibroblast","WSSKNKCLsp12140270",0.200854385874654
"SKCA","Fibroblast","WSSKNKCLsp12140271",0.170937252508168
"SKCA","Fibroblast","WSSKNKCLsp12140272",0.238956986378534
"SKCA","Fibroblast","WSSKNKCLsp12140273",0.0902646723336263
"SKCA","Fibroblast","WSSKNKCLsp12887267",0.0691080419851778
"SKCA","Fibroblast","WSSKNKCLsp12887268",0.166417996216923
"SKCA","Fibroblast","WSSKNKCLsp12887269",0.208107797544136
"SKCA","Fibroblast","WSSKNKCLsp12887270",0.0806229258437527
"STCA","Fibroblast","GSE251950_20_00331_LI_SING",0.137679187843663
"STCA","Fibroblast","GSE251950_21_00731_LI_SING",0.0801394147482398
"STCA","Fibroblast","GSE251950_21_00732_LI_SING",0.0374521504338128
"STCA","Fibroblast","GSE251950_21_00733_LI_SING",0.0871243145976695
"STCA","Fibroblast","GSE251950_21_00734_LI_SING",0.0425394480270549
"STCA","Fibroblast","GSE251950_21_01251_LI_SING",0.162630175780924
"STCA","Fibroblast","GSE251950_21_01253_LI_SING",0.0348983790289178
"STCA","Fibroblast","GSE251950_21_01254_LI_SING",0.0200112365205482
"STCA","Fibroblast","GSE251950_21_01675_LI_SING",0.132517598121603
"STCA","Fibroblast","GSM6177607_NYU_GIST1_Vis",0.100916793144849
"STCA","Fibroblast","GSM6177609_NYU_GIST2_Vis",0.0719611435901843
"THCA","Fibroblast","S16_43398",0.379171737313544
"THCA","Fibroblast","S20_47598",0.118465375965296
"THCA","Fibroblast","S20_61122",0.238555694853803
"THCA","Fibroblast","S20_63981",0.212062854669006
"THCA","Fibroblast","S21_10267",0.0142097801404477
"UECA","Fibroblast","01_034_C1d1",0.40313669833999
"UECA","Fibroblast","01_034_C3d1",0.118101582671019
"UECA","Fibroblast","01_039_C1d1",0.169235624284286
"UECA","Fibroblast","01_039_C3d1",0.210894492878531
"UECA","Fibroblast","GSM6177623_NYU_UCEC3_Vis",0.195531651658486
"BRCA","Mural","1142243F",0.0150812693426243
"BRCA","Mural","1160920F",0.0097172643501973
"BRCA","Mural","CID4290",0.0244926926790885
"BRCA","Mural","CID4465",0.0357464484767002
"BRCA","Mural","CID44971",0.0171423269356166
"BRCA","Mural","CID4535",0.0113019568431812
"BRCA","Mural","CytAssist_Fresh_Frozen_Human_Breast_Cancer_230107",0.0367626855203155
"BRCA","Mural","GSM6177599_NYU_BRCA0_Vis",0.0184688041617875
"BRCA","Mural","GSM6177603_NYU_BRCA2_Vis",0.0296534795278177
"BRCA","Mural","GSM6433585_092A",0.0394416393158287
"BRCA","Mural","GSM6433586_092B",0.0249102837547284
"BRCA","Mural","GSM6433587_093A",0.0148648801922392
"BRCA","Mural","GSM6433588_093B",0.0138580464035002
"BRCA","Mural","GSM6433589_093C",0.030886793454998
"BRCA","Mural","GSM6433590_093D",0.0267846766350562
"BRCA","Mural","GSM6433591_094A",0.00777345535526592
"BRCA","Mural","GSM6433592_094B",0.0139211557340651
"BRCA","Mural","GSM6433593_094C",0.0402118160631517
"BRCA","Mural","GSM6433594_094D",0.0490537852694086
"BRCA","Mural","GSM6433595_095A",0.0246860259020842
"BRCA","Mural","GSM6433596_095B",0.0372039352192644
"BRCA","Mural","GSM6433597_117B",0.0730536661144334
"BRCA","Mural","GSM6433598_117C",0.0676881441251731
"BRCA","Mural","GSM6433599_117D",0.025881502998151
"BRCA","Mural","GSM6433600_117E",0.0260867119782149
"BRCA","Mural","GSM6433601_118B",0.0324631513505661
"BRCA","Mural","GSM6433602_118C",0.0309590528235543
"BRCA","Mural","GSM6433603_118D",0.0944774363551206
"BRCA","Mural","GSM6433604_118E",0.0505797049671156
"BRCA","Mural","GSM6433605_119B",0.0211989111522113
"BRCA","Mural","GSM6433606_119C",0.0190187497032554
"BRCA","Mural","GSM6433607_119D",0.00795387956894012
"BRCA","Mural","GSM6433608_119E",0.00865021368579927
"BRCA","Mural","GSM6433609_120B",0.00869696273159062
"BRCA","Mural","GSM6433610_120C",0.0107251239251957
"BRCA","Mural","GSM6433611_120D",0.0208257958449657
"BRCA","Mural","GSM6433612_120E",0.0164628595792252
"BRCA","Mural","GSM6433613_395A",0.0590474157802173
"BRCA","Mural","GSM6433614_395B",0.0312956197981407
"BRCA","Mural","GSM6433615_395C",0.0222884677424467
"BRCA","Mural","GSM6433616_395D",0.00829962177361225
"BRCA","Mural","GSM6433617_396A",0.00957178880019905
"BRCA","Mural","GSM6433618_396C",0.0167020344038239
"BRCA","Mural","GSM6433619_396D",0.0120550436830269
"BRCA","Mural","GSM6433620_397A",0.0464319796973917
"BRCA","Mural","GSM6433621_397B",0.0444174828638814
"BRCA","Mural","GSM6433622_397C",0.00840877193277005
"BRCA","Mural","GSM6433623_397D",0.0204388745516584
"BRCA","Mural","GSM6433624_398A",0.0398338945268779
"BRCA","Mural","GSM6433625_398B",0.0329044076921735
"BRCA","Mural","GSM6433626_398C",0.033465202741925
"BRCA","Mural","GSM6433627_398D",0.0311075398530932
"BRCA","Mural","GSM7757970_R1-S1",0.00546263263013906
"BRCA","Mural","GSM7757972_R1-S3",0.0366690721987881
"BRCA","Mural","GSM7757973_R1-S4",0.0339160548672265
"BRCA","Mural","GSM7757974_R1-S5",0.0086461947228292
"BRCA","Mural","GSM7757975_R1-S6",0.00833256668989923
"BRCA","Mural","GSM7757976_R2-S1",0.0205486967842011
"BRCA","Mural","GSM7757977_R2-S2",0.0107671311775809
"BRCA","Mural","GSM7757978_R2-S3",0.019741356500273
"BRCA","Mural","GSM7757979_R2-S4",0.0127392290839785
"BRCA","Mural","GSM7757980_R2-S5",0.00979557360326934
"BRCA","Mural","GSM7757982_R3-S2",0.0275714013322497
"BRCA","Mural","GSM7757983_R3-S3",0.0239589756128212
"BRCA","Mural","GSM7757984_R3-S4",0.0120775465827852
"BRCA","Mural","GSM7757985_R3-S5",0.0465099262776185
"BRCA","Mural","GSM7777520_A1",0.0622541030355915
"BRCA","Mural","GSM7777521_B1",0.0394009683758516
"BRCA","Mural","GSM7777522_C1",0.0159236731329814
"BRCA","Mural","GSM7777523_D1",0.030094279989598
"BRCA","Mural","Parent_Visium_Human_BreastCancer_201027",0.032059250499685
"BRCA","Mural","V1_Breast_Cancer_Block_A_Section_2_200623",0.016005903139194
"BRCA","Mural","V1_Human_Invasive_Ductal_Carcinoma_210511",0.0132955898075512
"BRCA","Mural","Visium_FFPE_Human_Breast_Cancer_210609",0.0133327314353849
"BRCA","Mural","Visium_Human_Breast_Cancer_220702",0.0147923633943017
"COCA","Mural","Ajou_Visium_P1",0.136858448472387
"COCA","Mural","Ajou_Visium_P2",0.109488487868191
"COCA","Mural","Ajou_Visium_P3",0.047075909597772
"COCA","Mural","Ajou_Visium_P4",0.189581882522608
"COCA","Mural","Colon_10x_Visium_SampleP2_CRC",0.171962742132591
"COCA","Mural","GSM7058756",0.0567474643359947
"COCA","Mural","GSM7058757",0.234460626512994
"COCA","Mural","GSM7058758",0.0223952258013129
"COCA","Mural","GSM7058759",0.215998592718958
"COCA","Mural","Parent_Visium_Human_ColorectalCancer_201027",0.080377515730748
"COCA","Mural","SN048_A121573_Rep1",0.0164157936186747
"COCA","Mural","SN048_A121573_Rep2",0.0193943693642829
"COCA","Mural","SN048_A416371_Rep1",0.0343080686603997
"COCA","Mural","SN048_A416371_Rep2",0.0458751833633334
"COCA","Mural","SN123_A551763_Rep1",0.0513219526388097
"COCA","Mural","SN123_A595688_Rep1",0.0833301542694726
"COCA","Mural","SN123_A938797_Rep1_X",0.133852699379099
"COCA","Mural","SN124_A551763_Rep2",0.076252953809742
"COCA","Mural","SN124_A595688_Rep2",0.140621395453942
"COCA","Mural","SN124_A938797_Rep2",0.11328996344428
"COCA","Mural","SN84_A120838_Rep1",0.0974667754589156
"COCA","Mural","SN84_A120838_Rep2",0.183613354852903
"COCA","Mural","Visium_FFPE_Human_Intestinal_Cancer_220329",0.147869316451645
"COCA","Mural","scCRLM_Atlas_ST-colon1",0.0368521647330331
"COCA","Mural","scCRLM_Atlas_ST-colon2",0.129754428395742
"COCA","Mural","scCRLM_Atlas_ST-colon3",0.211354347558805
"COCA","Mural","scCRLM_Atlas_ST-colon4",0.040799128753666
"HNCA","Mural","GSM5494475_HNSCC201125T04",0.129737193587855
"HNCA","Mural","GSM5494476_HNSCC201125T05",0.172270884225933
"HNCA","Mural","GSM5494477_HNSCC201125T07",0.01134113102475
"HNCA","Mural","GSM5494478_HNSCC201125T10",0.00908690078017439
"HNCA","Mural","GSM5494479_P210325T1",0.0305342602307356
"HNCA","Mural","GSM5494480_P210325T3",0.0150686698304516
"HNCA","Mural","GSM5494481_P210325T5",0.0131784660300184
"HNCA","Mural","GSM5494482_P210325T6",0.0179465265633189
"HNCA","Mural","GSM6030901_patient_1",0.0133778548898565
"HNCA","Mural","GSM6030902_patient_2",0.00807881660479249
"HNCA","Mural","GSM6339631_s1",0.049117728352518
"HNCA","Mural","GSM6339632_s2",0.0504475344826956
"HNCA","Mural","GSM6339633_s3",0.0399660325386631
"HNCA","Mural","GSM6339634_s4",0.0898309141968443
"HNCA","Mural","GSM6339635_s5",0.0949696302938948
"HNCA","Mural","GSM6339636_s6",0.00813846712644691
"HNCA","Mural","GSM6339637_s7",0.0159395449721219
"HNCA","Mural","GSM6339638_s8",0.0226780607662875
"HNCA","Mural","GSM6339639_s9",0.0264327450792027
"HNCA","Mural","GSM6339640_s10",0.0265262893654915
"HNCA","Mural","GSM6339641_s11",0.0171309123637402
"HNCA","Mural","GSM6339642_s12",0.0260925863229994
"HNCA","Mural","GSM6833484_Patient1",0.0555595446161773
"HNCA","Mural","GSM6833485_Patient2",0.0540205551558483
"HNCA","Mural","GSM6833486_Patient3",0.0201565354458918
"HNCA","Mural","GSM6833487_Patient4",0.130729292429558
"KICA","Mural","GSM5924030_ffpe_c_2",0.0915655724304705
"KICA","Mural","GSM5924031_ffpe_c_3",0.0267590924681243
"KICA","Mural","GSM5924032_ffpe_c_4",0.0804047320980262
"KICA","Mural","GSM5924033_ffpe_c_7",0.172029308311261
"KICA","Mural","GSM5924034_ffpe_c_10",0.203441840641349
"KICA","Mural","GSM5924035_ffpe_c_20",0.118815520624396
"KICA","Mural","GSM5924036_ffpe_c_21",0.0643162081653848
"KICA","Mural","GSM5924037_ffpe_c_34",0.076721435746932
"KICA","Mural","GSM5924038_ffpe_c_36",0.203400737458524
"KICA","Mural","GSM5924039_ffpe_c_39",0.15355902544323
"KICA","Mural","GSM5924040_ffpe_c_45",0.105348960702639
"KICA","Mural","GSM5924041_ffpe_c_51",0.15679670367893
"KICA","Mural","GSM5924042_frozen_a_1",0.16652448474652
"KICA","Mural","GSM5924043_frozen_a_3",0.165753164211035
"KICA","Mural","GSM5924044_frozen_a_15",0.172873569839508
"KICA","Mural","GSM5924045_frozen_a_17",0.190163042391051
"KICA","Mural","GSM5924046_frozen_b_1",0.0943192745308004
"KICA","Mural","GSM5924048_frozen_b_13",0.0187335972134934
"KICA","Mural","GSM5924049_frozen_b_18",0.104443060353939
"KICA","Mural","GSM5924050_frozen_c_2",0.125618004548158
"KICA","Mural","GSM5924051_frozen_c_5",0.0955628325602727
"KICA","Mural","GSM5924052_frozen_c_23",0.0978770131664399
"KICA","Mural","GSM5924053_frozen_c_57",0.128613887825845
"LICA","Mural","GSM6177612_NYU_LIHC1_Vis",0.0238011141069918
"LICA","Mural","GSM7850822_CHC20",0.0182626999042832
"LICA","Mural","HCC1R",0.0449607673145207
"LICA","Mural","HCC3R",0.0264751840816398
"LICA","Mural","HCC4R",0.0251027182892582
"LICA","Mural","HCC6NR",0.0111431830053174
"LICA","Mural","HCC7NR",0.00620350691035961
"LICA","Mural","HRA000437_HCC-1T",0.0190853898878792
"LICA","Mural","HRA000437_HCC-2T",0.0653483894509623
"LICA","Mural","HRA000437_HCC-3T",0.0027174157480581
"LICA","Mural","HRA000437_HCC-4T",0.00688295785385854
"LICA","Mural","Zenodo10119273_Tumor2",0.0512241866846264
"LUCA","Mural","CytAssist_11mm_FFPE_Human_Lung_Cancer_230214",0.141816655590271
"LUCA","Mural","CytAssist_FFPE_Human_Lung_Squamous_Cell_Carcinoma_220714",0.0628739810211813
"LUCA","Mural","E_MTAB_13530_P10_T1",0.104768970135696
"LUCA","Mural","E_MTAB_13530_P10_T2",0.111043350170774
"LUCA","Mural","E_MTAB_13530_P10_T3",0.106351066498186
"LUCA","Mural","E_MTAB_13530_P10_T4",0.112129246456696
"LUCA","Mural","E_MTAB_13530_P11_T1",0.0373760639468917
"LUCA","Mural","E_MTAB_13530_P11_T2",0.0389528338123259
"LUCA","Mural","E_MTAB_13530_P11_T3",0.0435649171339446
"LUCA","Mural","E_MTAB_13530_P11_T4",0.0655932479474907
"LUCA","Mural","E_MTAB_13530_P15_T1",0.032059113497989
"LUCA","Mural","E_MTAB_13530_P15_T2",0.029678421536551
"LUCA","Mural","E_MTAB_13530_P16_T1",0.0678734930980553
"LUCA","Mural","E_MTAB_13530_P16_T2",0.0651213077296826
"LUCA","Mural","E_MTAB_13530_P17_T1",0.0755244739598524
"LUCA","Mural","E_MTAB_13530_P17_T2",0.079518481377519
"LUCA","Mural","E_MTAB_13530_P19_T1",0.107445699987704
"LUCA","Mural","E_MTAB_13530_P19_T2",0.111100772333022
"LUCA","Mural","E_MTAB_13530_P24_T1",0.107271113486041
"LUCA","Mural","E_MTAB_13530_P24_T2",0.115274019497998
"LUCA","Mural","E_MTAB_13530_P25_T1",0.0637743028510896
"LUCA","Mural","E_MTAB_13530_P25_T2",0.065400314549329
"OVCA","Mural","A_955_OvarianTumor",0.0804186566146917
"OVCA","Mural","A_GTFB1154_OvarianCancerTumor",0.116498551711293
"OVCA","Mural","B_GTFB1191_OvarianCancerTumor",0.146999506193674
"OVCA","Mural","C_GTFB1170_SmallCellOvarianCancer",0.0954768257349604
"OVCA","Mural","CytAssist_11mm_FFPE_Human_Ovarian_Carcinoma_220715",0.161629769104286
"OVCA","Mural","D_GTFB1170_SmallCellOvarianCancer",0.0987407558874821
"OVCA","Mural","D_GTFB_1230_OvarianTumor",0.0232305399132837
"OVCA","Mural","GSM6177614_NYU_OVCA1_Vis",0.12513977433264
"OVCA","Mural","GSM6177617_NYU_OVCA3_Vis",0.0520083733438005
"OVCA","Mural","GSM6506110_SP1",0.131422107910815
"OVCA","Mural","GSM6506111_SP2",0.0381856429349231
"OVCA","Mural","GSM6506112_SP3",0.145151844650831
"OVCA","Mural","GSM6506113_SP4",0.136825264663052
"OVCA","Mural","GSM6506114_SP5",0.0659367874103146
"OVCA","Mural","GSM6506115_SP6",0.0924281744680074
"OVCA","Mural","GSM6506116_SP7",0.107599105499128
"OVCA","Mural","GSM6506117_SP8",0.184753227142544
"OVCA","Mural","GSM7019835_OCCR2v",0.168857602814081
"OVCA","Mural","GSM7019836_OCCS3v",0.131757825417176
"OVCA","Mural","GSM7090086_NextSeq2000",0.136168695639801
"OVCA","Mural","GSM7090087_NextSeq2000",0.0944544878397429
"OVCA","Mural","GSM7090088_NextSeq2000",0.0789806907522317
"OVCA","Mural","Parent_Visium_Human_OvarianCancer_201027",0.102501365702225
"OVCA","Mural","Visium_FFPE_Human_Ovarian_Cancer_220329",0.157775932311965
"PACA","Mural","GSM6177618_NYU_PDAC1_Vis",0.102891499817561
"PACA","Mural","GSM6505133_DonorA",0.0255911377330148
"PACA","Mural","GSM6505134_DonorB",0.383490225444536
"PACA","Mural","GSM6505135_DonorC",0.076683634960538
"PACA","Mural","GSM7421790_PDAC_1",0.0139768665100015
"PACA","Mural","GSM7421791_PDAC_2",0.230160797268263
"PACA","Mural","GSM7421792_PDAC_3",0.15547304027007
"PACA","Mural","GSM7498811_SS1905133",0.058087908995787
"PACA","Mural","GSM7498812_SS1923404",0.0308814643569133
"PACA","Mural","GSM7498813_SS1945070",0.187506076661522
"PACA","Mural","GSM7498814_SS1960050",0.0177635324100183
"PACA","Mural","GSM7498815_SS2002154",0.0715602783541338
"PACA","Mural","GSM7498816_SS2005094",0.0249854826589464
"PACA","Mural","GSM7498817_SS2021309",0.135226755683387
"PRCA","Mural","GSM7211257_EHU-W3",0.179572028237388
"PRCA","Mural","V11A20-405_C1",0.344465576200299
"PRCA","Mural","V11A20-405_D1",0.251699960316675
"PRCA","Mural","V11M22-349_C1",0.26817625327394
"PRCA","Mural","V11M22-349_D1",0.276094239087082
"PRCA","Mural","Visium_FFPE_Human_Prostate_Acinar_Cell_Carcinoma_211009",0.100680165814195
"PRCA","Mural","Visium_FFPE_Human_Prostate_Cancer_210609",0.360036268458048
"PRCA","Mural","Visium_FFPE_Human_Prostate_IF_220713",0.462065307201881
"SKCA","Mural","GSE144239_GSM4565823",0.00108380921609528
"SKCA","Mural","GSE144239_GSM4565824",0.000966009616370744
"SKCA","Mural","GSE144239_GSM4565825",0.0119558840421593
"SKCA","Mural","GSE144239_GSM4565826",0.00417075050627944
"SKCA","Mural","V10F24-015_A1",0.00213938711926821
"SKCA","Mural","V10F24-015_B1",0.0031373261489162
"SKCA","Mural","V10F24-015_C1",0.00208411163644058
"SKCA","Mural","V10F24-015_D1",0.00157925360395937
"SKCA","Mural","WSSKNKCLsp12140270",0.048042091268485
"SKCA","Mural","WSSKNKCLsp12140271",0.0195273618710725
"SKCA","Mural","WSSKNKCLsp12140272",0.0389092053857754
"SKCA","Mural","WSSKNKCLsp12140273",0.0199786212404943
"SKCA","Mural","WSSKNKCLsp12887267",0.0111366982482926
"SKCA","Mural","WSSKNKCLsp12887268",0.0610285798167032
"SKCA","Mural","WSSKNKCLsp12887269",0.0453557574532465
"SKCA","Mural","WSSKNKCLsp12887270",0.0195966298118809
"STCA","Mural","GSE251950_20_00331_LI_SING",0.0774880973702778
"STCA","Mural","GSE251950_21_00731_LI_SING",0.0395306858038757
"STCA","Mural","GSE251950_21_00732_LI_SING",0.0219299120047592
"STCA","Mural","GSE251950_21_00733_LI_SING",0.0500693820699879
"STCA","Mural","GSE251950_21_00734_LI_SING",0.0150879996165264
"STCA","Mural","GSE251950_21_01251_LI_SING",0.208682499751914
"STCA","Mural","GSE251950_21_01253_LI_SING",0.0361607434867759
"STCA","Mural","GSE251950_21_01254_LI_SING",0.00794569704640532
"STCA","Mural","GSE251950_21_01675_LI_SING",0.179902587921694
"STCA","Mural","GSM6177607_NYU_GIST1_Vis",0.12929768935131
"STCA","Mural","GSM6177609_NYU_GIST2_Vis",0.0866843986190535
"THCA","Mural","S16_43398",0.0274248770851033
"THCA","Mural","S20_47598",0.016691254669296
"THCA","Mural","S20_61122",0.0232333415745861
"THCA","Mural","S20_63981",0.00477299523674588
"THCA","Mural","S21_10267",0.00472577268880109
"UECA","Mural","01_034_C1d1",0.0529994168290836
"UECA","Mural","01_034_C3d1",0.0444024337962415
"UECA","Mural","01_039_C1d1",0.033877985028141
"UECA","Mural","01_039_C3d1",0.0330167433609215
"UECA","Mural","GSM6177623_NYU_UCEC3_Vis",0.0424559735719171
