"cancer_type","sample_id","celltype","count","proportion"
"BRCA","GSE176078_CID3586","Epithelial",586,0.116826156299841
"BRCA","GSE176078_CID3921","Epithelial",384,0.142644873699851
"BRCA","GSE176078_CID3941","Epithelial",190,0.348623853211009
"BRCA","GSE176078_CID3948","Epithelial",247,0.165771812080537
"BRCA","GSE176078_CID3963","Epithelial",185,0.0614822200066467
"BRCA","GSE176078_CID4066","Epithelial",748,0.15409971157808
"BRCA","GSE176078_CID4067","Epithelial",2127,0.698751642575558
"BRCA","GSE176078_CID4290A","Epithelial",3512,0.773568281938326
"BRCA","GSE176078_CID44041","Epithelial",137,0.0681253107906514
"BRCA","GSE176078_CID4461","Epithelial",169,0.782407407407407
"BRCA","GSE176078_CID4463","Epithelial",624,0.643298969072165
"BRCA","GSE176078_CID4465","Epithelial",115,0.2875
"BRCA","GSE176078_CID4471","Epithelial",2104,0.254075594734935
"BRCA","GSE176078_CID4495","Epithelial",1022,0.147432198499711
"BRCA","GSE176078_CID44971","Epithelial",1499,0.203862369101047
"BRCA","GSE176078_CID44991","Epithelial",3749,0.618748968476646
"BRCA","GSE176078_CID4513","Epithelial",230,0.0427668278170324
"BRCA","GSE176078_CID4515","Epithelial",2009,0.522360894435777
"BRCA","GSE176078_CID45171","Epithelial",780,0.343158820941487
"BRCA","GSE176078_CID4523","Epithelial",1042,0.727145847871598
"BRCA","GSE176078_CID4530N","Epithelial",2039,0.488617301701414
"BRCA","GSE176078_CID4535","Epithelial",2139,0.603725656223539
"BRCA","GSM4909253","Epithelial",3178,0.773989283974671
"BRCA","GSM4909254","Epithelial",4329,0.721139430284858
"BRCA","GSM4909255","Epithelial",1030,0.978157644824311
"BRCA","GSM4909256","Epithelial",5456,0.983240223463687
"BRCA","GSM4909257","Epithelial",1817,0.425526932084309
"BRCA","GSM4909258","Epithelial",2363,0.930681370618354
"BRCA","GSM4909259","Epithelial",2590,0.992337164750958
"BRCA","GSM4909260","Epithelial",4505,0.987938596491228
"BRCA","GSM4909261","Epithelial",840,0.276497695852535
"BRCA","GSM4909262","Epithelial",3150,1
"BRCA","GSM4909263","Epithelial",707,0.588186356073211
"BRCA","GSM4909264","Epithelial",1587,0.965328467153285
"BRCA","GSM4909265","Epithelial",2093,0.438692098092643
"BRCA","GSM4909266","Epithelial",685,0.169596434761079
"BRCA","GSM4909267","Epithelial",2543,1
"BRCA","GSM4909268","Epithelial",4352,0.748666781352142
"BRCA","GSM4909269","Epithelial",6741,0.990304098721904
"BRCA","GSM4909270","Epithelial",4520,0.53847986657136
"BRCA","GSM4909271","Epithelial",826,0.453846153846154
"BRCA","GSM4909272","Epithelial",704,0.519174041297935
"BRCA","GSM4909273","Epithelial",5498,0.992418772563177
"BRCA","GSM4909274","Epithelial",840,0.6056236481615
"BRCA","GSM4909275","Epithelial",9913,0.993784461152882
"BRCA","GSM4909276","Epithelial",1825,0.514229360383207
"BRCA","GSM4909277","Epithelial",3296,0.47492795389049
"BRCA","GSM4909278","Epithelial",1774,0.320853680593236
"BRCA","GSM4909279","Epithelial",2094,0.443550095318788
"BRCA","GSM4909280","Epithelial",217,0.0465465465465465
"BRCA","GSM4909281","Epithelial",1096,0.45233182005778
"BRCA","GSM4909282","Epithelial",11728,0.943599645989219
"BRCA","GSM4909283","Epithelial",40,0.0485436893203883
"BRCA","GSM4909284","Epithelial",168,0.117894736842105
"BRCA","GSM4909285","Epithelial",3934,0.985224142248936
"BRCA","GSM4909286","Epithelial",3067,0.963556393339617
"BRCA","GSM4909287","Epithelial",824,0.176899957063117
"BRCA","GSM4909288","Epithelial",559,0.0430264778325123
"BRCA","GSM4909289","Epithelial",2934,0.822079013729336
"BRCA","GSM4909290","Epithelial",3556,0.484534677749012
"BRCA","GSM4909291","Epithelial",1596,0.409545804464973
"BRCA","GSM4909292","Epithelial",131,0.450171821305842
"BRCA","GSM4909293","Epithelial",2984,0.886512180629828
"BRCA","GSM4909294","Epithelial",4333,0.502260345427147
"BRCA","GSM4909295","Epithelial",557,0.210347432024169
"BRCA","GSM4909296","Epithelial",3029,0.931713318978776
"BRCA","GSM4909297","Epithelial",2592,0.89875173370319
"BRCA","GSM4909298","Epithelial",1903,0.552074267478967
"BRCA","GSM4909299","Epithelial",5166,0.781424897897444
"BRCA","GSM4909300","Epithelial",546,0.534769833496572
"BRCA","GSM4909301","Epithelial",2647,0.688247529901196
"BRCA","GSM4909302","Epithelial",4188,0.598970251716247
"BRCA","GSM4909303","Epithelial",551,0.261633428300095
"BRCA","GSM4909304","Epithelial",3390,0.9130083490439
"BRCA","GSM4909305","Epithelial",1992,0.757990867579909
"BRCA","GSM4909306","Epithelial",5023,0.941871366960435
"BRCA","GSM4909307","Epithelial",3946,0.948557692307692
"BRCA","GSM4909308","Epithelial",3824,0.895340669632405
"BRCA","GSM4909309","Epithelial",2579,0.741731377624389
"BRCA","GSM4909310","Epithelial",177,0.790178571428571
"BRCA","GSM4909311","Epithelial",305,1
"BRCA","GSM4909312","Epithelial",4146,0.995677233429395
"BRCA","GSM4909313","Epithelial",3061,0.972672386399746
"BRCA","GSM4909314","Epithelial",429,0.39612188365651
"BRCA","GSM4909315","Epithelial",3504,0.676447876447876
"BRCA","GSM4909316","Epithelial",332,0.157345971563981
"BRCA","GSM4909317","Epithelial",2576,0.396368672103401
"BRCA","GSM4909318","Epithelial",662,0.242224661544091
"BRCA","GSM4909319","Epithelial",1073,0.916310845431255
"BRCA","GSM4909320","Epithelial",298,1
"BRCA","GSM4909321","Epithelial",2561,1
"BRCA","GSE176078_CID3586","Tcell",3816,0.760765550239234
"BRCA","GSE176078_CID3838","Tcell",1285,0.606418121755545
"BRCA","GSE176078_CID3921","Tcell",1389,0.515973254086181
"BRCA","GSE176078_CID3941","Tcell",231,0.423853211009174
"BRCA","GSE176078_CID3946","Tcell",20,0.0819672131147541
"BRCA","GSE176078_CID3948","Tcell",882,0.591946308724832
"BRCA","GSE176078_CID3963","Tcell",2336,0.77633765370555
"BRCA","GSE176078_CID4040","Tcell",1467,0.626387702818104
"BRCA","GSE176078_CID4066","Tcell",1896,0.390605686032138
"BRCA","GSE176078_CID4067","Tcell",357,0.117279894875164
"BRCA","GSE176078_CID4290A","Tcell",83,0.0182819383259912
"BRCA","GSE176078_CID4398","Tcell",1801,0.760236386661038
"BRCA","GSE176078_CID44041","Tcell",693,0.344604674291397
"BRCA","GSE176078_CID4463","Tcell",137,0.141237113402062
"BRCA","GSE176078_CID4471","Tcell",598,0.0722135007849294
"BRCA","GSE176078_CID4495","Tcell",3347,0.482833237160993
"BRCA","GSE176078_CID44971","Tcell",4102,0.557867537059703
"BRCA","GSE176078_CID44991","Tcell",592,0.0977058920613963
"BRCA","GSE176078_CID4513","Tcell",1448,0.269245072517665
"BRCA","GSE176078_CID4515","Tcell",382,0.0993239729589184
"BRCA","GSE176078_CID45171","Tcell",1254,0.551693796744391
"BRCA","GSE176078_CID4523","Tcell",157,0.109560362875087
"BRCA","GSE176078_CID4530N","Tcell",248,0.0594296669063024
"BRCA","GSE176078_CID4535","Tcell",225,0.0635055038103302
"BRCA","GSM4909254","Tcell",59,0.00982841912377145
"BRCA","GSM4909257","Tcell",18,0.00421545667447307
"BRCA","GSM4909261","Tcell",22,0.00724160631994733
"BRCA","GSM4909265","Tcell",283,0.0593167050932719
"BRCA","GSM4909266","Tcell",252,0.0623916811091854
"BRCA","GSM4909276","Tcell",159,0.0448013524936602
"BRCA","GSM4909279","Tcell",46,0.00974369836898962
"BRCA","GSM4909280","Tcell",471,0.101029601029601
"BRCA","GSM4909281","Tcell",588,0.24267437061494
"BRCA","GSM4909282","Tcell",27,0.00217233888486604
"BRCA","GSM4909283","Tcell",376,0.456310679611651
"BRCA","GSM4909284","Tcell",895,0.628070175438596
"BRCA","GSM4909286","Tcell",13,0.0040841972981464
"BRCA","GSM4909287","Tcell",1272,0.273078574495492
"BRCA","GSM4909288","Tcell",6445,0.496074507389163
"BRCA","GSM4909289","Tcell",149,0.041748388904455
"BRCA","GSM4909290","Tcell",572,0.0779397738111459
"BRCA","GSM4909291","Tcell",28,0.00718501411342058
"BRCA","GSM4909292","Tcell",50,0.171821305841924
"BRCA","GSM4909293","Tcell",187,0.0555555555555556
"BRCA","GSM4909294","Tcell",1582,0.183377767474209
"BRCA","GSM4909295","Tcell",1146,0.432779456193353
"BRCA","GSM4909297","Tcell",81,0.0280859916782247
"BRCA","GSM4909298","Tcell",946,0.274441543371047
"BRCA","GSM4909299","Tcell",136,0.0205717743155347
"BRCA","GSM4909300","Tcell",53,0.0519098922624878
"BRCA","GSM4909302","Tcell",191,0.0273169336384439
"BRCA","GSM4909303","Tcell",636,0.301994301994302
"BRCA","GSM4909304","Tcell",13,0.00350121195798546
"BRCA","GSM4909305","Tcell",166,0.0631659056316591
"BRCA","GSM4909306","Tcell",18,0.00337521095068442
"BRCA","GSM4909309","Tcell",39,0.0112165660051769
"BRCA","GSM4909314","Tcell",41,0.0378578024007387
"BRCA","GSM4909315","Tcell",1326,0.255984555984556
"BRCA","GSM4909316","Tcell",1151,0.545497630331754
"BRCA","GSM4909317","Tcell",1106,0.170180027696569
"BRCA","GSM4909318","Tcell",984,0.360043907793633
"BRCA","GSE176078_CID3586","Bcell",270,0.0538277511961723
"BRCA","GSE176078_CID3838","Bcell",89,0.0420009438414346
"BRCA","GSE176078_CID3921","Bcell",223,0.0828380386329866
"BRCA","GSE176078_CID3941","Bcell",46,0.0844036697247706
"BRCA","GSE176078_CID3948","Bcell",184,0.123489932885906
"BRCA","GSE176078_CID4040","Bcell",140,0.0597779675491033
"BRCA","GSE176078_CID4066","Bcell",25,0.00515039142974866
"BRCA","GSE176078_CID4067","Bcell",20,0.00657030223390276
"BRCA","GSE176078_CID4290A","Bcell",17,0.00374449339207048
"BRCA","GSE176078_CID4398","Bcell",76,0.0320810468552132
"BRCA","GSE176078_CID44041","Bcell",171,0.0850323222277474
"BRCA","GSE176078_CID4461","Bcell",11,0.0509259259259259
"BRCA","GSE176078_CID4465","Bcell",31,0.0775
"BRCA","GSE176078_CID4471","Bcell",135,0.0163023789397416
"BRCA","GSE176078_CID4495","Bcell",1427,0.205856895556838
"BRCA","GSE176078_CID44971","Bcell",386,0.0524955800353597
"BRCA","GSE176078_CID44991","Bcell",1281,0.211421026572042
"BRCA","GSE176078_CID4515","Bcell",520,0.135205408216329
"BRCA","GSE176078_CID45171","Bcell",52,0.0228772547294325
"BRCA","GSE176078_CID4530N","Bcell",36,0.00862688713156003
"BRCA","GSE176078_CID4535","Bcell",111,0.0313293818797629
"BRCA","GSM4909254","Bcell",5,0.000832916874895885
"BRCA","GSM4909261","Bcell",11,0.00362080315997367
"BRCA","GSM4909265","Bcell",56,0.01173758121987
"BRCA","GSM4909266","Bcell",150,0.0371379054221342
"BRCA","GSM4909268","Bcell",13,0.00223636676414932
"BRCA","GSM4909276","Bcell",5,0.00140884756269372
"BRCA","GSM4909277","Bcell",25,0.00360230547550432
"BRCA","GSM4909278","Bcell",10,0.00180864532465184
"BRCA","GSM4909280","Bcell",48,0.0102960102960103
"BRCA","GSM4909281","Bcell",181,0.0747007841518778
"BRCA","GSM4909282","Bcell",39,0.00313782283369539
"BRCA","GSM4909283","Bcell",101,0.122572815533981
"BRCA","GSM4909284","Bcell",38,0.0266666666666667
"BRCA","GSM4909287","Bcell",726,0.155860884499785
"BRCA","GSM4909288","Bcell",2644,0.203509852216749
"BRCA","GSM4909290","Bcell",1715,0.233683063087614
"BRCA","GSM4909291","Bcell",100,0.0256607646907878
"BRCA","GSM4909293","Bcell",8,0.0023767082590612
"BRCA","GSM4909294","Bcell",960,0.111278544105715
"BRCA","GSM4909295","Bcell",178,0.0672205438066465
"BRCA","GSM4909297","Bcell",11,0.00381414701803051
"BRCA","GSM4909298","Bcell",236,0.068465332172904
"BRCA","GSM4909299","Bcell",23,0.00347905006806837
"BRCA","GSM4909300","Bcell",70,0.0685602350636631
"BRCA","GSM4909302","Bcell",16,0.0022883295194508
"BRCA","GSM4909303","Bcell",73,0.0346628679962013
"BRCA","GSM4909305","Bcell",47,0.0178843226788432
"BRCA","GSM4909308","Bcell",24,0.00561929290564271
"BRCA","GSM4909309","Bcell",7,0.00201322979580098
"BRCA","GSM4909314","Bcell",552,0.509695290858726
"BRCA","GSM4909315","Bcell",32,0.00617760617760618
"BRCA","GSM4909316","Bcell",367,0.1739336492891
"BRCA","GSM4909317","Bcell",729,0.112171103246653
"BRCA","GSM4909318","Bcell",776,0.283937065495792
"BRCA","GSE176078_CID3586","Myeloid",105,0.020933014354067
"BRCA","GSE176078_CID3838","Myeloid",371,0.175082586125531
"BRCA","GSE176078_CID3921","Myeloid",358,0.132986627043091
"BRCA","GSE176078_CID3941","Myeloid",14,0.0256880733944954
"BRCA","GSE176078_CID3946","Myeloid",36,0.147540983606557
"BRCA","GSE176078_CID3948","Myeloid",89,0.0597315436241611
"BRCA","GSE176078_CID3963","Myeloid",369,0.122632103688933
"BRCA","GSE176078_CID4040","Myeloid",28,0.0119555935098207
"BRCA","GSE176078_CID4066","Myeloid",196,0.0403790688092295
"BRCA","GSE176078_CID4067","Myeloid",237,0.0778580814717477
"BRCA","GSE176078_CID4290A","Myeloid",310,0.0682819383259912
"BRCA","GSE176078_CID4398","Myeloid",189,0.0797804981004643
"BRCA","GSE176078_CID44041","Myeloid",95,0.0472401790154152
"BRCA","GSE176078_CID4461","Myeloid",10,0.0462962962962963
"BRCA","GSE176078_CID4463","Myeloid",92,0.0948453608247423
"BRCA","GSE176078_CID4465","Myeloid",66,0.165
"BRCA","GSE176078_CID4471","Myeloid",214,0.0258422895785533
"BRCA","GSE176078_CID4495","Myeloid",783,0.112954414310444
"BRCA","GSE176078_CID44971","Myeloid",564,0.076703386372909
"BRCA","GSE176078_CID44991","Myeloid",158,0.026076910381251
"BRCA","GSE176078_CID4513","Myeloid",2783,0.517478616586092
"BRCA","GSE176078_CID4515","Myeloid",537,0.139625585023401
"BRCA","GSE176078_CID45171","Myeloid",159,0.0699516058073031
"BRCA","GSE176078_CID4523","Myeloid",194,0.135380321004885
"BRCA","GSE176078_CID4530N","Myeloid",74,0.0177330457704289
"BRCA","GSE176078_CID4535","Myeloid",215,0.0606830369743156
"BRCA","GSM4909253","Myeloid",36,0.00876765708718948
"BRCA","GSM4909254","Myeloid",78,0.0129935032483758
"BRCA","GSM4909257","Myeloid",18,0.00421545667447307
"BRCA","GSM4909261","Myeloid",18,0.00592495062541146
"BRCA","GSM4909265","Myeloid",168,0.0352127436596101
"BRCA","GSM4909266","Myeloid",384,0.0950730378806635
"BRCA","GSM4909268","Myeloid",31,0.005332874591433
"BRCA","GSM4909269","Myeloid",13,0.00190979873659468
"BRCA","GSM4909270","Myeloid",38,0.00452704312604241
"BRCA","GSM4909275","Myeloid",30,0.00300751879699248
"BRCA","GSM4909276","Myeloid",84,0.0236686390532544
"BRCA","GSM4909277","Myeloid",32,0.00461095100864553
"BRCA","GSM4909278","Myeloid",21,0.00379815518176886
"BRCA","GSM4909279","Myeloid",24,0.00508366871425545
"BRCA","GSM4909280","Myeloid",93,0.0199485199485199
"BRCA","GSM4909281","Myeloid",390,0.160957490713991
"BRCA","GSM4909282","Myeloid",519,0.0417571807868694
"BRCA","GSM4909283","Myeloid",250,0.303398058252427
"BRCA","GSM4909284","Myeloid",233,0.163508771929825
"BRCA","GSM4909285","Myeloid",35,0.00876533934385174
"BRCA","GSM4909286","Myeloid",29,0.00911090166509582
"BRCA","GSM4909287","Myeloid",1306,0.280377844568484
"BRCA","GSM4909288","Myeloid",2513,0.193426724137931
"BRCA","GSM4909289","Myeloid",360,0.100868590641636
"BRCA","GSM4909290","Myeloid",1236,0.168415315438071
"BRCA","GSM4909291","Myeloid",747,0.191685912240185
"BRCA","GSM4909292","Myeloid",56,0.192439862542955
"BRCA","GSM4909293","Myeloid",119,0.0353535353535354
"BRCA","GSM4909294","Myeloid",873,0.101193926046134
"BRCA","GSM4909295","Myeloid",435,0.164274924471299
"BRCA","GSM4909296","Myeloid",76,0.0233774223315903
"BRCA","GSM4909297","Myeloid",58,0.0201109570041609
"BRCA","GSM4909298","Myeloid",161,0.0467072816942269
"BRCA","GSM4909299","Myeloid",189,0.0285887157767357
"BRCA","GSM4909300","Myeloid",89,0.0871694417238002
"BRCA","GSM4909301","Myeloid",1157,0.300832033281331
"BRCA","GSM4909302","Myeloid",343,0.0490560640732265
"BRCA","GSM4909303","Myeloid",286,0.135802469135802
"BRCA","GSM4909304","Myeloid",257,0.0692162671694048
"BRCA","GSM4909305","Myeloid",289,0.109969558599696
"BRCA","GSM4909306","Myeloid",161,0.0301893868366773
"BRCA","GSM4909307","Myeloid",201,0.0483173076923077
"BRCA","GSM4909308","Myeloid",177,0.041442285179115
"BRCA","GSM4909309","Myeloid",635,0.182628702904803
"BRCA","GSM4909312","Myeloid",10,0.00240153698366955
"BRCA","GSM4909313","Myeloid",33,0.0104861773117255
"BRCA","GSM4909314","Myeloid",52,0.0480147737765466
"BRCA","GSM4909315","Myeloid",288,0.0555984555984556
"BRCA","GSM4909316","Myeloid",146,0.0691943127962085
"BRCA","GSM4909317","Myeloid",1099,0.169102938913679
"BRCA","GSM4909318","Myeloid",250,0.0914745700695207
"BRCA","GSM4909319","Myeloid",56,0.0478223740392827
"BRCA","GSE176078_CID3586","Endothelial",109,0.0217304625199362
"BRCA","GSE176078_CID3838","Endothelial",84,0.0396413402548372
"BRCA","GSE176078_CID3921","Endothelial",194,0.0720653789004458
"BRCA","GSE176078_CID3941","Endothelial",41,0.0752293577981651
"BRCA","GSE176078_CID3946","Endothelial",26,0.10655737704918
"BRCA","GSE176078_CID3948","Endothelial",61,0.0409395973154362
"BRCA","GSE176078_CID3963","Endothelial",92,0.0305749418411432
"BRCA","GSE176078_CID4040","Endothelial",182,0.0777113578138343
"BRCA","GSE176078_CID4066","Endothelial",486,0.100123609394314
"BRCA","GSE176078_CID4067","Endothelial",135,0.0443495400788436
"BRCA","GSE176078_CID4290A","Endothelial",271,0.0596916299559471
"BRCA","GSE176078_CID4398","Endothelial",78,0.0329252849303504
"BRCA","GSE176078_CID44041","Endothelial",126,0.0626553953257086
"BRCA","GSE176078_CID4461","Endothelial",20,0.0925925925925926
"BRCA","GSE176078_CID4463","Endothelial",73,0.0752577319587629
"BRCA","GSE176078_CID4465","Endothelial",84,0.21
"BRCA","GSE176078_CID4471","Endothelial",2704,0.326530612244898
"BRCA","GSE176078_CID4495","Endothelial",90,0.0129832660126947
"BRCA","GSE176078_CID44971","Endothelial",169,0.022983816129471
"BRCA","GSE176078_CID44991","Endothelial",24,0.00396104967816471
"BRCA","GSE176078_CID4513","Endothelial",147,0.0273335812569729
"BRCA","GSE176078_CID4515","Endothelial",117,0.0304212168486739
"BRCA","GSE176078_CID45171","Endothelial",3,0.00131984161900572
"BRCA","GSE176078_CID4530N","Endothelial",973,0.233165588305775
"BRCA","GSE176078_CID4535","Endothelial",204,0.0575783234546994
"BRCA","GSM4909253","Endothelial",238,0.0579639551875304
"BRCA","GSM4909254","Endothelial",363,0.0604697651174413
"BRCA","GSM4909256","Endothelial",38,0.00684808073526762
"BRCA","GSM4909257","Endothelial",1063,0.248946135831382
"BRCA","GSM4909258","Endothelial",7,0.00275699094131548
"BRCA","GSM4909260","Endothelial",10,0.00219298245614035
"BRCA","GSM4909261","Endothelial",270,0.0888742593811718
"BRCA","GSM4909263","Endothelial",218,0.181364392678869
"BRCA","GSM4909265","Endothelial",257,0.0538671138126179
"BRCA","GSM4909266","Endothelial",324,0.0802178757118099
"BRCA","GSM4909268","Endothelial",433,0.0744882160674351
"BRCA","GSM4909269","Endothelial",20,0.00293815190245336
"BRCA","GSM4909270","Endothelial",1660,0.197760304979747
"BRCA","GSM4909271","Endothelial",545,0.299450549450549
"BRCA","GSM4909272","Endothelial",585,0.43141592920354
"BRCA","GSM4909273","Endothelial",24,0.00433212996389892
"BRCA","GSM4909274","Endothelial",278,0.200432588320115
"BRCA","GSM4909276","Endothelial",392,0.110453648915187
"BRCA","GSM4909277","Endothelial",1311,0.188904899135447
"BRCA","GSM4909278","Endothelial",1712,0.309640079580394
"BRCA","GSM4909279","Endothelial",686,0.145308197415802
"BRCA","GSM4909280","Endothelial",624,0.133848133848134
"BRCA","GSM4909281","Endothelial",20,0.00825423029302517
"BRCA","GSM4909282","Endothelial",12,0.000965483948829351
"BRCA","GSM4909283","Endothelial",19,0.0230582524271845
"BRCA","GSM4909284","Endothelial",10,0.00701754385964912
"BRCA","GSM4909286","Endothelial",6,0.00188501413760603
"BRCA","GSM4909287","Endothelial",47,0.0100901674538429
"BRCA","GSM4909288","Endothelial",196,0.0150862068965517
"BRCA","GSM4909289","Endothelial",22,0.00616419165032222
"BRCA","GSM4909290","Endothelial",20,0.00272516691647363
"BRCA","GSM4909291","Endothelial",362,0.0928919681806518
"BRCA","GSM4909292","Endothelial",19,0.0652920962199313
"BRCA","GSM4909293","Endothelial",17,0.00505050505050505
"BRCA","GSM4909294","Endothelial",141,0.0163440361655268
"BRCA","GSM4909295","Endothelial",19,0.00717522658610272
"BRCA","GSM4909297","Endothelial",5,0.00173370319001387
"BRCA","GSM4909298","Endothelial",76,0.0220481578183928
"BRCA","GSM4909299","Endothelial",96,0.0145212524580245
"BRCA","GSM4909300","Endothelial",92,0.0901077375122429
"BRCA","GSM4909301","Endothelial",12,0.0031201248049922
"BRCA","GSM4909302","Endothelial",98,0.0140160183066362
"BRCA","GSM4909303","Endothelial",77,0.0365622032288699
"BRCA","GSM4909304","Endothelial",10,0.00269323996768112
"BRCA","GSM4909305","Endothelial",29,0.0110350076103501
"BRCA","GSM4909306","Endothelial",11,0.00206262891430714
"BRCA","GSM4909308","Endothelial",28,0.00655584172324982
"BRCA","GSM4909309","Endothelial",33,0.0094909404659189
"BRCA","GSM4909310","Endothelial",41,0.183035714285714
"BRCA","GSM4909313","Endothelial",13,0.00413091833492215
"BRCA","GSM4909315","Endothelial",5,0.000965250965250965
"BRCA","GSM4909316","Endothelial",13,0.00616113744075829
"BRCA","GSM4909317","Endothelial",64,0.00984766887213417
"BRCA","GSM4909318","Endothelial",18,0.00658616904500549
"BRCA","GSM4909319","Endothelial",9,0.00768573868488471
"BRCA","GSE176078_CID3586","Fibroblast",124,0.0247208931419458
"BRCA","GSE176078_CID3838","Fibroblast",178,0.0840018876828693
"BRCA","GSE176078_CID3921","Fibroblast",88,0.0326894502228826
"BRCA","GSE176078_CID3941","Fibroblast",2,0.0036697247706422
"BRCA","GSE176078_CID3946","Fibroblast",33,0.135245901639344
"BRCA","GSE176078_CID3948","Fibroblast",5,0.00335570469798658
"BRCA","GSE176078_CID3963","Fibroblast",7,0.00232635427052177
"BRCA","GSE176078_CID4040","Fibroblast",175,0.0747224594363792
"BRCA","GSE176078_CID4066","Fibroblast",989,0.203749484960857
"BRCA","GSE176078_CID4067","Fibroblast",120,0.0394218134034166
"BRCA","GSE176078_CID4290A","Fibroblast",262,0.0577092511013216
"BRCA","GSE176078_CID4398","Fibroblast",167,0.0704938792739553
"BRCA","GSE176078_CID44041","Fibroblast",687,0.341621084037792
"BRCA","GSE176078_CID4461","Fibroblast",6,0.0277777777777778
"BRCA","GSE176078_CID4463","Fibroblast",21,0.0216494845360825
"BRCA","GSE176078_CID4465","Fibroblast",86,0.215
"BRCA","GSE176078_CID4471","Fibroblast",1454,0.175582659099143
"BRCA","GSE176078_CID4495","Fibroblast",189,0.027264858626659
"BRCA","GSE176078_CID44971","Fibroblast",579,0.0787433700530396
"BRCA","GSE176078_CID44991","Fibroblast",231,0.0381251031523354
"BRCA","GSE176078_CID4513","Fibroblast",692,0.128672368910376
"BRCA","GSE176078_CID4515","Fibroblast",177,0.0460218408736349
"BRCA","GSE176078_CID45171","Fibroblast",23,0.0101187857457105
"BRCA","GSE176078_CID4523","Fibroblast",39,0.0272156315422191
"BRCA","GSE176078_CID4530N","Fibroblast",391,0.0936975796788881
"BRCA","GSE176078_CID4535","Fibroblast",94,0.026531188258538
"BRCA","GSM4909253","Fibroblast",514,0.12518265952265
"BRCA","GSM4909254","Fibroblast",939,0.156421789105447
"BRCA","GSM4909255","Fibroblast",17,0.0161443494776828
"BRCA","GSM4909256","Fibroblast",48,0.00865020724454857
"BRCA","GSM4909257","Fibroblast",854,0.2
"BRCA","GSM4909258","Fibroblast",167,0.0657739267428121
"BRCA","GSM4909259","Fibroblast",17,0.00651340996168582
"BRCA","GSM4909260","Fibroblast",41,0.00899122807017544
"BRCA","GSM4909261","Fibroblast",1640,0.53982883475971
"BRCA","GSM4909263","Fibroblast",211,0.175540765391015
"BRCA","GSM4909264","Fibroblast",42,0.0255474452554745
"BRCA","GSM4909265","Fibroblast",1562,0.327394676168518
"BRCA","GSM4909266","Fibroblast",1846,0.457043822728398
"BRCA","GSM4909268","Fibroblast",837,0.143987613968691
"BRCA","GSM4909269","Fibroblast",23,0.00337887468782136
"BRCA","GSM4909270","Fibroblast",1502,0.178937336192518
"BRCA","GSM4909271","Fibroblast",223,0.122527472527473
"BRCA","GSM4909272","Fibroblast",43,0.0317109144542773
"BRCA","GSM4909273","Fibroblast",9,0.00162454873646209
"BRCA","GSM4909274","Fibroblast",182,0.131218457101658
"BRCA","GSM4909275","Fibroblast",30,0.00300751879699248
"BRCA","GSM4909276","Fibroblast",915,0.25781910397295
"BRCA","GSM4909277","Fibroblast",1655,0.238472622478386
"BRCA","GSM4909278","Fibroblast",1588,0.287212877554712
"BRCA","GSM4909279","Fibroblast",1488,0.315187460283838
"BRCA","GSM4909280","Fibroblast",2664,0.571428571428571
"BRCA","GSM4909281","Fibroblast",139,0.057366900536525
"BRCA","GSM4909282","Fibroblast",84,0.00675838764180546
"BRCA","GSM4909283","Fibroblast",28,0.0339805825242718
"BRCA","GSM4909284","Fibroblast",55,0.0385964912280702
"BRCA","GSM4909285","Fibroblast",23,0.00576008014024543
"BRCA","GSM4909286","Fibroblast",66,0.0207351555136664
"BRCA","GSM4909287","Fibroblast",440,0.094461142121082
"BRCA","GSM4909288","Fibroblast",573,0.0441040640394089
"BRCA","GSM4909289","Fibroblast",44,0.0123283833006444
"BRCA","GSM4909290","Fibroblast",209,0.0284779942771495
"BRCA","GSM4909291","Fibroblast",976,0.250449063382089
"BRCA","GSM4909292","Fibroblast",25,0.0859106529209622
"BRCA","GSM4909293","Fibroblast",41,0.0121806298276887
"BRCA","GSM4909294","Fibroblast",651,0.0754607627216877
"BRCA","GSM4909295","Fibroblast",284,0.107250755287009
"BRCA","GSM4909296","Fibroblast",136,0.0418332820670563
"BRCA","GSM4909297","Fibroblast",119,0.0412621359223301
"BRCA","GSM4909298","Fibroblast",62,0.0179866550623731
"BRCA","GSM4909299","Fibroblast",631,0.0954469823022236
"BRCA","GSM4909300","Fibroblast",136,0.133202742409403
"BRCA","GSM4909301","Fibroblast",30,0.0078003120124805
"BRCA","GSM4909302","Fibroblast",1986,0.284038901601831
"BRCA","GSM4909303","Fibroblast",441,0.209401709401709
"BRCA","GSM4909304","Fibroblast",41,0.0110422838674926
"BRCA","GSM4909305","Fibroblast",63,0.023972602739726
"BRCA","GSM4909306","Fibroblast",108,0.0202512657041065
"BRCA","GSM4909307","Fibroblast",13,0.003125
"BRCA","GSM4909308","Fibroblast",154,0.036057129477874
"BRCA","GSM4909309","Fibroblast",161,0.0463042853034225
"BRCA","GSM4909310","Fibroblast",3,0.0133928571428571
"BRCA","GSM4909312","Fibroblast",7,0.00168107588856868
"BRCA","GSM4909313","Fibroblast",38,0.0120749920559263
"BRCA","GSM4909314","Fibroblast",8,0.00738688827331487
"BRCA","GSM4909315","Fibroblast",21,0.00405405405405405
"BRCA","GSM4909316","Fibroblast",101,0.0478672985781991
"BRCA","GSM4909317","Fibroblast",806,0.12401907985844
"BRCA","GSM4909318","Fibroblast",36,0.013172338090011
"BRCA","GSM4909319","Fibroblast",25,0.0213492741246798
"BRCA","GSE176078_CID3586","Mural",6,0.00119617224880383
"BRCA","GSE176078_CID3838","Mural",112,0.0528551203397829
"BRCA","GSE176078_CID3921","Mural",56,0.0208023774145617
"BRCA","GSE176078_CID3941","Mural",21,0.0385321100917431
"BRCA","GSE176078_CID3946","Mural",129,0.528688524590164
"BRCA","GSE176078_CID3948","Mural",22,0.0147651006711409
"BRCA","GSE176078_CID3963","Mural",20,0.00664672648720505
"BRCA","GSE176078_CID4040","Mural",350,0.149444918872758
"BRCA","GSE176078_CID4066","Mural",514,0.105892047795632
"BRCA","GSE176078_CID4067","Mural",48,0.0157687253613666
"BRCA","GSE176078_CID4290A","Mural",85,0.0187224669603524
"BRCA","GSE176078_CID4398","Mural",58,0.0244829041789785
"BRCA","GSE176078_CID44041","Mural",102,0.0507210343112879
"BRCA","GSE176078_CID4463","Mural",23,0.0237113402061856
"BRCA","GSE176078_CID4465","Mural",18,0.045
"BRCA","GSE176078_CID4471","Mural",1072,0.1294529646178
"BRCA","GSE176078_CID4495","Mural",74,0.0106751298326601
"BRCA","GSE176078_CID44971","Mural",54,0.00734394124847001
"BRCA","GSE176078_CID44991","Mural",24,0.00396104967816471
"BRCA","GSE176078_CID4513","Mural",78,0.0145035329118631
"BRCA","GSE176078_CID4515","Mural",104,0.0270410816432657
"BRCA","GSE176078_CID45171","Mural",2,0.00087989441267048
"BRCA","GSE176078_CID4523","Mural",1,0.000697836706210747
"BRCA","GSE176078_CID4530N","Mural",412,0.0987299305056314
"BRCA","GSE176078_CID4535","Mural",555,0.156646909398815
"BRCA","GSM4909253","Mural",140,0.0340964442279591
"BRCA","GSM4909254","Mural",230,0.0383141762452107
"BRCA","GSM4909255","Mural",6,0.0056980056980057
"BRCA","GSM4909256","Mural",7,0.00126148855649667
"BRCA","GSM4909257","Mural",500,0.117096018735363
"BRCA","GSM4909258","Mural",2,0.000787711697518708
"BRCA","GSM4909259","Mural",3,0.00114942528735632
"BRCA","GSM4909260","Mural",4,0.00087719298245614
"BRCA","GSM4909261","Mural",237,0.0780118499012508
"BRCA","GSM4909263","Mural",66,0.0549084858569052
"BRCA","GSM4909264","Mural",15,0.00912408759124088
"BRCA","GSM4909265","Mural",352,0.0737790819534689
"BRCA","GSM4909266","Mural",398,0.0985392423867294
"BRCA","GSM4909268","Mural",147,0.02528814725615
"BRCA","GSM4909269","Mural",10,0.00146907595122668
"BRCA","GSM4909270","Mural",674,0.0802954491303312
"BRCA","GSM4909271","Mural",226,0.124175824175824
"BRCA","GSM4909272","Mural",24,0.0176991150442478
"BRCA","GSM4909273","Mural",9,0.00162454873646209
"BRCA","GSM4909274","Mural",87,0.0627253064167267
"BRCA","GSM4909275","Mural",2,0.000200501253132832
"BRCA","GSM4909276","Mural",169,0.0476190476190476
"BRCA","GSM4909277","Mural",621,0.0894812680115274
"BRCA","GSM4909278","Mural",424,0.0766865617652378
"BRCA","GSM4909279","Mural",383,0.0811268798983266
"BRCA","GSM4909280","Mural",545,0.116902616902617
"BRCA","GSM4909281","Mural",9,0.00371440363186133
"BRCA","GSM4909282","Mural",20,0.00160913991471558
"BRCA","GSM4909283","Mural",10,0.0121359223300971
"BRCA","GSM4909284","Mural",26,0.0182456140350877
"BRCA","GSM4909285","Mural",1,0.000250438266967193
"BRCA","GSM4909286","Mural",2,0.000628338045868677
"BRCA","GSM4909287","Mural",43,0.00923142979819665
"BRCA","GSM4909288","Mural",62,0.00477216748768473
"BRCA","GSM4909289","Mural",60,0.0168114317736061
"BRCA","GSM4909290","Mural",31,0.00422400872053413
"BRCA","GSM4909291","Mural",88,0.0225814729278933
"BRCA","GSM4909292","Mural",10,0.0343642611683849
"BRCA","GSM4909293","Mural",10,0.0029708853238265
"BRCA","GSM4909294","Mural",87,0.0100846180595804
"BRCA","GSM4909295","Mural",29,0.0109516616314199
"BRCA","GSM4909296","Mural",10,0.00307597662257767
"BRCA","GSM4909297","Mural",18,0.00624133148404993
"BRCA","GSM4909298","Mural",63,0.0182767624020888
"BRCA","GSM4909299","Mural",370,0.0559673271819694
"BRCA","GSM4909300","Mural",35,0.0342801175318315
"BRCA","GSM4909302","Mural",170,0.0243135011441648
"BRCA","GSM4909303","Mural",42,0.0199430199430199
"BRCA","GSM4909304","Mural",2,0.000538647993536224
"BRCA","GSM4909305","Mural",42,0.0159817351598174
"BRCA","GSM4909306","Mural",12,0.00225014063378961
"BRCA","GSM4909308","Mural",64,0.0149847810817139
"BRCA","GSM4909309","Mural",23,0.00661489790048893
"BRCA","GSM4909310","Mural",3,0.0133928571428571
"BRCA","GSM4909312","Mural",1,0.000240153698366955
"BRCA","GSM4909313","Mural",2,0.000635525897680331
"BRCA","GSM4909314","Mural",1,0.000923361034164358
"BRCA","GSM4909315","Mural",4,0.000772200772200772
"BRCA","GSM4909317","Mural",119,0.0183105093091245
"BRCA","GSM4909318","Mural",7,0.00256128796194658
"BRCA","GSM4909319","Mural",8,0.00683176771989752
"COCA","KUL01-B","Epithelial",1039,0.518204488778055
"COCA","KUL01-N","Epithelial",164,0.0863157894736842
"COCA","KUL01-T","Epithelial",696,0.385168788046486
"COCA","KUL19-B","Epithelial",187,0.0625627300100368
"COCA","KUL19-N","Epithelial",272,0.153153153153153
"COCA","KUL19-T","Epithelial",440,0.157762638938688
"COCA","KUL21-B","Epithelial",726,0.432657926102503
"COCA","KUL21-N","Epithelial",229,0.188943894389439
"COCA","KUL21-T","Epithelial",737,0.358288770053476
"COCA","KUL28-B","Epithelial",16,0.0426666666666667
"COCA","KUL28-N","Epithelial",17,0.0203349282296651
"COCA","KUL28-T","Epithelial",31,0.0790816326530612
"COCA","KUL30-B","Epithelial",175,0.247175141242938
"COCA","KUL30-N","Epithelial",139,0.0710270822687787
"COCA","KUL30-T","Epithelial",61,0.121513944223108
"COCA","KUL31-B","Epithelial",486,0.468659594985535
"COCA","KUL31-N","Epithelial",247,0.175550817341862
"COCA","KUL31-T","Epithelial",33,0.647058823529412
"COCA","SMC01-N","Epithelial",132,0.0595667870036101
"COCA","SMC01-T","Epithelial",1036,0.394516374714394
"COCA","SMC02-N","Epithelial",95,0.0789036544850498
"COCA","SMC02-T","Epithelial",330,0.218543046357616
"COCA","SMC03-N","Epithelial",51,0.0434412265758092
"COCA","SMC03-T","Epithelial",774,0.38796992481203
"COCA","SMC04-N","Epithelial",144,0.0871143375680581
"COCA","SMC04-T","Epithelial",285,0.166374781085814
"COCA","SMC05-N","Epithelial",64,0.0633036597428289
"COCA","SMC05-T","Epithelial",5,0.0087719298245614
"COCA","SMC06-N","Epithelial",19,0.0141791044776119
"COCA","SMC06-T","Epithelial",174,0.124197002141328
"COCA","SMC07-N","Epithelial",108,0.0522243713733075
"COCA","SMC07-T","Epithelial",490,0.133660665575559
"COCA","SMC08-N","Epithelial",16,0.0105680317040951
"COCA","SMC08-T","Epithelial",288,0.14961038961039
"COCA","SMC09-N","Epithelial",151,0.146601941747573
"COCA","SMC09-T","Epithelial",1770,0.493586168432794
"COCA","SMC10-N","Epithelial",105,0.0572207084468665
"COCA","SMC10-T","Epithelial",463,0.230004967709886
"COCA","SMC11-T","Epithelial",285,0.186031331592689
"COCA","SMC13N-A1","Epithelial",86,0.0719665271966527
"COCA","SMC13N-A1-F","Epithelial",43,0.0274584929757344
"COCA","SMC13T-A1","Epithelial",714,0.3317843866171
"COCA","SMC13T-A1-F","Epithelial",964,0.328114363512594
"COCA","SMC14-T","Epithelial",141,0.0863441518677281
"COCA","SMC15-T","Epithelial",286,0.151003167898627
"COCA","SMC16-T","Epithelial",1769,0.897513952308473
"COCA","SMC17-T","Epithelial",488,0.383949645948072
"COCA","SMC171-N-BEL","Epithelial",105,0.09391771019678
"COCA","SMC171-N-SGI","Epithelial",151,0.102931152010907
"COCA","SMC171-N-SING","Epithelial",367,0.244666666666667
"COCA","SMC171-T-BEL","Epithelial",352,0.23864406779661
"COCA","SMC171-T-SGI","Epithelial",414,0.279352226720648
"COCA","SMC171-T-SING","Epithelial",582,0.363522798251093
"COCA","SMC18-T","Epithelial",1162,0.747266881028939
"COCA","SMC19-T","Epithelial",337,0.236491228070175
"COCA","SMC20-T","Epithelial",513,0.312043795620438
"COCA","SMC21-T","Epithelial",1465,0.706705258080077
"COCA","SMC22-T","Epithelial",1660,0.793878527020564
"COCA","SMC23-T","Epithelial",554,0.372061786433848
"COCA","SMC24-T","Epithelial",302,0.205862304021813
"COCA","SMC25-T","Epithelial",375,0.250836120401338
"COCA","KUL01-B","Tcell",391,0.19501246882793
"COCA","KUL01-N","Tcell",228,0.12
"COCA","KUL01-T","Tcell",303,0.167681239623686
"COCA","KUL19-B","Tcell",1334,0.446303111408498
"COCA","KUL19-N","Tcell",198,0.111486486486486
"COCA","KUL19-T","Tcell",1262,0.452491932592327
"COCA","KUL21-B","Tcell",217,0.129320619785459
"COCA","KUL21-N","Tcell",489,0.403465346534653
"COCA","KUL21-T","Tcell",224,0.10889645114244
"COCA","KUL28-B","Tcell",18,0.048
"COCA","KUL28-N","Tcell",121,0.144736842105263
"COCA","KUL28-T","Tcell",57,0.145408163265306
"COCA","KUL30-B","Tcell",29,0.0409604519774011
"COCA","KUL30-N","Tcell",23,0.0117526826775677
"COCA","KUL30-T","Tcell",10,0.0199203187250996
"COCA","KUL31-B","Tcell",265,0.255544840887175
"COCA","KUL31-N","Tcell",439,0.312011371712864
"COCA","KUL31-T","Tcell",18,0.352941176470588
"COCA","SMC01-N","Tcell",852,0.384476534296029
"COCA","SMC01-T","Tcell",1182,0.45011424219345
"COCA","SMC02-N","Tcell",400,0.332225913621262
"COCA","SMC02-T","Tcell",513,0.339735099337748
"COCA","SMC03-N","Tcell",463,0.394378194207836
"COCA","SMC03-T","Tcell",480,0.240601503759398
"COCA","SMC04-N","Tcell",516,0.312159709618875
"COCA","SMC04-T","Tcell",453,0.264448336252189
"COCA","SMC05-N","Tcell",466,0.460929772502473
"COCA","SMC05-T","Tcell",452,0.792982456140351
"COCA","SMC06-N","Tcell",820,0.611940298507463
"COCA","SMC06-T","Tcell",895,0.638829407566024
"COCA","SMC07-N","Tcell",930,0.449709864603482
"COCA","SMC07-T","Tcell",2005,0.546917621385707
"COCA","SMC08-N","Tcell",687,0.453764861294584
"COCA","SMC08-T","Tcell",961,0.499220779220779
"COCA","SMC09-N","Tcell",384,0.372815533980583
"COCA","SMC09-T","Tcell",1406,0.392080312325711
"COCA","SMC10-N","Tcell",585,0.318801089918256
"COCA","SMC10-T","Tcell",729,0.362146050670641
"COCA","SMC11-T","Tcell",910,0.593994778067885
"COCA","SMC13N-A1","Tcell",501,0.419246861924686
"COCA","SMC13N-A1-F","Tcell",731,0.466794380587484
"COCA","SMC13T-A1","Tcell",1049,0.487453531598513
"COCA","SMC13T-A1-F","Tcell",1423,0.484343090537781
"COCA","SMC14-T","Tcell",631,0.386405388854868
"COCA","SMC15-T","Tcell",851,0.449313621964097
"COCA","SMC16-T","Tcell",148,0.0750887874175545
"COCA","SMC17-T","Tcell",227,0.178599527930763
"COCA","SMC171-N-BEL","Tcell",480,0.429338103756708
"COCA","SMC171-N-SGI","Tcell",436,0.297205180640763
"COCA","SMC171-N-SING","Tcell",367,0.244666666666667
"COCA","SMC171-T-BEL","Tcell",724,0.490847457627119
"COCA","SMC171-T-SGI","Tcell",692,0.46693657219973
"COCA","SMC171-T-SING","Tcell",624,0.389756402248595
"COCA","SMC18-T","Tcell",268,0.172347266881029
"COCA","SMC19-T","Tcell",725,0.508771929824561
"COCA","SMC20-T","Tcell",344,0.209245742092457
"COCA","SMC21-T","Tcell",488,0.235407621804149
"COCA","SMC22-T","Tcell",335,0.160210425633668
"COCA","SMC23-T","Tcell",591,0.396910678307589
"COCA","SMC24-T","Tcell",655,0.446489434219496
"COCA","SMC25-T","Tcell",793,0.530434782608696
"COCA","KUL01-N","Bcell",336,0.176842105263158
"COCA","KUL19-B","Bcell",899,0.300769488123118
"COCA","KUL19-N","Bcell",435,0.244932432432432
"COCA","KUL19-T","Bcell",475,0.170311939763356
"COCA","KUL21-B","Bcell",13,0.00774731823599523
"COCA","KUL21-N","Bcell",282,0.232673267326733
"COCA","KUL21-T","Bcell",89,0.0432668935342732
"COCA","KUL28-B","Bcell",109,0.290666666666667
"COCA","KUL28-N","Bcell",238,0.284688995215311
"COCA","KUL30-B","Bcell",237,0.334745762711864
"COCA","KUL30-N","Bcell",628,0.320899335717936
"COCA","KUL30-T","Bcell",80,0.159362549800797
"COCA","KUL31-B","Bcell",102,0.0983606557377049
"COCA","KUL31-N","Bcell",430,0.305614783226724
"COCA","SMC01-N","Bcell",720,0.324909747292419
"COCA","SMC01-T","Bcell",120,0.0456968773800457
"COCA","SMC02-N","Bcell",456,0.378737541528239
"COCA","SMC02-T","Bcell",79,0.052317880794702
"COCA","SMC03-N","Bcell",642,0.546848381601363
"COCA","SMC03-T","Bcell",288,0.144360902255639
"COCA","SMC04-N","Bcell",528,0.319419237749546
"COCA","SMC04-T","Bcell",98,0.057209573847052
"COCA","SMC05-N","Bcell",236,0.233432245301681
"COCA","SMC05-T","Bcell",101,0.17719298245614
"COCA","SMC06-N","Bcell",425,0.317164179104478
"COCA","SMC06-T","Bcell",89,0.0635260528194147
"COCA","SMC07-N","Bcell",482,0.233075435203095
"COCA","SMC07-T","Bcell",739,0.201582105837425
"COCA","SMC08-N","Bcell",559,0.369220607661823
"COCA","SMC08-T","Bcell",283,0.147012987012987
"COCA","SMC09-N","Bcell",341,0.331067961165049
"COCA","SMC09-T","Bcell",17,0.00474065811489124
"COCA","SMC10-N","Bcell",371,0.202179836512262
"COCA","SMC10-T","Bcell",100,0.0496770988574267
"COCA","SMC11-T","Bcell",240,0.156657963446475
"COCA","SMC13N-A1","Bcell",403,0.337238493723849
"COCA","SMC13N-A1-F","Bcell",615,0.39272030651341
"COCA","SMC13T-A1","Bcell",181,0.0841078066914498
"COCA","SMC13T-A1-F","Bcell",239,0.0813478556841389
"COCA","SMC14-T","Bcell",57,0.0349050826699326
"COCA","SMC15-T","Bcell",370,0.195353748680042
"COCA","SMC16-T","Bcell",12,0.0060882800608828
"COCA","SMC17-T","Bcell",41,0.032258064516129
"COCA","SMC171-N-BEL","Bcell",399,0.356887298747764
"COCA","SMC171-N-SGI","Bcell",704,0.479890933878664
"COCA","SMC171-N-SING","Bcell",621,0.414
"COCA","SMC171-T-BEL","Bcell",203,0.137627118644068
"COCA","SMC171-T-SGI","Bcell",227,0.153171390013495
"COCA","SMC171-T-SING","Bcell",206,0.128669581511555
"COCA","SMC18-T","Bcell",52,0.0334405144694534
"COCA","SMC19-T","Bcell",318,0.223157894736842
"COCA","SMC20-T","Bcell",85,0.0517031630170316
"COCA","SMC21-T","Bcell",65,0.0313555233960444
"COCA","SMC22-T","Bcell",21,0.0100430416068867
"COCA","SMC23-T","Bcell",106,0.071188717259906
"COCA","SMC24-T","Bcell",153,0.104294478527607
"COCA","SMC25-T","Bcell",242,0.161872909698997
"COCA","KUL01-B","Myeloid",340,0.169576059850374
"COCA","KUL01-N","Myeloid",330,0.173684210526316
"COCA","KUL01-T","Myeloid",325,0.179856115107914
"COCA","KUL19-B","Myeloid",151,0.0505185680829709
"COCA","KUL19-N","Myeloid",252,0.141891891891892
"COCA","KUL19-T","Myeloid",202,0.072427393330943
"COCA","KUL21-B","Myeloid",275,0.16388557806913
"COCA","KUL21-N","Myeloid",77,0.0635313531353135
"COCA","KUL21-T","Myeloid",256,0.124453087019932
"COCA","KUL28-B","Myeloid",42,0.112
"COCA","KUL28-N","Myeloid",29,0.034688995215311
"COCA","KUL28-T","Myeloid",65,0.165816326530612
"COCA","KUL30-B","Myeloid",75,0.105932203389831
"COCA","KUL30-N","Myeloid",82,0.0419008686765457
"COCA","KUL30-T","Myeloid",64,0.127490039840637
"COCA","KUL31-B","Myeloid",74,0.0713596914175506
"COCA","KUL31-N","Myeloid",36,0.0255863539445629
"COCA","SMC01-N","Myeloid",116,0.0523465703971119
"COCA","SMC01-T","Myeloid",154,0.0586443259710586
"COCA","SMC02-N","Myeloid",16,0.0132890365448505
"COCA","SMC02-T","Myeloid",507,0.335761589403973
"COCA","SMC03-T","Myeloid",283,0.141854636591479
"COCA","SMC04-N","Myeloid",57,0.0344827586206897
"COCA","SMC04-T","Myeloid",755,0.440747227086982
"COCA","SMC05-N","Myeloid",15,0.0148367952522255
"COCA","SMC05-T","Myeloid",6,0.0105263157894737
"COCA","SMC06-N","Myeloid",20,0.0149253731343284
"COCA","SMC06-T","Myeloid",183,0.130620985010707
"COCA","SMC07-N","Myeloid",25,0.0120889748549323
"COCA","SMC07-T","Myeloid",272,0.0741953082378614
"COCA","SMC08-N","Myeloid",59,0.0389696169088507
"COCA","SMC08-T","Myeloid",256,0.132987012987013
"COCA","SMC09-N","Myeloid",32,0.0310679611650485
"COCA","SMC09-T","Myeloid",374,0.104294478527607
"COCA","SMC10-N","Myeloid",86,0.046866485013624
"COCA","SMC10-T","Myeloid",589,0.292598112270243
"COCA","SMC11-T","Myeloid",57,0.0372062663185379
"COCA","SMC13N-A1","Myeloid",68,0.0569037656903766
"COCA","SMC13N-A1-F","Myeloid",41,0.0261813537675607
"COCA","SMC13T-A1","Myeloid",197,0.091542750929368
"COCA","SMC13T-A1-F","Myeloid",280,0.0953029271613342
"COCA","SMC14-T","Myeloid",544,0.333129210042866
"COCA","SMC15-T","Myeloid",130,0.0686378035902851
"COCA","SMC16-T","Myeloid",38,0.0192795535261289
"COCA","SMC17-T","Myeloid",320,0.25177025963808
"COCA","SMC171-N-BEL","Myeloid",41,0.0366726296958855
"COCA","SMC171-N-SGI","Myeloid",60,0.0408997955010225
"COCA","SMC171-N-SING","Myeloid",49,0.0326666666666667
"COCA","SMC171-T-BEL","Myeloid",147,0.0996610169491525
"COCA","SMC171-T-SGI","Myeloid",126,0.0850202429149798
"COCA","SMC171-T-SING","Myeloid",133,0.0830730793254216
"COCA","SMC18-T","Myeloid",73,0.0469453376205788
"COCA","SMC19-T","Myeloid",23,0.016140350877193
"COCA","SMC20-T","Myeloid",337,0.204987834549878
"COCA","SMC21-T","Myeloid",55,0.0265315967197299
"COCA","SMC22-T","Myeloid",66,0.0315638450502152
"COCA","SMC23-T","Myeloid",216,0.145063801208865
"COCA","SMC24-T","Myeloid",322,0.219495569188821
"COCA","SMC25-T","Myeloid",67,0.0448160535117057
"COCA","KUL01-B","Endothelial",105,0.0523690773067332
"COCA","KUL01-N","Endothelial",69,0.0363157894736842
"COCA","KUL01-T","Endothelial",96,0.0531267293857222
"COCA","KUL19-B","Endothelial",126,0.0421545667447307
"COCA","KUL19-N","Endothelial",46,0.0259009009009009
"COCA","KUL19-T","Endothelial",162,0.0580853352456077
"COCA","KUL21-B","Endothelial",47,0.0280095351609058
"COCA","KUL21-N","Endothelial",6,0.00495049504950495
"COCA","KUL21-T","Endothelial",97,0.0471560525036461
"COCA","KUL28-B","Endothelial",70,0.186666666666667
"COCA","KUL28-N","Endothelial",50,0.0598086124401914
"COCA","KUL28-T","Endothelial",126,0.321428571428571
"COCA","KUL30-B","Endothelial",63,0.0889830508474576
"COCA","KUL30-N","Endothelial",239,0.12212570260603
"COCA","KUL30-T","Endothelial",107,0.213147410358566
"COCA","KUL31-B","Endothelial",35,0.0337512054001929
"COCA","KUL31-N","Endothelial",33,0.023454157782516
"COCA","SMC01-N","Endothelial",73,0.032942238267148
"COCA","SMC01-T","Endothelial",37,0.0140898705255141
"COCA","SMC02-N","Endothelial",78,0.0647840531561462
"COCA","SMC02-T","Endothelial",25,0.0165562913907285
"COCA","SMC03-N","Endothelial",12,0.010221465076661
"COCA","SMC03-T","Endothelial",26,0.0130325814536341
"COCA","SMC04-N","Endothelial",63,0.0381125226860254
"COCA","SMC04-T","Endothelial",75,0.0437828371278459
"COCA","SMC05-N","Endothelial",91,0.0900098911968348
"COCA","SMC06-N","Endothelial",13,0.00970149253731343
"COCA","SMC07-N","Endothelial",144,0.0696324951644101
"COCA","SMC07-T","Endothelial",82,0.022367703218767
"COCA","SMC08-N","Endothelial",56,0.0369881109643329
"COCA","SMC08-T","Endothelial",21,0.0109090909090909
"COCA","SMC09-N","Endothelial",7,0.00679611650485437
"COCA","SMC09-T","Endothelial",10,0.00278862242052426
"COCA","SMC10-N","Endothelial",92,0.0501362397820163
"COCA","SMC10-T","Endothelial",35,0.0173869846000994
"COCA","SMC11-T","Endothelial",21,0.0137075718015666
"COCA","SMC13N-A1","Endothelial",17,0.0142259414225941
"COCA","SMC13N-A1-F","Endothelial",13,0.00830140485312899
"COCA","SMC13T-A1-F","Endothelial",9,0.00306330837304289
"COCA","SMC14-T","Endothelial",86,0.0526638089406001
"COCA","SMC15-T","Endothelial",83,0.0438225976768743
"COCA","SMC17-T","Endothelial",67,0.0527143981117231
"COCA","SMC171-N-SING","Endothelial",8,0.00533333333333333
"COCA","SMC171-T-BEL","Endothelial",10,0.00677966101694915
"COCA","SMC171-T-SGI","Endothelial",4,0.00269905533063428
"COCA","SMC171-T-SING","Endothelial",12,0.00749531542785759
"COCA","SMC20-T","Endothelial",20,0.0121654501216545
"COCA","SMC22-T","Endothelial",9,0.00430416068866571
"COCA","SMC23-T","Endothelial",7,0.00470114170584285
"COCA","SMC24-T","Endothelial",11,0.00749829584185412
"COCA","SMC25-T","Endothelial",18,0.0120401337792642
"COCA","KUL01-B","Fibroblast",82,0.0408977556109726
"COCA","KUL01-N","Fibroblast",703,0.37
"COCA","KUL01-T","Fibroblast",304,0.168234643054787
"COCA","KUL19-B","Fibroblast",235,0.078621612579458
"COCA","KUL19-N","Fibroblast",510,0.287162162162162
"COCA","KUL19-T","Fibroblast",176,0.0631050555754751
"COCA","KUL21-B","Fibroblast",347,0.206793802145411
"COCA","KUL21-N","Fibroblast",112,0.0924092409240924
"COCA","KUL21-T","Fibroblast",599,0.291200777831794
"COCA","KUL28-B","Fibroblast",72,0.192
"COCA","KUL28-N","Fibroblast",348,0.416267942583732
"COCA","KUL28-T","Fibroblast",68,0.173469387755102
"COCA","KUL30-B","Fibroblast",113,0.159604519774011
"COCA","KUL30-N","Fibroblast",730,0.373019928461932
"COCA","KUL30-T","Fibroblast",127,0.252988047808765
"COCA","KUL31-B","Fibroblast",65,0.0626808100289296
"COCA","KUL31-N","Fibroblast",210,0.149253731343284
"COCA","SMC01-N","Fibroblast",294,0.132671480144404
"COCA","SMC01-T","Fibroblast",85,0.0323686214775324
"COCA","SMC02-N","Fibroblast",140,0.116279069767442
"COCA","SMC02-T","Fibroblast",51,0.0337748344370861
"COCA","SMC03-N","Fibroblast",1,0.000851788756388416
"COCA","SMC03-T","Fibroblast",140,0.0701754385964912
"COCA","SMC04-N","Fibroblast",321,0.194192377495463
"COCA","SMC04-T","Fibroblast",31,0.018096906012843
"COCA","SMC05-N","Fibroblast",137,0.135509396636993
"COCA","SMC05-T","Fibroblast",2,0.00350877192982456
"COCA","SMC06-N","Fibroblast",43,0.032089552238806
"COCA","SMC06-T","Fibroblast",54,0.0385438972162741
"COCA","SMC07-N","Fibroblast",351,0.16972920696325
"COCA","SMC07-T","Fibroblast",50,0.0136388434260775
"COCA","SMC08-N","Fibroblast",126,0.083223249669749
"COCA","SMC08-T","Fibroblast",111,0.0576623376623377
"COCA","SMC09-N","Fibroblast",106,0.102912621359223
"COCA","SMC09-T","Fibroblast",4,0.0011154489682097
"COCA","SMC10-N","Fibroblast",564,0.307356948228883
"COCA","SMC10-T","Fibroblast",76,0.0377545951316443
"COCA","SMC11-T","Fibroblast",14,0.00913838120104439
"COCA","SMC13N-A1","Fibroblast",99,0.0828451882845188
"COCA","SMC13N-A1-F","Fibroblast",99,0.0632183908045977
"COCA","SMC13T-A1","Fibroblast",10,0.00464684014869888
"COCA","SMC13T-A1-F","Fibroblast",21,0.00714771953710007
"COCA","SMC14-T","Fibroblast",134,0.0820575627679118
"COCA","SMC15-T","Fibroblast",115,0.0607180570221753
"COCA","SMC16-T","Fibroblast",4,0.00202942668696093
"COCA","SMC17-T","Fibroblast",81,0.0637293469708891
"COCA","SMC171-N-BEL","Fibroblast",89,0.0796064400715563
"COCA","SMC171-N-SGI","Fibroblast",111,0.0756646216768916
"COCA","SMC171-N-SING","Fibroblast",79,0.0526666666666667
"COCA","SMC171-T-BEL","Fibroblast",31,0.0210169491525424
"COCA","SMC171-T-SGI","Fibroblast",7,0.00472334682860999
"COCA","SMC171-T-SING","Fibroblast",32,0.0199875078076202
"COCA","SMC19-T","Fibroblast",21,0.0147368421052632
"COCA","SMC20-T","Fibroblast",305,0.185523114355231
"COCA","SMC23-T","Fibroblast",11,0.0073875083948959
"COCA","SMC24-T","Fibroblast",23,0.0156782549420586
"COCA","KUL01-B","Mural",48,0.0239401496259352
"COCA","KUL01-N","Mural",70,0.0368421052631579
"COCA","KUL01-T","Mural",83,0.0459324847814056
"COCA","KUL19-B","Mural",57,0.0190699230511877
"COCA","KUL19-N","Mural",63,0.035472972972973
"COCA","KUL19-T","Mural",72,0.0258157045536034
"COCA","KUL21-B","Mural",53,0.031585220500596
"COCA","KUL21-N","Mural",17,0.014026402640264
"COCA","KUL21-T","Mural",55,0.0267379679144385
"COCA","KUL28-B","Mural",48,0.128
"COCA","KUL28-N","Mural",33,0.0394736842105263
"COCA","KUL28-T","Mural",45,0.114795918367347
"COCA","KUL30-B","Mural",16,0.0225988700564972
"COCA","KUL30-N","Mural",116,0.059274399591211
"COCA","KUL30-T","Mural",53,0.105577689243028
"COCA","KUL31-B","Mural",10,0.00964320154291225
"COCA","KUL31-N","Mural",12,0.00852878464818763
"COCA","SMC01-N","Mural",29,0.013086642599278
"COCA","SMC01-T","Mural",12,0.00456968773800457
"COCA","SMC02-N","Mural",19,0.01578073089701
"COCA","SMC02-T","Mural",5,0.0033112582781457
"COCA","SMC03-N","Mural",5,0.00425894378194208
"COCA","SMC03-T","Mural",4,0.00200501253132832
"COCA","SMC04-N","Mural",24,0.014519056261343
"COCA","SMC04-T","Mural",16,0.00934033858727379
"COCA","SMC05-N","Mural",2,0.0019782393669634
"COCA","SMC05-T","Mural",4,0.00701754385964912
"COCA","SMC06-T","Mural",6,0.00428265524625268
"COCA","SMC07-N","Mural",28,0.0135396518375242
"COCA","SMC07-T","Mural",28,0.00763775231860338
"COCA","SMC08-N","Mural",11,0.00726552179656539
"COCA","SMC08-T","Mural",5,0.0025974025974026
"COCA","SMC09-N","Mural",9,0.0087378640776699
"COCA","SMC09-T","Mural",5,0.00139431121026213
"COCA","SMC10-N","Mural",32,0.0174386920980926
"COCA","SMC10-T","Mural",21,0.0104321907600596
"COCA","SMC11-T","Mural",5,0.00326370757180157
"COCA","SMC13N-A1","Mural",21,0.0175732217573222
"COCA","SMC13N-A1-F","Mural",24,0.0153256704980843
"COCA","SMC13T-A1","Mural",1,0.000464684014869888
"COCA","SMC13T-A1-F","Mural",2,0.00068073519400953
"COCA","SMC14-T","Mural",40,0.0244947948560931
"COCA","SMC15-T","Mural",59,0.0311510031678986
"COCA","SMC17-T","Mural",47,0.036978756884343
"COCA","SMC171-N-BEL","Mural",4,0.0035778175313059
"COCA","SMC171-N-SGI","Mural",5,0.00340831629175187
"COCA","SMC171-N-SING","Mural",9,0.006
"COCA","SMC171-T-BEL","Mural",8,0.00542372881355932
"COCA","SMC171-T-SGI","Mural",12,0.00809716599190283
"COCA","SMC171-T-SING","Mural",12,0.00749531542785759
"COCA","SMC19-T","Mural",1,0.000701754385964912
"COCA","SMC20-T","Mural",40,0.024330900243309
"COCA","SMC23-T","Mural",4,0.00268636668905306
"COCA","SMC24-T","Mural",1,0.000681663258350375
"HNCA","GSE150430_P01","Epithelial",590,0.14989837398374
"HNCA","GSE150430_P02","Epithelial",33,0.0072992700729927
"HNCA","GSE150430_P03","Epithelial",104,0.0178909341131946
"HNCA","GSE150430_P04","Epithelial",76,0.0544022906227631
"HNCA","GSE150430_P05","Epithelial",127,0.0287395338311835
"HNCA","GSE150430_P06","Epithelial",219,0.0524802300503235
"HNCA","GSE150430_P07","Epithelial",17,0.0153846153846154
"HNCA","GSE150430_P08","Epithelial",26,0.00603668446714651
"HNCA","GSE150430_P09","Epithelial",27,0.0133928571428571
"HNCA","GSE150430_P10","Epithelial",2,0.0009765625
"HNCA","GSE150430_P11","Epithelial",2589,0.422901012740934
"HNCA","GSE150430_P12","Epithelial",1600,0.305343511450382
"HNCA","GSE150430_P14","Epithelial",408,0.0346085333785732
"HNCA","GSE150430_P15","Epithelial",51,0.00630407911001236
"HNCA","GSM5017023","Epithelial",2375,0.58772581044296
"HNCA","GSM5017035","Epithelial",24,0.0373250388802488
"HNCA","GSM5017038","Epithelial",791,0.262441937624419
"HNCA","GSM5017041","Epithelial",499,0.530851063829787
"HNCA","GSM5017044","Epithelial",28,0.0103321033210332
"HNCA","GSM5017047","Epithelial",35,0.0405092592592593
"HNCA","GSM5017050","Epithelial",38,0.0227136879856545
"HNCA","GSM5017053","Epithelial",1131,0.946443514644352
"HNCA","GSM5017056","Epithelial",2064,0.952468850946008
"HNCA","GSM5017059","Epithelial",743,0.910539215686274
"HNCA","GSM5017062","Epithelial",43,0.0475138121546961
"HNCA","GSM5017065","Epithelial",1325,0.674300254452926
"HNCA","GSM5017067","Epithelial",979,0.270666298037047
"HNCA","GSM5017068","Epithelial",979,0.273693038859379
"HNCA","GSM5017070","Epithelial",8,0.00348887919755778
"HNCA","GSM5017071","Epithelial",368,0.623728813559322
"HNCA","GSM5851565_P1pre","Epithelial",4952,0.53247311827957
"HNCA","GSM5851566_P1post","Epithelial",175,0.0180635838150289
"HNCA","GSM5851567_P2pre","Epithelial",1577,0.161247443762781
"HNCA","GSM5851568_P2post","Epithelial",140,0.0283687943262411
"HNCA","GSM5851569_P3pre","Epithelial",187,0.221826809015421
"HNCA","GSM5851570_P3post","Epithelial",277,0.0887251761691224
"HNCA","GSM5851571_P4pre","Epithelial",409,0.577683615819209
"HNCA","GSM5851572_P4post","Epithelial",608,0.782496782496782
"HNCA","GSE150430_P01","Tcell",1823,0.463160569105691
"HNCA","GSE150430_P02","Tcell",1671,0.369608493696085
"HNCA","GSE150430_P03","Tcell",3792,0.652330982281094
"HNCA","GSE150430_P04","Tcell",883,0.632068718682892
"HNCA","GSE150430_P05","Tcell",3599,0.814437655578185
"HNCA","GSE150430_P06","Tcell",2684,0.643182362808531
"HNCA","GSE150430_P07","Tcell",343,0.310407239819005
"HNCA","GSE150430_P08","Tcell",3342,0.775946134200139
"HNCA","GSE150430_P09","Tcell",1152,0.571428571428571
"HNCA","GSE150430_P10","Tcell",1702,0.8310546875
"HNCA","GSE150430_P11","Tcell",2543,0.415387128389415
"HNCA","GSE150430_P12","Tcell",3051,0.582251908396947
"HNCA","GSE150430_P14","Tcell",6176,0.523878191534481
"HNCA","GSE150430_P15","Tcell",2825,0.349196538936959
"HNCA","GSM5017022","Tcell",1450,0.786760716223549
"HNCA","GSM5017023","Tcell",395,0.0977480821578817
"HNCA","GSM5017025","Tcell",291,0.665903890160183
"HNCA","GSM5017027","Tcell",364,0.637478108581436
"HNCA","GSM5017029","Tcell",272,0.448105436573311
"HNCA","GSM5017031","Tcell",682,0.539556962025316
"HNCA","GSM5017032","Tcell",503,0.560133630289532
"HNCA","GSM5017034","Tcell",1001,0.796340493237868
"HNCA","GSM5017035","Tcell",4,0.00622083981337481
"HNCA","GSM5017037","Tcell",785,0.590225563909774
"HNCA","GSM5017038","Tcell",134,0.0444591904445919
"HNCA","GSM5017040","Tcell",921,0.694570135746606
"HNCA","GSM5017041","Tcell",74,0.0787234042553192
"HNCA","GSM5017043","Tcell",825,0.68864774624374
"HNCA","GSM5017044","Tcell",245,0.0904059040590406
"HNCA","GSM5017046","Tcell",1033,0.676933158584535
"HNCA","GSM5017047","Tcell",333,0.385416666666667
"HNCA","GSM5017049","Tcell",1340,0.805772699939868
"HNCA","GSM5017050","Tcell",362,0.216377764494919
"HNCA","GSM5017052","Tcell",1672,0.606236403190718
"HNCA","GSM5017053","Tcell",23,0.0192468619246862
"HNCA","GSM5017055","Tcell",2493,0.955538520505941
"HNCA","GSM5017056","Tcell",27,0.0124596215966774
"HNCA","GSM5017058","Tcell",1306,0.746712407089766
"HNCA","GSM5017059","Tcell",15,0.0183823529411765
"HNCA","GSM5017061","Tcell",1320,0.753424657534247
"HNCA","GSM5017062","Tcell",42,0.0464088397790055
"HNCA","GSM5017064","Tcell",1749,0.570450097847358
"HNCA","GSM5017065","Tcell",55,0.0279898218829517
"HNCA","GSM5017067","Tcell",1518,0.419684821675422
"HNCA","GSM5017068","Tcell",1480,0.413754542913056
"HNCA","GSM5017070","Tcell",1541,0.672045355429568
"HNCA","GSM5017071","Tcell",17,0.0288135593220339
"HNCA","GSM5851565_P1pre","Tcell",436,0.0468817204301075
"HNCA","GSM5851566_P1post","Tcell",4528,0.467382328654005
"HNCA","GSM5851567_P2pre","Tcell",2433,0.248773006134969
"HNCA","GSM5851568_P2post","Tcell",2387,0.483687943262411
"HNCA","GSM5851569_P3pre","Tcell",280,0.33214709371293
"HNCA","GSM5851570_P3post","Tcell",1041,0.333440102498398
"HNCA","GSM5851571_P4pre","Tcell",81,0.114406779661017
"HNCA","GSM5851572_P4post","Tcell",80,0.102960102960103
"HNCA","GSE150430_P01","Bcell",1327,0.337144308943089
"HNCA","GSE150430_P02","Bcell",2769,0.612475116124751
"HNCA","GSE150430_P03","Bcell",1669,0.287115086874247
"HNCA","GSE150430_P04","Bcell",11,0.0078740157480315
"HNCA","GSE150430_P05","Bcell",420,0.0950441276306857
"HNCA","GSE150430_P06","Bcell",281,0.0673376467768991
"HNCA","GSE150430_P07","Bcell",118,0.106787330316742
"HNCA","GSE150430_P08","Bcell",893,0.207336893429301
"HNCA","GSE150430_P09","Bcell",759,0.376488095238095
"HNCA","GSE150430_P10","Bcell",303,0.14794921875
"HNCA","GSE150430_P11","Bcell",345,0.0563541326363933
"HNCA","GSE150430_P12","Bcell",162,0.0309160305343511
"HNCA","GSE150430_P14","Bcell",4923,0.417592671134108
"HNCA","GSE150430_P15","Bcell",5158,0.637577255871446
"HNCA","GSM5017022","Bcell",11,0.00596852957135106
"HNCA","GSM5017025","Bcell",16,0.0366132723112128
"HNCA","GSM5017027","Bcell",90,0.157618213660245
"HNCA","GSM5017029","Bcell",234,0.385502471169687
"HNCA","GSM5017031","Bcell",187,0.147943037974684
"HNCA","GSM5017032","Bcell",143,0.15924276169265
"HNCA","GSM5017034","Bcell",118,0.0938743038981703
"HNCA","GSM5017037","Bcell",53,0.0398496240601504
"HNCA","GSM5017038","Bcell",11,0.00364963503649635
"HNCA","GSM5017040","Bcell",43,0.0324283559577677
"HNCA","GSM5017043","Bcell",90,0.0751252086811352
"HNCA","GSM5017044","Bcell",16,0.00590405904059041
"HNCA","GSM5017046","Bcell",129,0.0845347313237221
"HNCA","GSM5017047","Bcell",50,0.0578703703703704
"HNCA","GSM5017049","Bcell",73,0.0438965724594107
"HNCA","GSM5017050","Bcell",21,0.0125523012552301
"HNCA","GSM5017052","Bcell",1035,0.375271936185642
"HNCA","GSM5017053","Bcell",19,0.0158995815899582
"HNCA","GSM5017055","Bcell",57,0.0218474511307014
"HNCA","GSM5017058","Bcell",160,0.0914808461978273
"HNCA","GSM5017061","Bcell",117,0.0667808219178082
"HNCA","GSM5017064","Bcell",1281,0.417808219178082
"HNCA","GSM5017065","Bcell",22,0.0111959287531807
"HNCA","GSM5017067","Bcell",1086,0.300248824993088
"HNCA","GSM5017068","Bcell",1081,0.302208554654739
"HNCA","GSM5017070","Bcell",189,0.0824247710423027
"HNCA","GSM5017071","Bcell",10,0.0169491525423729
"HNCA","GSM5851565_P1pre","Bcell",141,0.0151612903225806
"HNCA","GSM5851566_P1post","Bcell",352,0.0363336085879438
"HNCA","GSM5851567_P2pre","Bcell",240,0.0245398773006135
"HNCA","GSM5851568_P2post","Bcell",272,0.0551165146909828
"HNCA","GSM5851569_P3pre","Bcell",23,0.0272835112692764
"HNCA","GSM5851570_P3post","Bcell",122,0.0390775144138373
"HNCA","GSM5851571_P4pre","Bcell",11,0.0155367231638418
"HNCA","GSE150430_P01","Myeloid",194,0.0492886178861789
"HNCA","GSE150430_P02","Myeloid",48,0.0106171201061712
"HNCA","GSE150430_P03","Myeloid",236,0.0405986581799415
"HNCA","GSE150430_P04","Myeloid",419,0.299928418038654
"HNCA","GSE150430_P05","Myeloid",273,0.0617786829599457
"HNCA","GSE150430_P06","Myeloid",989,0.236999760364246
"HNCA","GSE150430_P07","Myeloid",627,0.567420814479638
"HNCA","GSE150430_P08","Myeloid",46,0.010680287903413
"HNCA","GSE150430_P09","Myeloid",78,0.0386904761904762
"HNCA","GSE150430_P10","Myeloid",41,0.02001953125
"HNCA","GSE150430_P11","Myeloid",645,0.105357726233257
"HNCA","GSE150430_P12","Myeloid",363,0.0692748091603053
"HNCA","GSE150430_P14","Myeloid",282,0.0239206039528374
"HNCA","GSE150430_P15","Myeloid",56,0.0069221260815822
"HNCA","GSM5017022","Myeloid",382,0.2072707542051
"HNCA","GSM5017023","Myeloid",28,0.00692897797574858
"HNCA","GSM5017025","Myeloid",130,0.297482837528604
"HNCA","GSM5017027","Myeloid",117,0.204903677758319
"HNCA","GSM5017029","Myeloid",101,0.166392092257002
"HNCA","GSM5017031","Myeloid",395,0.3125
"HNCA","GSM5017032","Myeloid",238,0.265033407572383
"HNCA","GSM5017034","Myeloid",138,0.109785202863962
"HNCA","GSM5017037","Myeloid",492,0.369924812030075
"HNCA","GSM5017038","Myeloid",38,0.0126078301260783
"HNCA","GSM5017040","Myeloid",362,0.273001508295626
"HNCA","GSM5017041","Myeloid",27,0.0287234042553191
"HNCA","GSM5017043","Myeloid",283,0.236227045075125
"HNCA","GSM5017044","Myeloid",51,0.0188191881918819
"HNCA","GSM5017046","Myeloid",364,0.238532110091743
"HNCA","GSM5017047","Myeloid",156,0.180555555555556
"HNCA","GSM5017049","Myeloid",250,0.150330727600722
"HNCA","GSM5017050","Myeloid",68,0.0406455469216975
"HNCA","GSM5017052","Myeloid",51,0.0184916606236403
"HNCA","GSM5017055","Myeloid",59,0.0226140283633576
"HNCA","GSM5017058","Myeloid",283,0.161806746712407
"HNCA","GSM5017061","Myeloid",315,0.179794520547945
"HNCA","GSM5017062","Myeloid",5,0.00552486187845304
"HNCA","GSM5017064","Myeloid",36,0.0117416829745597
"HNCA","GSM5017067","Myeloid",24,0.00663533314901852
"HNCA","GSM5017068","Myeloid",18,0.00503214984623987
"HNCA","GSM5017070","Myeloid",555,0.242040994330571
"HNCA","GSM5017071","Myeloid",12,0.0203389830508475
"HNCA","GSM5851565_P1pre","Myeloid",803,0.0863440860215054
"HNCA","GSM5851566_P1post","Myeloid",988,0.101981833195706
"HNCA","GSM5851567_P2pre","Myeloid",1571,0.160633946830266
"HNCA","GSM5851568_P2post","Myeloid",1200,0.243161094224924
"HNCA","GSM5851569_P3pre","Myeloid",162,0.192170818505338
"HNCA","GSM5851570_P3post","Myeloid",728,0.233183856502242
"HNCA","GSM5851571_P4pre","Myeloid",78,0.110169491525424
"HNCA","GSM5851572_P4post","Myeloid",35,0.045045045045045
"HNCA","GSE150430_P12","Endothelial",34,0.00648854961832061
"HNCA","GSM5017023","Endothelial",291,0.0720118782479584
"HNCA","GSM5017032","Endothelial",14,0.0155902004454343
"HNCA","GSM5017035","Endothelial",570,0.88646967340591
"HNCA","GSM5017038","Endothelial",1062,0.352355673523557
"HNCA","GSM5017041","Endothelial",236,0.251063829787234
"HNCA","GSM5017044","Endothelial",1763,0.650553505535055
"HNCA","GSM5017047","Endothelial",272,0.314814814814815
"HNCA","GSM5017050","Endothelial",775,0.463239689181112
"HNCA","GSM5017053","Endothelial",12,0.0100418410041841
"HNCA","GSM5017056","Endothelial",68,0.0313797877249654
"HNCA","GSM5017059","Endothelial",54,0.0661764705882353
"HNCA","GSM5017062","Endothelial",625,0.69060773480663
"HNCA","GSM5017065","Endothelial",249,0.126717557251908
"HNCA","GSM5017067","Endothelial",8,0.00221177771633951
"HNCA","GSM5017068","Endothelial",3,0.000838691641039978
"HNCA","GSM5017071","Endothelial",180,0.305084745762712
"HNCA","GSM5851565_P1pre","Endothelial",1038,0.111612903225806
"HNCA","GSM5851566_P1post","Endothelial",1264,0.13047068538398
"HNCA","GSM5851567_P2pre","Endothelial",2403,0.245705521472393
"HNCA","GSM5851568_P2post","Endothelial",420,0.0851063829787234
"HNCA","GSM5851569_P3pre","Endothelial",88,0.104389086595492
"HNCA","GSM5851570_P3post","Endothelial",226,0.0723894939141576
"HNCA","GSM5851571_P4pre","Endothelial",76,0.107344632768362
"HNCA","GSM5851572_P4post","Endothelial",31,0.0398970398970399
"HNCA","GSE150430_P01","Fibroblast",2,0.000508130081300813
"HNCA","GSE150430_P03","Fibroblast",12,0.00206433855152245
"HNCA","GSE150430_P04","Fibroblast",7,0.00501073729420186
"HNCA","GSE150430_P12","Fibroblast",30,0.00572519083969466
"HNCA","GSM5017023","Fibroblast",893,0.220984904726553
"HNCA","GSM5017035","Fibroblast",45,0.0699844479004666
"HNCA","GSM5017038","Fibroblast",779,0.258460517584605
"HNCA","GSM5017041","Fibroblast",86,0.0914893617021277
"HNCA","GSM5017044","Fibroblast",545,0.201107011070111
"HNCA","GSM5017047","Fibroblast",15,0.0173611111111111
"HNCA","GSM5017050","Fibroblast",206,0.123132098027496
"HNCA","GSM5017053","Fibroblast",10,0.00836820083682008
"HNCA","GSM5017056","Fibroblast",8,0.00369173973234887
"HNCA","GSM5017059","Fibroblast",3,0.00367647058823529
"HNCA","GSM5017062","Fibroblast",180,0.198895027624309
"HNCA","GSM5017065","Fibroblast",314,0.159796437659033
"HNCA","GSM5017067","Fibroblast",2,0.000552944429084877
"HNCA","GSM5017068","Fibroblast",16,0.00447302208554655
"HNCA","GSM5017071","Fibroblast",3,0.00508474576271186
"HNCA","GSM5851565_P1pre","Fibroblast",1683,0.180967741935484
"HNCA","GSM5851566_P1post","Fibroblast",1993,0.205718414533443
"HNCA","GSM5851567_P2pre","Fibroblast",1099,0.112372188139059
"HNCA","GSM5851568_P2post","Fibroblast",467,0.0946301925025329
"HNCA","GSM5851569_P3pre","Fibroblast",62,0.0735468564650059
"HNCA","GSM5851570_P3post","Fibroblast",629,0.201473414477899
"HNCA","GSM5851571_P4pre","Fibroblast",26,0.0367231638418079
"HNCA","GSM5851572_P4post","Fibroblast",16,0.0205920205920206
"HNCA","GSE150430_P04","Mural",1,0.000715819613457409
"HNCA","GSM5017023","Mural",59,0.0146003464488988
"HNCA","GSM5017038","Mural",199,0.0660252156602522
"HNCA","GSM5017041","Mural",18,0.0191489361702128
"HNCA","GSM5017044","Mural",62,0.0228782287822878
"HNCA","GSM5017047","Mural",3,0.00347222222222222
"HNCA","GSM5017050","Mural",203,0.121338912133891
"HNCA","GSM5017059","Mural",1,0.00122549019607843
"HNCA","GSM5017062","Mural",10,0.0110497237569061
"HNCA","GSM5851565_P1pre","Mural",247,0.0265591397849462
"HNCA","GSM5851566_P1post","Mural",388,0.0400495458298927
"HNCA","GSM5851567_P2pre","Mural",457,0.0467280163599182
"HNCA","GSM5851568_P2post","Mural",49,0.0099290780141844
"HNCA","GSM5851569_P3pre","Mural",41,0.0486358244365362
"HNCA","GSM5851570_P3post","Mural",99,0.0317104420243434
"HNCA","GSM5851571_P4pre","Mural",27,0.038135593220339
"HNCA","GSM5851572_P4post","Mural",7,0.00900900900900901
"KICA","GSM4630027","Epithelial",7,0.000691085003455425
"KICA","GSM4630028","Epithelial",4594,0.573891317926296
"KICA","GSM4630029","Epithelial",2336,0.286344692326551
"KICA","GSM4630030","Epithelial",1250,0.694444444444444
"KICA","GSM4630031","Epithelial",942,0.876279069767442
"KICA","GSM4819725_SI_18854","Epithelial",894,0.591269841269841
"KICA","GSM4819726_SI_18856","Epithelial",49,0.175627240143369
"KICA","GSM4819727_SI_18855","Epithelial",162,0.125874125874126
"KICA","GSM4819728_SI_19704","Epithelial",112,0.533333333333333
"KICA","GSM4819729_SI_19703","Epithelial",1333,0.423174603174603
"KICA","GSM4819730_SI_21255","Epithelial",490,0.824915824915825
"KICA","GSM4819731_SI_21256","Epithelial",190,0.431818181818182
"KICA","GSM4819732_SI_21561","Epithelial",1354,0.826617826617827
"KICA","GSM4819733_SI_22369","Epithelial",415,0.397890699904123
"KICA","GSM4819734_SI_22368","Epithelial",699,0.280722891566265
"KICA","GSM4819735_SI_22605","Epithelial",685,0.564250411861615
"KICA","GSM4819736_SI_22604","Epithelial",1137,0.626101321585903
"KICA","GSM4819737_SI_23459","Epithelial",3189,0.556350314026518
"KICA","GSM4819738_SI_23843","Epithelial",1211,0.351523947750363
"KICA","P55_scRNA","Epithelial",40,0.0145137880986938
"KICA","P76_scRNA","Epithelial",986,0.182187730968219
"KICA","P906_scRNA","Epithelial",238,0.216757741347905
"KICA","P90_scRNA","Epithelial",2756,0.432245922208281
"KICA","P913_scRNA","Epithelial",96,0.0418665503706934
"KICA","P915_scRNA","Epithelial",447,0.0811694207372435
"KICA","P916_scRNA","Epithelial",37,0.178743961352657
"KICA","GSM4630027","Tcell",1733,0.17109290156975
"KICA","GSM4630028","Tcell",898,0.112179887570269
"KICA","GSM4630029","Tcell",3066,0.375827408678598
"KICA","GSM4630030","Tcell",263,0.146111111111111
"KICA","GSM4630031","Tcell",8,0.00744186046511628
"KICA","GSM4819725_SI_18854","Tcell",72,0.0476190476190476
"KICA","GSM4819727_SI_18855","Tcell",171,0.132867132867133
"KICA","GSM4819729_SI_19703","Tcell",6,0.0019047619047619
"KICA","GSM4819730_SI_21255","Tcell",22,0.037037037037037
"KICA","GSM4819731_SI_21256","Tcell",27,0.0613636363636364
"KICA","GSM4819732_SI_21561","Tcell",30,0.0183150183150183
"KICA","GSM4819733_SI_22369","Tcell",166,0.159156279961649
"KICA","GSM4819734_SI_22368","Tcell",579,0.232530120481928
"KICA","GSM4819735_SI_22605","Tcell",15,0.0123558484349259
"KICA","GSM4819736_SI_22604","Tcell",21,0.0115638766519824
"KICA","GSM4819737_SI_23459","Tcell",106,0.0184926727145848
"KICA","GSM4819738_SI_23843","Tcell",23,0.00667634252539913
"KICA","P55_scRNA","Tcell",2208,0.801161103047895
"KICA","P76_scRNA","Tcell",2574,0.475609756097561
"KICA","P906_scRNA","Tcell",489,0.445355191256831
"KICA","P90_scRNA","Tcell",1557,0.244196988707654
"KICA","P912_scRNA","Tcell",80,0.615384615384615
"KICA","P913_scRNA","Tcell",1013,0.441779328390754
"KICA","P915_scRNA","Tcell",3432,0.62320682767387
"KICA","P916_scRNA","Tcell",121,0.584541062801932
"KICA","GSM4630027","Bcell",31,0.00306051930101688
"KICA","GSM4630028","Bcell",32,0.00399750156152405
"KICA","GSM4630029","Bcell",43,0.00527089973032606
"KICA","GSM4630030","Bcell",10,0.00555555555555556
"KICA","GSM4819727_SI_18855","Bcell",24,0.0186480186480186
"KICA","GSM4819733_SI_22369","Bcell",15,0.0143815915627996
"KICA","GSM4819734_SI_22368","Bcell",23,0.00923694779116466
"KICA","GSM4819736_SI_22604","Bcell",12,0.0066079295154185
"KICA","GSM4819737_SI_23459","Bcell",5,0.000872295882763433
"KICA","GSM4819738_SI_23843","Bcell",65,0.0188679245283019
"KICA","P76_scRNA","Bcell",43,0.00794530672579453
"KICA","P906_scRNA","Bcell",31,0.0282331511839709
"KICA","P90_scRNA","Bcell",81,0.0127038895859473
"KICA","P912_scRNA","Bcell",50,0.384615384615385
"KICA","P913_scRNA","Bcell",817,0.356301788050589
"KICA","P915_scRNA","Bcell",50,0.00907935355002724
"KICA","P916_scRNA","Bcell",29,0.140096618357488
"KICA","GSM4630027","Myeloid",3805,0.375654062592556
"KICA","GSM4630028","Myeloid",1679,0.209743910056215
"KICA","GSM4630029","Myeloid",1633,0.200171610688894
"KICA","GSM4630030","Myeloid",275,0.152777777777778
"KICA","GSM4630031","Myeloid",125,0.116279069767442
"KICA","GSM4819725_SI_18854","Myeloid",505,0.333994708994709
"KICA","GSM4819726_SI_18856","Myeloid",42,0.150537634408602
"KICA","GSM4819727_SI_18855","Myeloid",557,0.432789432789433
"KICA","GSM4819729_SI_19703","Myeloid",500,0.158730158730159
"KICA","GSM4819730_SI_21255","Myeloid",26,0.0437710437710438
"KICA","GSM4819731_SI_21256","Myeloid",25,0.0568181818181818
"KICA","GSM4819732_SI_21561","Myeloid",124,0.0757020757020757
"KICA","GSM4819733_SI_22369","Myeloid",147,0.140939597315436
"KICA","GSM4819734_SI_22368","Myeloid",1068,0.428915662650602
"KICA","GSM4819735_SI_22605","Myeloid",151,0.124382207578254
"KICA","GSM4819736_SI_22604","Myeloid",618,0.340308370044053
"KICA","GSM4819737_SI_23459","Myeloid",277,0.0483251919050942
"KICA","GSM4819738_SI_23843","Myeloid",554,0.160812772133527
"KICA","P55_scRNA","Myeloid",508,0.184325108853411
"KICA","P76_scRNA","Myeloid",1809,0.334257206208426
"KICA","P906_scRNA","Myeloid",303,0.275956284153005
"KICA","P90_scRNA","Myeloid",1959,0.307245922208281
"KICA","P913_scRNA","Myeloid",221,0.0963802878325338
"KICA","P915_scRNA","Myeloid",1551,0.281641547121845
"KICA","P916_scRNA","Myeloid",20,0.0966183574879227
"KICA","GSM4630027","Endothelial",615,0.0607167538750123
"KICA","GSM4630028","Endothelial",402,0.0502186133666458
"KICA","GSM4630029","Endothelial",721,0.0883795047805835
"KICA","GSM4630030","Endothelial",2,0.00111111111111111
"KICA","GSM4819725_SI_18854","Endothelial",18,0.0119047619047619
"KICA","GSM4819726_SI_18856","Endothelial",174,0.623655913978495
"KICA","GSM4819727_SI_18855","Endothelial",328,0.254856254856255
"KICA","GSM4819728_SI_19704","Endothelial",93,0.442857142857143
"KICA","GSM4819729_SI_19703","Endothelial",718,0.227936507936508
"KICA","GSM4819730_SI_21255","Endothelial",44,0.0740740740740741
"KICA","GSM4819731_SI_21256","Endothelial",120,0.272727272727273
"KICA","GSM4819732_SI_21561","Endothelial",29,0.0177045177045177
"KICA","GSM4819733_SI_22369","Endothelial",274,0.262703739213806
"KICA","GSM4819734_SI_22368","Endothelial",38,0.0152610441767068
"KICA","GSM4819735_SI_22605","Endothelial",319,0.262767710049423
"KICA","GSM4819736_SI_22604","Endothelial",8,0.00440528634361234
"KICA","GSM4819737_SI_23459","Endothelial",1449,0.252791346824843
"KICA","GSM4819738_SI_23843","Endothelial",919,0.266763425253991
"KICA","P906_scRNA","Endothelial",23,0.0209471766848816
"KICA","P913_scRNA","Endothelial",81,0.0353249018752726
"KICA","P915_scRNA","Endothelial",27,0.00490285091701471
"KICA","GSM4630027","Fibroblast",3085,0.304571033665712
"KICA","GSM4630028","Fibroblast",57,0.00712054965646471
"KICA","GSM4630029","Fibroblast",53,0.00649669036528561
"KICA","GSM4819725_SI_18854","Fibroblast",9,0.00595238095238095
"KICA","GSM4819726_SI_18856","Fibroblast",7,0.025089605734767
"KICA","GSM4819727_SI_18855","Fibroblast",10,0.00777000777000777
"KICA","GSM4819729_SI_19703","Fibroblast",62,0.0196825396825397
"KICA","GSM4819731_SI_21256","Fibroblast",20,0.0454545454545455
"KICA","GSM4819732_SI_21561","Fibroblast",20,0.0122100122100122
"KICA","GSM4819733_SI_22369","Fibroblast",8,0.00767018216682646
"KICA","GSM4819734_SI_22368","Fibroblast",24,0.00963855421686747
"KICA","GSM4819735_SI_22605","Fibroblast",5,0.00411861614497529
"KICA","GSM4819736_SI_22604","Fibroblast",3,0.00165198237885463
"KICA","GSM4819737_SI_23459","Fibroblast",93,0.0162247034193999
"KICA","GSM4819738_SI_23843","Fibroblast",77,0.0223512336719884
"KICA","P906_scRNA","Fibroblast",12,0.0109289617486339
"KICA","P90_scRNA","Fibroblast",23,0.00360727728983689
"KICA","P913_scRNA","Fibroblast",40,0.0174443959877889
"KICA","GSM4630027","Mural",853,0.0842136439924968
"KICA","GSM4630028","Mural",343,0.0428482198625859
"KICA","GSM4630029","Mural",306,0.0375091934297622
"KICA","GSM4819725_SI_18854","Mural",14,0.00925925925925926
"KICA","GSM4819726_SI_18856","Mural",7,0.025089605734767
"KICA","GSM4819727_SI_18855","Mural",35,0.0271950271950272
"KICA","GSM4819728_SI_19704","Mural",5,0.0238095238095238
"KICA","GSM4819729_SI_19703","Mural",531,0.168571428571429
"KICA","GSM4819730_SI_21255","Mural",12,0.0202020202020202
"KICA","GSM4819731_SI_21256","Mural",58,0.131818181818182
"KICA","GSM4819732_SI_21561","Mural",81,0.0494505494505494
"KICA","GSM4819733_SI_22369","Mural",18,0.0172579098753595
"KICA","GSM4819734_SI_22368","Mural",59,0.0236947791164659
"KICA","GSM4819735_SI_22605","Mural",39,0.0321252059308072
"KICA","GSM4819736_SI_22604","Mural",17,0.00936123348017621
"KICA","GSM4819737_SI_23459","Mural",613,0.106943475226797
"KICA","GSM4819738_SI_23843","Mural",596,0.17300435413643
"KICA","P906_scRNA","Mural",2,0.00182149362477231
"KICA","P913_scRNA","Mural",25,0.0109027474923681
"LICA","HCC01T","Epithelial",25,0.00802053256336221
"LICA","HCC02T","Epithelial",2061,0.5374185136897
"LICA","HCC03N","Epithelial",830,0.339468302658487
"LICA","HCC03T","Epithelial",3300,0.754630688314658
"LICA","HCC04N","Epithelial",300,0.0956937799043062
"LICA","HCC04T","Epithelial",2269,0.726312419974392
"LICA","HCC05N","Epithelial",26,0.00616405879563774
"LICA","HCC05T","Epithelial",1231,0.388205613371176
"LICA","HCC06N","Epithelial",187,0.0471626733921816
"LICA","HCC06T","Epithelial",210,0.0529500756429652
"LICA","HCC07N","Epithelial",17,0.00501770956316411
"LICA","HCC07P","Epithelial",111,0.0651790957134469
"LICA","HCC07T","Epithelial",69,0.146496815286624
"LICA","HCC08N","Epithelial",10,0.00261506276150628
"LICA","HCC08P","Epithelial",2637,0.794995477841423
"LICA","HCC08T","Epithelial",1870,0.408296943231441
"LICA","HCC09N","Epithelial",125,0.0699496362618914
"LICA","HCC09T","Epithelial",1419,0.545140222819823
"LICA","HCC10L","Epithelial",1500,0.553914327917282
"LICA","HCC10N","Epithelial",63,0.0233592880978865
"LICA","HCC10T","Epithelial",1116,0.415487714072971
"LICA","S001","Epithelial",275,0.140091696383087
"LICA","S002","Epithelial",3535,0.630686886708296
"LICA","S003","Epithelial",1793,0.546313223644119
"LICA","S004","Epithelial",190,0.0523704520396913
"LICA","S005","Epithelial",612,0.53125
"LICA","S006","Epithelial",132,0.046875
"LICA","S007","Epithelial",170,0.130568356374808
"LICA","S008","Epithelial",81,0.324
"LICA","S009","Epithelial",77,0.02
"LICA","S010","Epithelial",17,0.104938271604938
"LICA","S011","Epithelial",2835,0.782284768211921
"LICA","S012","Epithelial",12,0.00733048259010385
"LICA","S013","Epithelial",1332,0.69375
"LICA","S015","Epithelial",33,0.0301369863013699
"LICA","S018","Epithelial",82,0.683333333333333
"LICA","S020","Epithelial",262,0.668367346938776
"LICA","S021","Epithelial",18,0.375
"LICA","S022","Epithelial",40,0.213903743315508
"LICA","S023","Epithelial",10,0.0335570469798658
"LICA","S024","Epithelial",15,0.133928571428571
"LICA","S025","Epithelial",30,0.0646551724137931
"LICA","S028","Epithelial",433,0.871227364185111
"LICA","S029","Epithelial",7,0.0152173913043478
"LICA","S030","Epithelial",5,0.00452898550724638
"LICA","S031","Epithelial",27,0.0386819484240688
"LICA","S032","Epithelial",117,0.291770573566085
"LICA","S033","Epithelial",438,0.853801169590643
"LICA","S034","Epithelial",670,0.685772773797339
"LICA","S037","Epithelial",117,0.549295774647887
"LICA","S038","Epithelial",84,0.711864406779661
"LICA","S039","Epithelial",3,0.0731707317073171
"LICA","S040","Epithelial",54,0.0654545454545455
"LICA","S041","Epithelial",15,0.0230769230769231
"LICA","S042","Epithelial",177,0.191765980498375
"LICA","S044","Epithelial",18,0.0526315789473684
"LICA","S046","Epithelial",50,0.581395348837209
"LICA","HCC01T","Tcell",1008,0.323387872954764
"LICA","HCC02T","Tcell",172,0.0448500651890482
"LICA","HCC03N","Tcell",337,0.137832310838446
"LICA","HCC03T","Tcell",38,0.00868968671392637
"LICA","HCC04N","Tcell",1386,0.442105263157895
"LICA","HCC04T","Tcell",139,0.04449423815621
"LICA","HCC05N","Tcell",2905,0.688715030820294
"LICA","HCC05T","Tcell",308,0.0971302428256071
"LICA","HCC06N","Tcell",2490,0.627994955863808
"LICA","HCC06T","Tcell",1561,0.393595562279375
"LICA","HCC07N","Tcell",2304,0.680047225501771
"LICA","HCC07P","Tcell",211,0.123899001761597
"LICA","HCC07T","Tcell",92,0.195329087048832
"LICA","HCC08N","Tcell",3303,0.863755230125523
"LICA","HCC08P","Tcell",178,0.0536629484473922
"LICA","HCC08T","Tcell",1229,0.268340611353712
"LICA","HCC09N","Tcell",910,0.50923335198657
"LICA","HCC09T","Tcell",553,0.212447176334998
"LICA","HCC10L","Tcell",428,0.158050221565731
"LICA","HCC10N","Tcell",2092,0.775676677790137
"LICA","HCC10T","Tcell",728,0.271034996276992
"LICA","S001","Tcell",1031,0.525216505348956
"LICA","S002","Tcell",743,0.132560214094558
"LICA","S003","Tcell",1194,0.363802559414991
"LICA","S004","Tcell",2900,0.799338478500551
"LICA","S005","Tcell",443,0.384548611111111
"LICA","S006","Tcell",2304,0.818181818181818
"LICA","S007","Tcell",951,0.730414746543779
"LICA","S008","Tcell",107,0.428
"LICA","S009","Tcell",3009,0.781558441558442
"LICA","S010","Tcell",92,0.567901234567901
"LICA","S011","Tcell",58,0.0160044150110375
"LICA","S012","Tcell",1267,0.773976786805131
"LICA","S013","Tcell",233,0.121354166666667
"LICA","S015","Tcell",812,0.741552511415525
"LICA","S017","Tcell",58,1
"LICA","S018","Tcell",38,0.316666666666667
"LICA","S019","Tcell",231,0.816254416961131
"LICA","S022","Tcell",58,0.310160427807487
"LICA","S023","Tcell",79,0.26510067114094
"LICA","S024","Tcell",97,0.866071428571429
"LICA","S025","Tcell",136,0.293103448275862
"LICA","S026","Tcell",95,0.904761904761905
"LICA","S028","Tcell",10,0.0201207243460765
"LICA","S029","Tcell",371,0.806521739130435
"LICA","S030","Tcell",527,0.477355072463768
"LICA","S031","Tcell",172,0.246418338108883
"LICA","S032","Tcell",65,0.162094763092269
"LICA","S034","Tcell",42,0.0429887410440123
"LICA","S035","Tcell",171,0.255605381165919
"LICA","S036","Tcell",66,1
"LICA","S038","Tcell",10,0.0847457627118644
"LICA","S039","Tcell",9,0.219512195121951
"LICA","S040","Tcell",489,0.592727272727273
"LICA","S041","Tcell",112,0.172307692307692
"LICA","S042","Tcell",20,0.0216684723726977
"LICA","S043","Tcell",47,0.701492537313433
"LICA","S044","Tcell",239,0.698830409356725
"LICA","S045","Tcell",66,0.653465346534653
"LICA","S046","Tcell",36,0.418604651162791
"LICA","HCC02T","Bcell",1158,0.301955671447197
"LICA","HCC03N","Bcell",112,0.0458077709611452
"LICA","HCC03T","Bcell",40,0.00914703864623828
"LICA","HCC04N","Bcell",180,0.0574162679425837
"LICA","HCC05N","Bcell",165,0.0391180654338549
"LICA","HCC05T","Bcell",65,0.0204982655313781
"LICA","HCC06N","Bcell",162,0.0408575031525851
"LICA","HCC06T","Bcell",402,0.101361573373676
"LICA","HCC07N","Bcell",158,0.0466351829988194
"LICA","HCC07P","Bcell",126,0.0739870816206694
"LICA","HCC07T","Bcell",58,0.123142250530786
"LICA","HCC08N","Bcell",132,0.0345188284518828
"LICA","HCC08P","Bcell",8,0.00241181790774797
"LICA","HCC08T","Bcell",8,0.00174672489082969
"LICA","HCC09N","Bcell",275,0.153889199776161
"LICA","HCC09T","Bcell",19,0.0072992700729927
"LICA","HCC10L","Bcell",210,0.0775480059084195
"LICA","HCC10N","Bcell",45,0.0166852057842047
"LICA","HCC10T","Bcell",16,0.00595681310498883
"LICA","S001","Bcell",156,0.0794701986754967
"LICA","S002","Bcell",234,0.0417484388938448
"LICA","S003","Bcell",25,0.00761730652041438
"LICA","S004","Bcell",88,0.0242557883131202
"LICA","S006","Bcell",92,0.0326704545454545
"LICA","S007","Bcell",79,0.0606758832565284
"LICA","S009","Bcell",185,0.0480519480519481
"LICA","S012","Bcell",58,0.0354306658521686
"LICA","S015","Bcell",146,0.133333333333333
"LICA","S023","Bcell",11,0.0369127516778524
"LICA","S025","Bcell",188,0.405172413793103
"LICA","S029","Bcell",24,0.0521739130434783
"LICA","S030","Bcell",98,0.088768115942029
"LICA","S031","Bcell",82,0.117478510028653
"LICA","S032","Bcell",37,0.0922693266832918
"LICA","S033","Bcell",30,0.0584795321637427
"LICA","S034","Bcell",27,0.0276356192425793
"LICA","S035","Bcell",10,0.0149476831091181
"LICA","S041","Bcell",465,0.715384615384615
"LICA","S042","Bcell",10,0.0108342361863489
"LICA","S043","Bcell",20,0.298507462686567
"LICA","S044","Bcell",35,0.10233918128655
"LICA","HCC01T","Myeloid",1435,0.460378569136991
"LICA","HCC02T","Myeloid",430,0.112125162972621
"LICA","HCC03N","Myeloid",947,0.387321063394683
"LICA","HCC03T","Myeloid",990,0.226389206494397
"LICA","HCC04N","Myeloid",771,0.245933014354067
"LICA","HCC04T","Myeloid",608,0.194622279129321
"LICA","HCC05N","Myeloid",780,0.184921763869132
"LICA","HCC05T","Myeloid",923,0.291075370545569
"LICA","HCC06N","Myeloid",890,0.224464060529634
"LICA","HCC06T","Myeloid",759,0.191376701966717
"LICA","HCC07N","Myeloid",765,0.225796930342385
"LICA","HCC07P","Myeloid",1152,0.676453317674692
"LICA","HCC07T","Myeloid",244,0.518046709129512
"LICA","HCC08N","Myeloid",241,0.0630230125523012
"LICA","HCC08P","Myeloid",380,0.114561350618028
"LICA","HCC08T","Myeloid",1135,0.247816593886463
"LICA","HCC09N","Myeloid",305,0.170677112479015
"LICA","HCC09T","Myeloid",436,0.167499039569727
"LICA","HCC10L","Myeloid",508,0.187592319054653
"LICA","HCC10N","Myeloid",326,0.120875046347794
"LICA","HCC10T","Myeloid",798,0.297096053611318
"LICA","S001","Myeloid",387,0.19714722363729
"LICA","S002","Myeloid",1093,0.195004460303301
"LICA","S003","Myeloid",257,0.0783059110298598
"LICA","S004","Myeloid",354,0.097574421168688
"LICA","S005","Myeloid",72,0.0625
"LICA","S006","Myeloid",130,0.0461647727272727
"LICA","S007","Myeloid",63,0.0483870967741935
"LICA","S008","Myeloid",23,0.092
"LICA","S009","Myeloid",334,0.0867532467532467
"LICA","S010","Myeloid",25,0.154320987654321
"LICA","S011","Myeloid",544,0.150110375275938
"LICA","S012","Myeloid",186,0.11362248014661
"LICA","S013","Myeloid",136,0.0708333333333333
"LICA","S015","Myeloid",104,0.0949771689497717
"LICA","S019","Myeloid",10,0.0353356890459364
"LICA","S020","Myeloid",130,0.331632653061224
"LICA","S022","Myeloid",24,0.128342245989305
"LICA","S023","Myeloid",29,0.0973154362416107
"LICA","S025","Myeloid",83,0.178879310344828
"LICA","S028","Myeloid",40,0.0804828973843058
"LICA","S029","Myeloid",12,0.0260869565217391
"LICA","S030","Myeloid",109,0.098731884057971
"LICA","S031","Myeloid",157,0.224928366762178
"LICA","S032","Myeloid",157,0.391521197007481
"LICA","S033","Myeloid",45,0.087719298245614
"LICA","S034","Myeloid",20,0.0204708290685773
"LICA","S035","Myeloid",12,0.0179372197309417
"LICA","S037","Myeloid",89,0.417840375586854
"LICA","S040","Myeloid",8,0.0096969696969697
"LICA","S041","Myeloid",39,0.06
"LICA","S042","Myeloid",142,0.153846153846154
"LICA","S044","Myeloid",42,0.12280701754386
"LICA","HCC01T","Endothelial",473,0.151748476098813
"LICA","HCC02T","Endothelial",10,0.00260756192959583
"LICA","HCC03N","Endothelial",202,0.0826175869120654
"LICA","HCC03T","Endothelial",5,0.00114337983077978
"LICA","HCC04N","Endothelial",460,0.146730462519936
"LICA","HCC04T","Endothelial",26,0.00832266325224072
"LICA","HCC05N","Endothelial",323,0.0765765765765766
"LICA","HCC05T","Endothelial",520,0.163986124251025
"LICA","HCC06N","Endothelial",180,0.0453972257250946
"LICA","HCC06T","Endothelial",504,0.127080181543116
"LICA","HCC07N","Endothelial",138,0.0407319952774498
"LICA","HCC07P","Endothelial",23,0.0135055783910746
"LICA","HCC08N","Endothelial",103,0.0269351464435146
"LICA","HCC08P","Endothelial",33,0.00994874886946036
"LICA","HCC08T","Endothelial",34,0.0074235807860262
"LICA","HCC09N","Endothelial",118,0.0660324566312255
"LICA","HCC09T","Endothelial",39,0.0149827122550903
"LICA","HCC10L","Endothelial",16,0.00590841949778434
"LICA","HCC10N","Endothelial",126,0.0467185761957731
"LICA","S001","Endothelial",72,0.0366785532348446
"LICA","S003","Endothelial",13,0.00396099939061548
"LICA","S004","Endothelial",83,0.022877618522602
"LICA","S005","Endothelial",17,0.0147569444444444
"LICA","S006","Endothelial",138,0.0490056818181818
"LICA","S007","Endothelial",13,0.00998463901689708
"LICA","S008","Endothelial",16,0.064
"LICA","S009","Endothelial",139,0.0361038961038961
"LICA","S011","Endothelial",173,0.0477373068432671
"LICA","S012","Endothelial",100,0.0610873549175321
"LICA","S013","Endothelial",194,0.101041666666667
"LICA","S019","Endothelial",42,0.148409893992933
"LICA","S021","Endothelial",15,0.3125
"LICA","S022","Endothelial",29,0.155080213903743
"LICA","S023","Endothelial",66,0.221476510067114
"LICA","S025","Endothelial",14,0.0301724137931034
"LICA","S029","Endothelial",46,0.1
"LICA","S030","Endothelial",219,0.198369565217391
"LICA","S031","Endothelial",237,0.339541547277937
"LICA","S032","Endothelial",25,0.0623441396508728
"LICA","S034","Endothelial",102,0.104401228249744
"LICA","S035","Endothelial",196,0.292974588938714
"LICA","S039","Endothelial",29,0.707317073170732
"LICA","S040","Endothelial",144,0.174545454545455
"LICA","S041","Endothelial",9,0.0138461538461538
"LICA","S042","Endothelial",393,0.42578548212351
"LICA","HCC01T","Fibroblast",46,0.0147577799165865
"LICA","HCC02T","Fibroblast",3,0.000782268578878748
"LICA","HCC03N","Fibroblast",4,0.0016359918200409
"LICA","HCC04N","Fibroblast",12,0.00382775119617225
"LICA","HCC04T","Fibroblast",18,0.0057618437900128
"LICA","HCC05N","Fibroblast",2,0.000474158368895211
"LICA","HCC05T","Fibroblast",16,0.00504572690003154
"LICA","HCC06N","Fibroblast",42,0.0105926860025221
"LICA","HCC06T","Fibroblast",135,0.0340393343419062
"LICA","HCC07N","Fibroblast",3,0.000885478158205431
"LICA","HCC07P","Fibroblast",57,0.0334703464474457
"LICA","HCC07T","Fibroblast",8,0.0169851380042463
"LICA","HCC08N","Fibroblast",14,0.00366108786610879
"LICA","HCC08P","Fibroblast",32,0.00964727163099186
"LICA","HCC08T","Fibroblast",176,0.0384279475982533
"LICA","HCC09N","Fibroblast",9,0.00503637381085618
"LICA","HCC09T","Fibroblast",32,0.0122935074913561
"LICA","HCC10L","Fibroblast",33,0.0121861152141802
"LICA","HCC10N","Fibroblast",6,0.00222469410456062
"LICA","HCC10T","Fibroblast",12,0.00446760982874162
"LICA","S001","Fibroblast",9,0.00458481915435558
"LICA","S004","Fibroblast",5,0.00137816979051819
"LICA","S005","Fibroblast",2,0.00173611111111111
"LICA","S006","Fibroblast",12,0.00426136363636364
"LICA","S007","Fibroblast",5,0.00384024577572965
"LICA","S008","Fibroblast",5,0.02
"LICA","S009","Fibroblast",24,0.00623376623376623
"LICA","S010","Fibroblast",13,0.0802469135802469
"LICA","S011","Fibroblast",4,0.0011037527593819
"LICA","S012","Fibroblast",5,0.0030543677458766
"LICA","S013","Fibroblast",1,0.000520833333333333
"LICA","S021","Fibroblast",4,0.0833333333333333
"LICA","S022","Fibroblast",6,0.0320855614973262
"LICA","S023","Fibroblast",16,0.0536912751677852
"LICA","S025","Fibroblast",7,0.0150862068965517
"LICA","S026","Fibroblast",9,0.0857142857142857
"LICA","S028","Fibroblast",8,0.0160965794768612
"LICA","S030","Fibroblast",52,0.0471014492753623
"LICA","S031","Fibroblast",13,0.0186246418338109
"LICA","S034","Fibroblast",95,0.0972364380757421
"LICA","S035","Fibroblast",49,0.0732436472346786
"LICA","S037","Fibroblast",3,0.0140845070422535
"LICA","S038","Fibroblast",10,0.0847457627118644
"LICA","S040","Fibroblast",57,0.0690909090909091
"LICA","S041","Fibroblast",4,0.00615384615384615
"LICA","S042","Fibroblast",29,0.0314192849404117
"LICA","S044","Fibroblast",6,0.0175438596491228
"LICA","S045","Fibroblast",19,0.188118811881188
"LICA","HCC01T","Mural",130,0.0417067693294835
"LICA","HCC02T","Mural",1,0.000260756192959583
"LICA","HCC03N","Mural",13,0.00531697341513292
"LICA","HCC04N","Mural",26,0.00829346092503987
"LICA","HCC04T","Mural",64,0.0204865556978233
"LICA","HCC05N","Mural",17,0.00403034613560929
"LICA","HCC05T","Mural",108,0.0340586565752129
"LICA","HCC06N","Mural",14,0.00353089533417402
"LICA","HCC06T","Mural",395,0.0995965708522441
"LICA","HCC07N","Mural",3,0.000885478158205431
"LICA","HCC07P","Mural",23,0.0135055783910746
"LICA","HCC08N","Mural",21,0.00549163179916318
"LICA","HCC08P","Mural",49,0.0147723846849563
"LICA","HCC08T","Mural",128,0.0279475982532751
"LICA","HCC09N","Mural",45,0.0251818690542809
"LICA","HCC09T","Mural",105,0.0403380714560123
"LICA","HCC10L","Mural",13,0.00480059084194978
"LICA","HCC10N","Mural",39,0.014460511679644
"LICA","HCC10T","Mural",16,0.00595681310498883
"LICA","S001","Mural",33,0.0168110035659705
"LICA","S004","Mural",8,0.00220507166482911
"LICA","S005","Mural",6,0.00520833333333333
"LICA","S006","Mural",8,0.00284090909090909
"LICA","S007","Mural",21,0.0161290322580645
"LICA","S008","Mural",18,0.072
"LICA","S009","Mural",82,0.0212987012987013
"LICA","S010","Mural",15,0.0925925925925926
"LICA","S011","Mural",10,0.00275938189845475
"LICA","S012","Mural",9,0.00549786194257789
"LICA","S013","Mural",24,0.0125
"LICA","S021","Mural",11,0.229166666666667
"LICA","S022","Mural",30,0.160427807486631
"LICA","S023","Mural",87,0.291946308724832
"LICA","S025","Mural",6,0.0129310344827586
"LICA","S026","Mural",1,0.00952380952380952
"LICA","S028","Mural",6,0.0120724346076459
"LICA","S030","Mural",94,0.0851449275362319
"LICA","S031","Mural",10,0.0143266475644699
"LICA","S034","Mural",21,0.0214943705220061
"LICA","S035","Mural",231,0.345291479820628
"LICA","S037","Mural",4,0.0187793427230047
"LICA","S038","Mural",14,0.11864406779661
"LICA","S040","Mural",73,0.0884848484848485
"LICA","S041","Mural",6,0.00923076923076923
"LICA","S042","Mural",152,0.164680390032503
"LICA","S044","Mural",2,0.00584795321637427
"LICA","S045","Mural",16,0.158415841584158
"LUCA","BRONCHO_11","Epithelial",163,0.0571929824561404
"LUCA","BRONCHO_58","Epithelial",386,0.153601273378432
"LUCA","EBUS_06","Epithelial",1070,0.506149479659413
"LUCA","EBUS_10","Epithelial",313,0.068445221954953
"LUCA","EBUS_12","Epithelial",170,0.0612612612612613
"LUCA","EBUS_13","Epithelial",213,0.0688429217840983
"LUCA","EBUS_15","Epithelial",195,0.204831932773109
"LUCA","EBUS_19","Epithelial",174,0.0919175911251981
"LUCA","EBUS_28","Epithelial",3831,0.912142857142857
"LUCA","EBUS_49","Epithelial",100,0.0655307994757536
"LUCA","EBUS_51","Epithelial",1261,0.400571791613723
"LUCA","EFFUSION_06","Epithelial",137,0.0335455435847209
"LUCA","EFFUSION_11","Epithelial",55,0.0229166666666667
"LUCA","EFFUSION_12","Epithelial",7,0.00176678445229682
"LUCA","EFFUSION_13","Epithelial",11,0.00307778399552322
"LUCA","EFFUSION_64","Epithelial",16,0.0052168242582328
"LUCA","LUNG_N01","Epithelial",167,0.0560026827632461
"LUCA","LUNG_N06","Epithelial",154,0.0573556797020484
"LUCA","LUNG_N08","Epithelial",257,0.0824246311738294
"LUCA","LUNG_N09","Epithelial",362,0.149772445179975
"LUCA","LUNG_N18","Epithelial",373,0.0852766346593507
"LUCA","LUNG_N19","Epithelial",146,0.0403984504703929
"LUCA","LUNG_N20","Epithelial",261,0.0486395825568394
"LUCA","LUNG_N28","Epithelial",187,0.0597062579821201
"LUCA","LUNG_N30","Epithelial",290,0.082036775106082
"LUCA","LUNG_N31","Epithelial",514,0.126913580246914
"LUCA","LUNG_N34","Epithelial",583,0.120280585929441
"LUCA","LUNG_T06","Epithelial",114,0.0363752393107849
"LUCA","LUNG_T08","Epithelial",27,0.00799289520426288
"LUCA","LUNG_T09","Epithelial",89,0.0253778157969775
"LUCA","LUNG_T18","Epithelial",972,0.276136363636364
"LUCA","LUNG_T19","Epithelial",276,0.0680305644564949
"LUCA","LUNG_T20","Epithelial",461,0.126370614035088
"LUCA","LUNG_T25","Epithelial",197,0.0489562624254473
"LUCA","LUNG_T28","Epithelial",1149,0.263774104683196
"LUCA","LUNG_T30","Epithelial",819,0.212286158631415
"LUCA","LUNG_T31","Epithelial",207,0.045
"LUCA","LUNG_T34","Epithelial",2229,0.748488918737408
"LUCA","NS_02","Epithelial",243,0.113604488078541
"LUCA","NS_03","Epithelial",2220,0.902439024390244
"LUCA","NS_04","Epithelial",1074,0.628437682855471
"LUCA","NS_06","Epithelial",138,0.146808510638298
"LUCA","NS_07","Epithelial",3509,0.878787878787879
"LUCA","NS_12","Epithelial",2437,0.880101119537739
"LUCA","NS_13","Epithelial",1286,0.301382704476213
"LUCA","NS_16","Epithelial",438,0.375
"LUCA","NS_17","Epithelial",1068,0.485013623978202
"LUCA","NS_19","Epithelial",743,0.240219851277077
"LUCA","p018_N","Epithelial",160,0.0199029730065929
"LUCA","p018_T","Epithelial",4463,0.440181477463261
"LUCA","p019_N","Epithelial",10,0.0106044538706257
"LUCA","p019_T","Epithelial",336,0.323699421965318
"LUCA","p023_T","Epithelial",519,0.0981838819523269
"LUCA","p024_T","Epithelial",1512,0.260869565217391
"LUCA","p027_N","Epithelial",736,0.0977553459954841
"LUCA","p027_T","Epithelial",213,0.028163427211424
"LUCA","p028_N","Epithelial",319,0.0609709480122324
"LUCA","p029_N","Epithelial",775,0.182524729156853
"LUCA","p030_N","Epithelial",135,0.05859375
"LUCA","p030_T","Epithelial",178,0.0495132127955494
"LUCA","p031_N","Epithelial",430,0.0939480008739349
"LUCA","p031_T","Epithelial",1282,0.307213036184999
"LUCA","p032_N","Epithelial",130,0.0292134831460674
"LUCA","p032_T","Epithelial",3599,0.429577464788732
"LUCA","p033_N","Epithelial",95,0.0245034820737684
"LUCA","p033_T","Epithelial",354,0.117102216341383
"LUCA","p034_N","Epithelial",78,0.023117960877297
"LUCA","p034_T","Epithelial",48,0.0134228187919463
"LUCA","BRONCHO_11","Tcell",788,0.276491228070175
"LUCA","BRONCHO_58","Tcell",1479,0.588539594110625
"LUCA","EBUS_06","Tcell",592,0.28003784295175
"LUCA","EBUS_10","Tcell",1447,0.316422479772578
"LUCA","EBUS_12","Tcell",325,0.117117117117117
"LUCA","EBUS_13","Tcell",1090,0.35229476405947
"LUCA","EBUS_15","Tcell",450,0.472689075630252
"LUCA","EBUS_19","Tcell",1339,0.707342842049657
"LUCA","EBUS_28","Tcell",221,0.0526190476190476
"LUCA","EBUS_49","Tcell",1023,0.670380078636959
"LUCA","EBUS_51","Tcell",1125,0.357369758576874
"LUCA","EFFUSION_06","Tcell",2731,0.668707149853085
"LUCA","EFFUSION_11","Tcell",1523,0.634583333333333
"LUCA","EFFUSION_12","Tcell",2001,0.505047955577991
"LUCA","EFFUSION_13","Tcell",2490,0.696698377168439
"LUCA","EFFUSION_64","Tcell",2138,0.697098141506358
"LUCA","LN_01","Tcell",1942,0.65233456499832
"LUCA","LN_02","Tcell",1863,0.725184896847022
"LUCA","LN_03","Tcell",1846,0.738695478191276
"LUCA","LN_04","Tcell",1797,0.718225419664269
"LUCA","LN_05","Tcell",1672,0.660608455156065
"LUCA","LN_06","Tcell",1656,0.720626631853786
"LUCA","LN_07","Tcell",3385,0.789780681287914
"LUCA","LN_08","Tcell",2326,0.635692812243782
"LUCA","LN_11","Tcell",2180,0.698270339525945
"LUCA","LN_12","Tcell",1941,0.478314440611138
"LUCA","LUNG_N01","Tcell",1276,0.427900737759893
"LUCA","LUNG_N06","Tcell",1245,0.463687150837989
"LUCA","LUNG_N08","Tcell",1364,0.437459910198845
"LUCA","LUNG_N09","Tcell",672,0.278030616466694
"LUCA","LUNG_N18","Tcell",1615,0.369227251943301
"LUCA","LUNG_N19","Tcell",1777,0.491698948533481
"LUCA","LUNG_N20","Tcell",1627,0.303205367126351
"LUCA","LUNG_N28","Tcell",2130,0.68007662835249
"LUCA","LUNG_N30","Tcell",1952,0.552192362093352
"LUCA","LUNG_N31","Tcell",1226,0.302716049382716
"LUCA","LUNG_N34","Tcell",2312,0.476996080049515
"LUCA","LUNG_T06","Tcell",1506,0.480536056158264
"LUCA","LUNG_T08","Tcell",1982,0.586737714624038
"LUCA","LUNG_T09","Tcell",1873,0.534074707727402
"LUCA","LUNG_T18","Tcell",1081,0.307102272727273
"LUCA","LUNG_T19","Tcell",1682,0.414592063100813
"LUCA","LUNG_T20","Tcell",2253,0.617598684210526
"LUCA","LUNG_T25","Tcell",1565,0.388916500994036
"LUCA","LUNG_T28","Tcell",1603,0.367998163452709
"LUCA","LUNG_T30","Tcell",1409,0.365215137376879
"LUCA","LUNG_T31","Tcell",3211,0.69804347826087
"LUCA","LUNG_T34","Tcell",367,0.123237071860309
"LUCA","NS_02","Tcell",945,0.44179523141655
"LUCA","NS_03","Tcell",140,0.0569105691056911
"LUCA","NS_04","Tcell",130,0.0760678759508484
"LUCA","NS_06","Tcell",367,0.390425531914894
"LUCA","NS_07","Tcell",151,0.0378161783120461
"LUCA","NS_12","Tcell",19,0.00686168291802095
"LUCA","NS_13","Tcell",1541,0.361143660651512
"LUCA","NS_16","Tcell",360,0.308219178082192
"LUCA","NS_17","Tcell",399,0.181198910081744
"LUCA","NS_19","Tcell",347,0.112188813449725
"LUCA","p018_N","Tcell",21,0.00261226520711531
"LUCA","p018_T","Tcell",162,0.0159779070914291
"LUCA","p019_N","Tcell",319,0.338282078472959
"LUCA","p019_T","Tcell",344,0.33140655105973
"LUCA","p023_T","Tcell",2545,0.48146046159667
"LUCA","p024_T","Tcell",2430,0.419254658385093
"LUCA","p027_N","Tcell",2405,0.319431531411874
"LUCA","p027_T","Tcell",4402,0.58204416236943
"LUCA","p028_N","Tcell",3285,0.627866972477064
"LUCA","p029_N","Tcell",2044,0.481394253414979
"LUCA","p030_N","Tcell",1431,0.62109375
"LUCA","p030_T","Tcell",2062,0.573574408901252
"LUCA","p031_N","Tcell",2087,0.455975529823028
"LUCA","p031_T","Tcell",586,0.140426551641505
"LUCA","p032_N","Tcell",2815,0.632584269662921
"LUCA","p032_T","Tcell",3655,0.436261637622344
"LUCA","p033_N","Tcell",655,0.168945060613877
"LUCA","p033_T","Tcell",1817,0.601058551108171
"LUCA","p034_N","Tcell",699,0.207172495554238
"LUCA","p034_T","Tcell",2168,0.606263982102908
"LUCA","BRONCHO_11","Bcell",1288,0.451929824561404
"LUCA","BRONCHO_58","Bcell",131,0.0521289295662555
"LUCA","EBUS_06","Bcell",101,0.0477767265846736
"LUCA","EBUS_10","Bcell",2106,0.460529193089875
"LUCA","EBUS_12","Bcell",159,0.0572972972972973
"LUCA","EBUS_13","Bcell",1620,0.523594053005818
"LUCA","EBUS_15","Bcell",33,0.0346638655462185
"LUCA","EBUS_19","Bcell",74,0.0390913893291072
"LUCA","EBUS_49","Bcell",170,0.111402359108781
"LUCA","EBUS_51","Bcell",91,0.0289072426937738
"LUCA","EFFUSION_06","Bcell",398,0.0974534769833497
"LUCA","EFFUSION_11","Bcell",93,0.03875
"LUCA","EFFUSION_12","Bcell",745,0.188036345280162
"LUCA","EFFUSION_13","Bcell",921,0.257694459988808
"LUCA","EFFUSION_64","Bcell",865,0.282034561460711
"LUCA","LN_01","Bcell",969,0.325495465233457
"LUCA","LN_02","Bcell",625,0.243285325029194
"LUCA","LN_03","Bcell",575,0.230092036814726
"LUCA","LN_04","Bcell",663,0.264988009592326
"LUCA","LN_05","Bcell",829,0.327538522323192
"LUCA","LN_06","Bcell",579,0.251958224543081
"LUCA","LN_07","Bcell",816,0.190387307512832
"LUCA","LN_08","Bcell",1268,0.346542771248975
"LUCA","LN_11","Bcell",842,0.269698910954516
"LUCA","LN_12","Bcell",1833,0.451700344997536
"LUCA","LUNG_N01","Bcell",47,0.0157612340710932
"LUCA","LUNG_N06","Bcell",19,0.00707635009310987
"LUCA","LUNG_N08","Bcell",37,0.0118665811417575
"LUCA","LUNG_N09","Bcell",70,0.028961522548614
"LUCA","LUNG_N18","Bcell",48,0.0109739368998628
"LUCA","LUNG_N19","Bcell",24,0.00664084117321527
"LUCA","LUNG_N20","Bcell",19,0.00354081252329482
"LUCA","LUNG_N28","Bcell",15,0.00478927203065134
"LUCA","LUNG_N30","Bcell",21,0.00594059405940594
"LUCA","LUNG_N31","Bcell",14,0.00345679012345679
"LUCA","LUNG_N34","Bcell",41,0.00845884051990922
"LUCA","LUNG_T06","Bcell",492,0.15698787492023
"LUCA","LUNG_T08","Bcell",918,0.271758436944938
"LUCA","LUNG_T09","Bcell",124,0.0353578557171372
"LUCA","LUNG_T18","Bcell",259,0.0735795454545455
"LUCA","LUNG_T19","Bcell",399,0.0983485333990634
"LUCA","LUNG_T20","Bcell",49,0.0134320175438596
"LUCA","LUNG_T25","Bcell",1545,0.383946322067594
"LUCA","LUNG_T28","Bcell",472,0.108356290174472
"LUCA","LUNG_T30","Bcell",99,0.0256609642301711
"LUCA","LUNG_T31","Bcell",205,0.0445652173913043
"LUCA","LUNG_T34","Bcell",34,0.0114170584284755
"LUCA","NS_02","Bcell",124,0.0579710144927536
"LUCA","NS_03","Bcell",11,0.00447154471544715
"LUCA","NS_06","Bcell",11,0.0117021276595745
"LUCA","NS_07","Bcell",40,0.0100175306786877
"LUCA","NS_13","Bcell",524,0.122802906022967
"LUCA","NS_16","Bcell",207,0.17722602739726
"LUCA","NS_17","Bcell",65,0.0295186194368756
"LUCA","NS_19","Bcell",62,0.0200452634982218
"LUCA","p018_T","Bcell",82,0.0080875826018345
"LUCA","p019_T","Bcell",33,0.0317919075144509
"LUCA","p023_T","Bcell",154,0.0291335603480893
"LUCA","p024_T","Bcell",246,0.0424430641821946
"LUCA","p027_N","Bcell",136,0.0180634878469916
"LUCA","p027_T","Bcell",2207,0.291815417162502
"LUCA","p028_N","Bcell",21,0.00401376146788991
"LUCA","p029_N","Bcell",276,0.0650023551577956
"LUCA","p030_N","Bcell",11,0.00477430555555556
"LUCA","p030_T","Bcell",1041,0.289568845618915
"LUCA","p031_N","Bcell",178,0.0388901026873498
"LUCA","p031_T","Bcell",114,0.0273184759166068
"LUCA","p032_N","Bcell",43,0.00966292134831461
"LUCA","p032_T","Bcell",114,0.013607066125567
"LUCA","p033_N","Bcell",31,0.007995873097756
"LUCA","p033_T","Bcell",390,0.129010916308303
"LUCA","p034_N","Bcell",25,0.00740960284528749
"LUCA","p034_T","Bcell",17,0.00475391498881432
"LUCA","BRONCHO_11","Myeloid",611,0.214385964912281
"LUCA","BRONCHO_58","Myeloid",449,0.17867091126144
"LUCA","EBUS_06","Myeloid",351,0.166035950804163
"LUCA","EBUS_10","Myeloid",698,0.15263503170785
"LUCA","EBUS_12","Myeloid",2108,0.75963963963964
"LUCA","EBUS_13","Myeloid",109,0.035229476405947
"LUCA","EBUS_15","Myeloid",274,0.28781512605042
"LUCA","EBUS_19","Myeloid",306,0.161648177496038
"LUCA","EBUS_28","Myeloid",138,0.0328571428571429
"LUCA","EBUS_49","Myeloid",233,0.152686762778506
"LUCA","EBUS_51","Myeloid",671,0.213151207115629
"LUCA","EFFUSION_06","Myeloid",817,0.200048971596474
"LUCA","EFFUSION_11","Myeloid",729,0.30375
"LUCA","EFFUSION_12","Myeloid",1209,0.305148914689551
"LUCA","EFFUSION_13","Myeloid",152,0.04252937884723
"LUCA","EFFUSION_64","Myeloid",48,0.0156504727746984
"LUCA","LN_01","Myeloid",66,0.022169969768223
"LUCA","LN_02","Myeloid",81,0.0315297781237836
"LUCA","LN_03","Myeloid",78,0.0312124849939976
"LUCA","LN_04","Myeloid",42,0.0167865707434053
"LUCA","LN_05","Myeloid",26,0.0102726195179771
"LUCA","LN_06","Myeloid",63,0.0274151436031332
"LUCA","LN_07","Myeloid",85,0.0198320111992534
"LUCA","LN_08","Myeloid",65,0.0177644165072424
"LUCA","LN_11","Myeloid",100,0.0320307495195388
"LUCA","LN_12","Myeloid",275,0.0677673730901922
"LUCA","LUNG_N01","Myeloid",1473,0.493963782696177
"LUCA","LUNG_N06","Myeloid",1264,0.470763500931099
"LUCA","LUNG_N08","Myeloid",1350,0.432969852469532
"LUCA","LUNG_N09","Myeloid",1228,0.508067852709971
"LUCA","LUNG_N18","Myeloid",2035,0.465249199817101
"LUCA","LUNG_N19","Myeloid",1248,0.345323741007194
"LUCA","LUNG_N20","Myeloid",3401,0.633805441669773
"LUCA","LUNG_N28","Myeloid",792,0.252873563218391
"LUCA","LUNG_N30","Myeloid",917,0.259405940594059
"LUCA","LUNG_N31","Myeloid",1354,0.334320987654321
"LUCA","LUNG_N34","Myeloid",1695,0.349700845884052
"LUCA","LUNG_T06","Myeloid",551,0.175813656668794
"LUCA","LUNG_T08","Myeloid",282,0.0834813499111901
"LUCA","LUNG_T09","Myeloid",1388,0.395779868833761
"LUCA","LUNG_T18","Myeloid",1029,0.292329545454545
"LUCA","LUNG_T19","Myeloid",1476,0.363815627310821
"LUCA","LUNG_T20","Myeloid",879,0.240953947368421
"LUCA","LUNG_T25","Myeloid",684,0.169980119284294
"LUCA","LUNG_T28","Myeloid",1090,0.250229568411387
"LUCA","LUNG_T30","Myeloid",1331,0.344997407983411
"LUCA","LUNG_T31","Myeloid",432,0.0939130434782609
"LUCA","LUNG_T34","Myeloid",317,0.106447280053727
"LUCA","NS_02","Myeloid",827,0.386629266012155
"LUCA","NS_03","Myeloid",89,0.0361788617886179
"LUCA","NS_04","Myeloid",338,0.197776477472206
"LUCA","NS_06","Myeloid",389,0.413829787234043
"LUCA","NS_07","Myeloid",258,0.0646130728775357
"LUCA","NS_12","Myeloid",270,0.0975081256771398
"LUCA","NS_13","Myeloid",912,0.213733302085775
"LUCA","NS_16","Myeloid",154,0.131849315068493
"LUCA","NS_17","Myeloid",601,0.272933696639419
"LUCA","NS_19","Myeloid",1810,0.585192369867443
"LUCA","p018_N","Myeloid",7840,0.97524567732305
"LUCA","p018_T","Myeloid",5334,0.526087385343722
"LUCA","p019_N","Myeloid",604,0.64050901378579
"LUCA","p019_T","Myeloid",272,0.262042389210019
"LUCA","p023_T","Myeloid",1994,0.377222852818767
"LUCA","p024_T","Myeloid",1505,0.259661835748792
"LUCA","p027_N","Myeloid",3134,0.416257139062292
"LUCA","p027_T","Myeloid",652,0.0862091762528097
"LUCA","p028_N","Myeloid",1475,0.281918960244648
"LUCA","p029_N","Myeloid",944,0.222326895902025
"LUCA","p030_N","Myeloid",573,0.248697916666667
"LUCA","p030_T","Myeloid",247,0.0687065368567455
"LUCA","p031_N","Myeloid",1509,0.329691937950623
"LUCA","p031_T","Myeloid",1937,0.46417445482866
"LUCA","p032_N","Myeloid",1429,0.321123595505618
"LUCA","p032_T","Myeloid",820,0.0978753879207448
"LUCA","p033_N","Myeloid",2983,0.769409337116327
"LUCA","p033_T","Myeloid",404,0.13364207740655
"LUCA","p034_N","Myeloid",2497,0.740071132187315
"LUCA","p034_T","Myeloid",1307,0.365492170022371
"LUCA","BRONCHO_58","Endothelial",8,0.00318344608038201
"LUCA","LUNG_N01","Endothelial",16,0.00536552649228706
"LUCA","LUNG_N08","Endothelial",103,0.0330339961513791
"LUCA","LUNG_N09","Endothelial",46,0.0190318576748035
"LUCA","LUNG_N18","Endothelial",165,0.0377229080932785
"LUCA","LUNG_N19","Endothelial",357,0.0987825124515772
"LUCA","LUNG_N20","Endothelial",54,0.0100633619083116
"LUCA","LUNG_N28","Endothelial",2,0.000638569604086846
"LUCA","LUNG_N30","Endothelial",164,0.0463932107496464
"LUCA","LUNG_N31","Endothelial",165,0.0407407407407407
"LUCA","LUNG_N34","Endothelial",72,0.0148545492056942
"LUCA","LUNG_T06","Endothelial",47,0.0149968091895341
"LUCA","LUNG_T08","Endothelial",1,0.00029603315571344
"LUCA","LUNG_T09","Endothelial",24,0.00684345594525235
"LUCA","LUNG_T18","Endothelial",14,0.00397727272727273
"LUCA","LUNG_T19","Endothelial",139,0.0342617697806261
"LUCA","LUNG_T25","Endothelial",20,0.00497017892644135
"LUCA","LUNG_T28","Endothelial",17,0.00390266299357208
"LUCA","LUNG_T30","Endothelial",138,0.0357698289269051
"LUCA","LUNG_T31","Endothelial",122,0.0265217391304348
"LUCA","LUNG_T34","Endothelial",11,0.00369375419744795
"LUCA","NS_04","Endothelial",56,0.0327677004095963
"LUCA","NS_07","Endothelial",5,0.00125219133483596
"LUCA","NS_12","Endothelial",16,0.00577825929938606
"LUCA","NS_17","Endothelial",14,0.00635785649409628
"LUCA","NS_19","Endothelial",18,0.005819592628516
"LUCA","p018_N","Endothelial",18,0.0022390844632417
"LUCA","p018_T","Endothelial",61,0.00601637242331591
"LUCA","p019_T","Endothelial",10,0.00963391136801541
"LUCA","p023_T","Endothelial",11,0.00208096859629209
"LUCA","p024_T","Endothelial",52,0.00897170462387854
"LUCA","p027_N","Endothelial",591,0.0784964802762651
"LUCA","p027_T","Endothelial",25,0.0033055665741108
"LUCA","p028_N","Endothelial",129,0.0246559633027523
"LUCA","p029_N","Endothelial",142,0.0334432406971267
"LUCA","p030_N","Endothelial",149,0.0646701388888889
"LUCA","p030_T","Endothelial",18,0.00500695410292072
"LUCA","p031_N","Endothelial",231,0.0504697400043697
"LUCA","p031_T","Endothelial",130,0.0311526479750779
"LUCA","p032_N","Endothelial",28,0.00629213483146067
"LUCA","p032_T","Endothelial",159,0.0189782764382908
"LUCA","p033_N","Endothelial",77,0.0198607170492649
"LUCA","p033_T","Endothelial",9,0.00297717499173007
"LUCA","p034_N","Endothelial",58,0.017190278601067
"LUCA","p034_T","Endothelial",4,0.00111856823266219
"LUCA","BRONCHO_58","Fibroblast",49,0.0194986072423398
"LUCA","EBUS_10","Fibroblast",9,0.00196807347474306
"LUCA","EBUS_12","Fibroblast",13,0.00468468468468468
"LUCA","EBUS_13","Fibroblast",62,0.0200387847446671
"LUCA","EBUS_28","Fibroblast",9,0.00214285714285714
"LUCA","EFFUSION_06","Fibroblast",1,0.000244857982370225
"LUCA","LN_05","Fibroblast",3,0.00118530225207428
"LUCA","LN_12","Fibroblast",8,0.0019714144898965
"LUCA","LUNG_N01","Fibroblast",1,0.000335345405767941
"LUCA","LUNG_N06","Fibroblast",3,0.00111731843575419
"LUCA","LUNG_N08","Fibroblast",3,0.000962155227710071
"LUCA","LUNG_N09","Fibroblast",36,0.0148944973107158
"LUCA","LUNG_N18","Fibroblast",121,0.0276634659350709
"LUCA","LUNG_N19","Fibroblast",40,0.0110680686220255
"LUCA","LUNG_N20","Fibroblast",3,0.000559075661572866
"LUCA","LUNG_N28","Fibroblast",5,0.00159642401021711
"LUCA","LUNG_N30","Fibroblast",181,0.0512022630834512
"LUCA","LUNG_N31","Fibroblast",763,0.188395061728395
"LUCA","LUNG_N34","Fibroblast",127,0.0262017742933773
"LUCA","LUNG_T06","Fibroblast",391,0.124760689215061
"LUCA","LUNG_T08","Fibroblast",162,0.0479573712255773
"LUCA","LUNG_T09","Fibroblast",6,0.00171086398631309
"LUCA","LUNG_T18","Fibroblast",127,0.0360795454545455
"LUCA","LUNG_T19","Fibroblast",62,0.0152822282474735
"LUCA","LUNG_T20","Fibroblast",5,0.00137061403508772
"LUCA","LUNG_T25","Fibroblast",13,0.00323061630218688
"LUCA","LUNG_T28","Fibroblast",23,0.00528007346189164
"LUCA","LUNG_T30","Fibroblast",61,0.0158113011923276
"LUCA","LUNG_T31","Fibroblast",381,0.0828260869565217
"LUCA","LUNG_T34","Fibroblast",16,0.00537273337810611
"LUCA","NS_04","Fibroblast",34,0.0198946752486834
"LUCA","NS_06","Fibroblast",25,0.0265957446808511
"LUCA","NS_07","Fibroblast",4,0.00100175306786877
"LUCA","NS_12","Fibroblast",9,0.00325027085590466
"LUCA","NS_13","Fibroblast",3,0.000703070072650574
"LUCA","NS_16","Fibroblast",8,0.00684931506849315
"LUCA","NS_17","Fibroblast",29,0.0131698455949137
"LUCA","NS_19","Fibroblast",94,0.0303912059489169
"LUCA","p018_T","Fibroblast",36,0.00355064602031759
"LUCA","p019_N","Fibroblast",10,0.0106044538706257
"LUCA","p019_T","Fibroblast",39,0.0375722543352601
"LUCA","p023_T","Fibroblast",59,0.0111615588346576
"LUCA","p024_T","Fibroblast",19,0.00327812284334023
"LUCA","p027_N","Fibroblast",427,0.0567140390490105
"LUCA","p027_T","Fibroblast",41,0.00542112918154172
"LUCA","p028_N","Fibroblast",2,0.000382262996941896
"LUCA","p029_N","Fibroblast",46,0.0108337258596326
"LUCA","p030_N","Fibroblast",5,0.00217013888888889
"LUCA","p030_T","Fibroblast",36,0.0100139082058414
"LUCA","p031_N","Fibroblast",76,0.0166047629451606
"LUCA","p031_T","Fibroblast",81,0.0194104960460101
"LUCA","p032_N","Fibroblast",3,0.000674157303370786
"LUCA","p032_T","Fibroblast",29,0.00346144664597756
"LUCA","p033_N","Fibroblast",35,0.00902759865875677
"LUCA","p033_T","Fibroblast",34,0.0112471055243136
"LUCA","p034_N","Fibroblast",17,0.0050385299347955
"LUCA","p034_T","Fibroblast",28,0.00782997762863535
"LUCA","BRONCHO_58","Mural",11,0.00437723836052527
"LUCA","EBUS_28","Mural",1,0.000238095238095238
"LUCA","LN_05","Mural",1,0.000395100750691426
"LUCA","LN_12","Mural",1,0.000246426811237063
"LUCA","LUNG_N01","Mural",2,0.000670690811535882
"LUCA","LUNG_N08","Mural",4,0.00128287363694676
"LUCA","LUNG_N09","Mural",3,0.00124120810922631
"LUCA","LUNG_N18","Mural",17,0.00388660265203475
"LUCA","LUNG_N19","Mural",22,0.006087437742114
"LUCA","LUNG_N20","Mural",1,0.000186358553857622
"LUCA","LUNG_N28","Mural",1,0.000319284802043423
"LUCA","LUNG_N30","Mural",10,0.00282885431400283
"LUCA","LUNG_N31","Mural",14,0.00345679012345679
"LUCA","LUNG_N34","Mural",17,0.00350732411801114
"LUCA","LUNG_T06","Mural",33,0.0105296745373325
"LUCA","LUNG_T08","Mural",6,0.00177619893428064
"LUCA","LUNG_T09","Mural",3,0.000855431993156544
"LUCA","LUNG_T18","Mural",38,0.0107954545454545
"LUCA","LUNG_T19","Mural",23,0.00566921370470791
"LUCA","LUNG_T20","Mural",1,0.000274122807017544
"LUCA","LUNG_T28","Mural",2,0.000459136822773186
"LUCA","LUNG_T30","Mural",1,0.000259201658890617
"LUCA","LUNG_T31","Mural",42,0.0091304347826087
"LUCA","LUNG_T34","Mural",4,0.00134318334452653
"LUCA","NS_04","Mural",77,0.0450555880631949
"LUCA","NS_06","Mural",10,0.0106382978723404
"LUCA","NS_07","Mural",26,0.00651139494114701
"LUCA","NS_12","Mural",18,0.00650054171180932
"LUCA","NS_13","Mural",1,0.000234356690883525
"LUCA","NS_16","Mural",1,0.000856164383561644
"LUCA","NS_17","Mural",26,0.0118074477747502
"LUCA","NS_19","Mural",19,0.00614290333010023
"LUCA","p018_T","Mural",1,9.86290561199329e-05
"LUCA","p019_T","Mural",4,0.00385356454720617
"LUCA","p023_T","Mural",4,0.000756715853197125
"LUCA","p024_T","Mural",32,0.00552104899930987
"LUCA","p027_N","Mural",100,0.0132819763580821
"LUCA","p027_T","Mural",23,0.00304112124818194
"LUCA","p028_N","Mural",1,0.000191131498470948
"LUCA","p029_N","Mural",19,0.00447479981158738
"LUCA","p030_T","Mural",13,0.00361613351877608
"LUCA","p031_N","Mural",66,0.0144199257155342
"LUCA","p031_T","Mural",43,0.0103043374071411
"LUCA","p032_N","Mural",2,0.000449438202247191
"LUCA","p032_T","Mural",2,0.00023872045834328
"LUCA","p033_N","Mural",1,0.000257931390250193
"LUCA","p033_T","Mural",15,0.00496195831955012
"LUCA","p034_T","Mural",4,0.00111856823266219
"OVCA","BT1303","Epithelial",491,0.139172335600907
"OVCA","BT1304","Epithelial",25,0.0103734439834025
"OVCA","BT1307","Epithelial",828,0.181578947368421
"OVCA","EOC1005_interval_Tumor","Epithelial",426,0.349753694581281
"OVCA","EOC1005_primary_Peritoneum","Epithelial",397,0.150778579567034
"OVCA","EOC136_interval_Omentum","Epithelial",2202,0.666263237518911
"OVCA","EOC136_primary_Mesentery","Epithelial",204,0.0861122836639932
"OVCA","EOC153_interval_Omentum","Epithelial",95,0.0432801822323462
"OVCA","EOC153_primary_Omentum","Epithelial",349,0.268255188316679
"OVCA","EOC227_interval_Omentum","Epithelial",149,0.0824115044247788
"OVCA","EOC227_primary_Omentum","Epithelial",31,0.0153162055335968
"OVCA","EOC349_interval_Omentum","Epithelial",48,0.0381254964257347
"OVCA","EOC349_primary_Peritoneum","Epithelial",23,0.0192468619246862
"OVCA","EOC372_interval_Peritoneum","Epithelial",121,0.0274438648219551
"OVCA","EOC372_primary_Peritoneum","Epithelial",256,0.40251572327044
"OVCA","EOC3_interval_Omentum","Epithelial",200,0.086244070720138
"OVCA","EOC3_primary_Peritoneum","Epithelial",239,0.0810719131614654
"OVCA","EOC443_interval_Omentum","Epithelial",63,0.0167776298268975
"OVCA","EOC443_primary_Omentum","Epithelial",1021,0.512036108324975
"OVCA","EOC540_interval_Omentum","Epithelial",17,0.00962627406568516
"OVCA","EOC540_primary_Omentum","Epithelial",162,0.0896513558384062
"OVCA","EOC733_interval_Omentum","Epithelial",342,0.0879855930023154
"OVCA","EOC733_primary_Peritoneum","Epithelial",1276,0.89732770745429
"OVCA","EOC87_interval_Omentum","Epithelial",164,0.118668596237337
"OVCA","EOC87_primary_Peritoneum","Epithelial",139,0.0996415770609319
"OVCA","GSM4675273_T59","Epithelial",3610,0.336910872608493
"OVCA","GSM4675274_T76","Epithelial",293,0.0257333567539083
"OVCA","GSM4675275_T77","Epithelial",3357,0.555059523809524
"OVCA","GSM4675276_T89","Epithelial",268,0.0604420387911592
"OVCA","GSM4675277_T90","Epithelial",1023,0.29045996592845
"OVCA","GSM5276939","Epithelial",2595,0.55072156196944
"OVCA","GSM5276940","Epithelial",2513,0.420234113712375
"OVCA","GSM5276941","Epithelial",2151,0.275981524249423
"OVCA","GSM5276942","Epithelial",433,0.057633435378677
"OVCA","GSM5276943","Epithelial",2935,0.488434015643202
"OVCA","GSM5599220","Epithelial",18,0.00476190476190476
"OVCA","GSM5599222","Epithelial",65,0.0191966922622563
"OVCA","GSM5599223","Epithelial",51,0.00987797791981406
"OVCA","GSM5599224","Epithelial",517,0.173489932885906
"OVCA","GSM5599225","Epithelial",529,0.108512820512821
"OVCA","GSM5599226","Epithelial",735,0.325221238938053
"OVCA","GSM5599227","Epithelial",178,0.0545510266625804
"OVCA","GSM5599228","Epithelial",316,0.324768756423433
"OVCA","GSM5599229","Epithelial",128,0.03251206502413
"OVCA","GSM5599230","Epithelial",1043,0.311436249626754
"OVCA","GSM5599231","Epithelial",357,0.101767388825542
"OVCA","GSM7431434_E1","Epithelial",77,0.0282258064516129
"OVCA","GSM7431435_E2","Epithelial",63,0.0165964172813488
"OVCA","GSM7431436_E3","Epithelial",944,0.360030511060259
"OVCA","GSM7431437_E4","Epithelial",1703,0.637827715355805
"OVCA","GSM7431438_E7","Epithelial",188,0.0342877986503739
"OVCA","GSM7431439_E9","Epithelial",296,0.0855244149089858
"OVCA","GSM7431440_E10","Epithelial",3110,0.690957564985559
"OVCA","GSM7431441_E11","Epithelial",336,0.0693355344614115
"OVCA","GSM7431442_E12","Epithelial",266,0.0322033898305085
"OVCA","ovCHA004","Epithelial",222,0.113613101330604
"OVCA","ovCHA017","Epithelial",213,0.223739495798319
"OVCA","ovCHA018","Epithelial",558,0.188513513513514
"OVCA","ovCHA034","Epithelial",1283,0.749415887850467
"OVCA","ovCHA039","Epithelial",903,0.814981949458484
"OVCA","ovCHA066","Epithelial",425,0.188219663418955
"OVCA","ovCHA070","Epithelial",299,0.15380658436214
"OVCA","ovCHA107","Epithelial",11,0.00990990990990991
"OVCA","ovCHA110","Epithelial",724,0.333486872409028
"OVCA","scrSOL001","Epithelial",1349,0.354906603525388
"OVCA","scrSOL003","Epithelial",1682,0.415616506053867
"OVCA","scrSOL004","Epithelial",1952,0.427507665352606
"OVCA","scrSOL006","Epithelial",74,0.0967320261437909
"OVCA","scrSOL007","Epithelial",75,0.0235774913549198
"OVCA","BT1303","Tcell",281,0.0796485260770975
"OVCA","BT1304","Tcell",293,0.121576763485477
"OVCA","BT1305","Tcell",236,0.234592445328032
"OVCA","BT1306","Tcell",157,0.144301470588235
"OVCA","BT1307","Tcell",906,0.198684210526316
"OVCA","EOC1005_interval_Tumor","Tcell",512,0.420361247947455
"OVCA","EOC1005_primary_Peritoneum","Tcell",1920,0.729206228636536
"OVCA","EOC136_interval_Omentum","Tcell",69,0.0208774583963691
"OVCA","EOC136_primary_Mesentery","Tcell",809,0.341494301392993
"OVCA","EOC153_interval_Omentum","Tcell",1209,0.550797266514806
"OVCA","EOC153_primary_Omentum","Tcell",260,0.199846272098386
"OVCA","EOC227_interval_Omentum","Tcell",1195,0.660951327433628
"OVCA","EOC227_primary_Omentum","Tcell",917,0.453063241106719
"OVCA","EOC349_interval_Omentum","Tcell",829,0.65845909451946
"OVCA","EOC349_primary_Peritoneum","Tcell",821,0.687029288702929
"OVCA","EOC372_interval_Peritoneum","Tcell",1839,0.417101383533681
"OVCA","EOC372_primary_Peritoneum","Tcell",218,0.342767295597484
"OVCA","EOC3_interval_Omentum","Tcell",1179,0.508408796895213
"OVCA","EOC3_primary_Peritoneum","Tcell",1143,0.387720488466757
"OVCA","EOC443_interval_Omentum","Tcell",2877,0.766178428761651
"OVCA","EOC443_primary_Omentum","Tcell",202,0.101303911735206
"OVCA","EOC540_interval_Omentum","Tcell",1172,0.663646659116648
"OVCA","EOC540_primary_Omentum","Tcell",910,0.503597122302158
"OVCA","EOC733_interval_Omentum","Tcell",1414,0.363776691535889
"OVCA","EOC733_primary_Peritoneum","Tcell",13,0.00914205344585091
"OVCA","EOC87_interval_Omentum","Tcell",785,0.568017366136035
"OVCA","EOC87_primary_Peritoneum","Tcell",695,0.498207885304659
"OVCA","GSM4675273_T59","Tcell",1791,0.167148856742884
"OVCA","GSM4675274_T76","Tcell",3414,0.299841911118918
"OVCA","GSM4675275_T77","Tcell",1789,0.295800264550265
"OVCA","GSM4675276_T89","Tcell",2037,0.459404600811908
"OVCA","GSM4675277_T90","Tcell",1781,0.505678591709256
"OVCA","GSM5276939","Tcell",47,0.00997453310696095
"OVCA","GSM5276940","Tcell",700,0.117056856187291
"OVCA","GSM5276941","Tcell",645,0.0827559661277906
"OVCA","GSM5276942","Tcell",2394,0.318647677359244
"OVCA","GSM5276943","Tcell",218,0.036278914960892
"OVCA","GSM5599220","Tcell",832,0.22010582010582
"OVCA","GSM5599221","Tcell",486,0.11646297627606
"OVCA","GSM5599222","Tcell",1455,0.429710572947431
"OVCA","GSM5599223","Tcell",404,0.0782490799922526
"OVCA","GSM5599224","Tcell",712,0.238926174496644
"OVCA","GSM5599225","Tcell",2797,0.57374358974359
"OVCA","GSM5599226","Tcell",284,0.125663716814159
"OVCA","GSM5599227","Tcell",2556,0.783328225559301
"OVCA","GSM5599228","Tcell",326,0.335046248715313
"OVCA","GSM5599229","Tcell",3075,0.781051562103124
"OVCA","GSM5599230","Tcell",462,0.137951627351448
"OVCA","GSM5599231","Tcell",2338,0.666476624857469
"OVCA","GSM7431434_E1","Tcell",1674,0.613636363636364
"OVCA","GSM7431435_E2","Tcell",2200,0.579557428872497
"OVCA","GSM7431436_E3","Tcell",663,0.252860411899314
"OVCA","GSM7431437_E4","Tcell",747,0.279775280898876
"OVCA","GSM7431438_E7","Tcell",2027,0.369688126937808
"OVCA","GSM7431439_E9","Tcell",1843,0.532505056342098
"OVCA","GSM7431440_E10","Tcell",403,0.0895356587425017
"OVCA","GSM7431441_E11","Tcell",1927,0.397647544366488
"OVCA","GSM7431442_E12","Tcell",638,0.0772397094430993
"OVCA","ovCHA004","Tcell",931,0.476458546571136
"OVCA","ovCHA017","Tcell",363,0.381302521008403
"OVCA","ovCHA018","Tcell",1427,0.482094594594595
"OVCA","ovCHA034","Tcell",287,0.167640186915888
"OVCA","ovCHA039","Tcell",31,0.0279783393501805
"OVCA","ovCHA066","Tcell",998,0.441984056687334
"OVCA","ovCHA070","Tcell",399,0.205246913580247
"OVCA","ovCHA107","Tcell",573,0.516216216216216
"OVCA","ovCHA110","Tcell",221,0.101796407185629
"OVCA","scrSOL001","Tcell",493,0.129702709813207
"OVCA","scrSOL003","Tcell",1173,0.289844329132691
"OVCA","scrSOL004","Tcell",350,0.0766535260621989
"OVCA","scrSOL006","Tcell",299,0.390849673202614
"OVCA","scrSOL007","Tcell",146,0.045897516504244
"OVCA","BT1303","Bcell",85,0.024092970521542
"OVCA","BT1305","Bcell",11,0.010934393638171
"OVCA","BT1307","Bcell",8,0.00175438596491228
"OVCA","EOC1005_interval_Tumor","Bcell",12,0.00985221674876847
"OVCA","EOC1005_primary_Peritoneum","Bcell",76,0.0288644132168629
"OVCA","EOC136_interval_Omentum","Bcell",9,0.0027231467473525
"OVCA","EOC136_primary_Mesentery","Bcell",27,0.011397214014352
"OVCA","EOC153_interval_Omentum","Bcell",254,0.115717539863326
"OVCA","EOC153_primary_Omentum","Bcell",37,0.0284396617986164
"OVCA","EOC227_interval_Omentum","Bcell",225,0.124446902654867
"OVCA","EOC227_primary_Omentum","Bcell",799,0.394762845849802
"OVCA","EOC349_interval_Omentum","Bcell",67,0.0532168387609214
"OVCA","EOC349_primary_Peritoneum","Bcell",25,0.0209205020920502
"OVCA","EOC372_interval_Peritoneum","Bcell",238,0.0539804944431844
"OVCA","EOC372_primary_Peritoneum","Bcell",61,0.0959119496855346
"OVCA","EOC3_interval_Omentum","Bcell",141,0.0608020698576973
"OVCA","EOC3_primary_Peritoneum","Bcell",41,0.0139077340569878
"OVCA","EOC443_interval_Omentum","Bcell",213,0.0567243675099867
"OVCA","EOC443_primary_Omentum","Bcell",41,0.0205616850551655
"OVCA","EOC540_interval_Omentum","Bcell",21,0.0118912797281993
"OVCA","EOC540_primary_Omentum","Bcell",10,0.00553403431101273
"OVCA","EOC733_interval_Omentum","Bcell",670,0.172369436583483
"OVCA","EOC87_interval_Omentum","Bcell",17,0.012301013024602
"OVCA","EOC87_primary_Peritoneum","Bcell",43,0.0308243727598566
"OVCA","GSM4675273_T59","Bcell",131,0.0122258516098927
"OVCA","GSM4675274_T76","Bcell",59,0.00518180221324434
"OVCA","GSM4675275_T77","Bcell",366,0.060515873015873
"OVCA","GSM4675276_T89","Bcell",503,0.113441587731168
"OVCA","GSM4675277_T90","Bcell",190,0.053946621237933
"OVCA","GSM5276940","Bcell",168,0.0280936454849498
"OVCA","GSM5276941","Bcell",143,0.0183474467539133
"OVCA","GSM5276942","Bcell",43,0.0057234127512312
"OVCA","GSM5599220","Bcell",6,0.00158730158730159
"OVCA","GSM5599221","Bcell",24,0.00575125808770669
"OVCA","GSM5599222","Bcell",26,0.00767867690490254
"OVCA","GSM5599224","Bcell",72,0.0241610738255034
"OVCA","GSM5599225","Bcell",231,0.0473846153846154
"OVCA","GSM5599226","Bcell",38,0.0168141592920354
"OVCA","GSM5599227","Bcell",165,0.0505669629175605
"OVCA","GSM5599228","Bcell",17,0.0174717368961973
"OVCA","GSM5599229","Bcell",374,0.09499618999238
"OVCA","GSM5599230","Bcell",15,0.00447894893998208
"OVCA","GSM5599231","Bcell",667,0.190136830102623
"OVCA","GSM7431434_E1","Bcell",471,0.172653958944282
"OVCA","GSM7431435_E2","Bcell",1096,0.288724973656481
"OVCA","GSM7431436_E3","Bcell",55,0.020976353928299
"OVCA","GSM7431438_E7","Bcell",133,0.0242567937260624
"OVCA","GSM7431439_E9","Bcell",33,0.00953481652701531
"OVCA","GSM7431441_E11","Bcell",1661,0.34275691291787
"OVCA","ovCHA004","Bcell",75,0.0383828045035824
"OVCA","ovCHA017","Bcell",142,0.149159663865546
"OVCA","ovCHA018","Bcell",215,0.0726351351351351
"OVCA","ovCHA066","Bcell",442,0.195748449955713
"OVCA","ovCHA070","Bcell",27,0.0138888888888889
"OVCA","ovCHA107","Bcell",500,0.45045045045045
"OVCA","ovCHA110","Bcell",20,0.00921234454168586
"OVCA","scrSOL001","Bcell",11,0.00289397526966588
"OVCA","scrSOL003","Bcell",301,0.0743760810476896
"OVCA","scrSOL004","Bcell",106,0.0232150678931231
"OVCA","scrSOL006","Bcell",24,0.0313725490196078
"OVCA","BT1303","Myeloid",1108,0.3140589569161
"OVCA","BT1304","Myeloid",873,0.362240663900415
"OVCA","BT1305","Myeloid",347,0.34493041749503
"OVCA","BT1306","Myeloid",128,0.117647058823529
"OVCA","BT1307","Myeloid",850,0.18640350877193
"OVCA","EOC1005_interval_Tumor","Myeloid",84,0.0689655172413793
"OVCA","EOC1005_primary_Peritoneum","Myeloid",57,0.0216483099126472
"OVCA","EOC136_interval_Omentum","Myeloid",657,0.198789712556732
"OVCA","EOC136_primary_Mesentery","Myeloid",445,0.187842971718024
"OVCA","EOC153_interval_Omentum","Myeloid",239,0.108883826879271
"OVCA","EOC153_primary_Omentum","Myeloid",313,0.240584166026134
"OVCA","EOC227_interval_Omentum","Myeloid",217,0.120022123893805
"OVCA","EOC227_primary_Omentum","Myeloid",255,0.12598814229249
"OVCA","EOC349_interval_Omentum","Myeloid",315,0.250198570293884
"OVCA","EOC349_primary_Peritoneum","Myeloid",35,0.0292887029288703
"OVCA","EOC372_interval_Peritoneum","Myeloid",260,0.0589702880471762
"OVCA","EOC3_interval_Omentum","Myeloid",464,0.20008624407072
"OVCA","EOC3_primary_Peritoneum","Myeloid",1291,0.437924016282225
"OVCA","EOC443_interval_Omentum","Myeloid",416,0.110785619174434
"OVCA","EOC443_primary_Omentum","Myeloid",351,0.176028084252758
"OVCA","EOC540_interval_Omentum","Myeloid",250,0.141562853907135
"OVCA","EOC540_primary_Omentum","Myeloid",573,0.317100166021029
"OVCA","EOC733_interval_Omentum","Myeloid",1449,0.372781065088757
"OVCA","EOC733_primary_Peritoneum","Myeloid",117,0.0822784810126582
"OVCA","EOC87_interval_Omentum","Myeloid",151,0.109261939218524
"OVCA","EOC87_primary_Peritoneum","Myeloid",281,0.201433691756272
"OVCA","GSM4675273_T59","Myeloid",3476,0.324405039664022
"OVCA","GSM4675274_T76","Myeloid",1138,0.099947303706306
"OVCA","GSM4675275_T77","Myeloid",454,0.0750661375661376
"OVCA","GSM4675276_T89","Myeloid",1242,0.280108254397835
"OVCA","GSM4675277_T90","Myeloid",308,0.087450312322544
"OVCA","GSM5276939","Myeloid",18,0.00382003395585739
"OVCA","GSM5276940","Myeloid",911,0.152341137123746
"OVCA","GSM5276941","Myeloid",1662,0.213240954580447
"OVCA","GSM5276942","Myeloid",474,0.0630906428856648
"OVCA","GSM5276943","Myeloid",926,0.154102180063238
"OVCA","GSM5599220","Myeloid",4,0.00105820105820106
"OVCA","GSM5599221","Myeloid",216,0.0517613227893602
"OVCA","GSM5599222","Myeloid",240,0.0708800945067927
"OVCA","GSM5599223","Myeloid",104,0.0201433275227581
"OVCA","GSM5599224","Myeloid",494,0.165771812080537
"OVCA","GSM5599225","Myeloid",1255,0.257435897435897
"OVCA","GSM5599226","Myeloid",527,0.233185840707965
"OVCA","GSM5599227","Myeloid",357,0.109408519767086
"OVCA","GSM5599228","Myeloid",252,0.258992805755396
"OVCA","GSM5599229","Myeloid",252,0.064008128016256
"OVCA","GSM5599230","Myeloid",403,0.120334428187519
"OVCA","GSM5599231","Myeloid",146,0.0416191562143672
"OVCA","GSM7431434_E1","Myeloid",376,0.13782991202346
"OVCA","GSM7431435_E2","Myeloid",323,0.0850895679662803
"OVCA","GSM7431436_E3","Myeloid",466,0.177726926010679
"OVCA","GSM7431437_E4","Myeloid",171,0.0640449438202247
"OVCA","GSM7431438_E7","Myeloid",843,0.153747948203538
"OVCA","GSM7431439_E9","Myeloid",573,0.165559086969084
"OVCA","GSM7431440_E10","Myeloid",552,0.122639413463675
"OVCA","GSM7431441_E11","Myeloid",345,0.0711927362773421
"OVCA","GSM7431442_E12","Myeloid",778,0.0941888619854722
"OVCA","ovCHA004","Myeloid",149,0.0762538382804504
"OVCA","ovCHA017","Myeloid",180,0.189075630252101
"OVCA","ovCHA018","Myeloid",683,0.230743243243243
"OVCA","ovCHA034","Myeloid",117,0.0683411214953271
"OVCA","ovCHA039","Myeloid",33,0.0297833935018051
"OVCA","ovCHA066","Myeloid",346,0.153232949512843
"OVCA","ovCHA070","Myeloid",329,0.169238683127572
"OVCA","ovCHA107","Myeloid",17,0.0153153153153153
"OVCA","ovCHA110","Myeloid",886,0.408106863196684
"OVCA","scrSOL001","Myeloid",1107,0.291239147592739
"OVCA","scrSOL003","Myeloid",307,0.0758586607363479
"OVCA","scrSOL004","Myeloid",263,0.0575996495838809
"OVCA","scrSOL006","Myeloid",335,0.437908496732026
"OVCA","scrSOL007","Myeloid",80,0.0251493241119145
"OVCA","BT1303","Endothelial",190,0.0538548752834467
"OVCA","BT1304","Endothelial",76,0.0315352697095436
"OVCA","BT1305","Endothelial",93,0.0924453280318091
"OVCA","BT1306","Endothelial",247,0.227022058823529
"OVCA","BT1307","Endothelial",124,0.0271929824561404
"OVCA","EOC87_interval_Omentum","Endothelial",3,0.00217076700434153
"OVCA","GSM4675273_T59","Endothelial",147,0.013719085394307
"OVCA","GSM4675274_T76","Endothelial",429,0.0376778499912173
"OVCA","GSM4675275_T77","Endothelial",42,0.00694444444444444
"OVCA","GSM4675276_T89","Endothelial",105,0.023680649526387
"OVCA","GSM4675277_T90","Endothelial",51,0.0144804088586031
"OVCA","GSM5276939","Endothelial",841,0.178480475382003
"OVCA","GSM5276940","Endothelial",283,0.0473244147157191
"OVCA","GSM5276941","Endothelial",303,0.0388760585065435
"OVCA","GSM5276942","Endothelial",33,0.00439238653001464
"OVCA","GSM5599220","Endothelial",58,0.0153439153439153
"OVCA","GSM5599221","Endothelial",120,0.0287562904385334
"OVCA","GSM5599222","Endothelial",464,0.137034849379799
"OVCA","GSM5599223","Endothelial",751,0.145458067015301
"OVCA","GSM5599224","Endothelial",268,0.0899328859060403
"OVCA","GSM5599225","Endothelial",37,0.00758974358974359
"OVCA","GSM5599226","Endothelial",279,0.123451327433628
"OVCA","GSM5599228","Endothelial",2,0.00205549845837616
"OVCA","GSM5599229","Endothelial",11,0.00279400558801118
"OVCA","GSM5599230","Endothelial",24,0.00716631830397133
"OVCA","GSM7431438_E7","Endothelial",494,0.0900966624110888
"OVCA","GSM7431439_E9","Endothelial",10,0.00288933834151979
"OVCA","GSM7431442_E12","Endothelial",70,0.00847457627118644
"OVCA","ovCHA004","Endothelial",80,0.0409416581371546
"OVCA","ovCHA018","Endothelial",18,0.00608108108108108
"OVCA","ovCHA039","Endothelial",54,0.0487364620938628
"OVCA","ovCHA066","Endothelial",27,0.0119574844995571
"OVCA","ovCHA070","Endothelial",105,0.0540123456790123
"OVCA","ovCHA110","Endothelial",111,0.0511285122063565
"OVCA","scrSOL001","Endothelial",19,0.00499868455669561
"OVCA","scrSOL003","Endothelial",114,0.028169014084507
"OVCA","scrSOL004","Endothelial",162,0.0354796320630749
"OVCA","scrSOL007","Endothelial",150,0.0471549827098397
"OVCA","BT1303","Fibroblast",1340,0.379818594104308
"OVCA","BT1304","Fibroblast",1131,0.469294605809129
"OVCA","BT1305","Fibroblast",305,0.303180914512922
"OVCA","BT1306","Fibroblast",487,0.447610294117647
"OVCA","BT1307","Fibroblast",1706,0.374122807017544
"OVCA","EOC1005_interval_Tumor","Fibroblast",184,0.151067323481117
"OVCA","EOC1005_primary_Peritoneum","Fibroblast",183,0.0695024686669199
"OVCA","EOC136_interval_Omentum","Fibroblast",363,0.109833585476551
"OVCA","EOC136_primary_Mesentery","Fibroblast",882,0.3723089911355
"OVCA","EOC153_interval_Omentum","Fibroblast",398,0.181321184510251
"OVCA","EOC153_primary_Omentum","Fibroblast",340,0.261337432744043
"OVCA","EOC227_interval_Omentum","Fibroblast",22,0.0121681415929204
"OVCA","EOC227_primary_Omentum","Fibroblast",22,0.0108695652173913
"OVCA","EOC349_primary_Peritoneum","Fibroblast",291,0.243514644351464
"OVCA","EOC372_interval_Peritoneum","Fibroblast",1908,0.432751190746201
"OVCA","EOC372_primary_Peritoneum","Fibroblast",101,0.158805031446541
"OVCA","EOC3_interval_Omentum","Fibroblast",329,0.141871496334627
"OVCA","EOC3_primary_Peritoneum","Fibroblast",234,0.0793758480325644
"OVCA","EOC443_interval_Omentum","Fibroblast",183,0.0487350199733688
"OVCA","EOC443_primary_Omentum","Fibroblast",367,0.184052156469408
"OVCA","EOC540_interval_Omentum","Fibroblast",304,0.172140430351076
"OVCA","EOC540_primary_Omentum","Fibroblast",135,0.0747094631986718
"OVCA","EOC733_interval_Omentum","Fibroblast",12,0.00308721378955493
"OVCA","EOC733_primary_Peritoneum","Fibroblast",16,0.0112517580872011
"OVCA","EOC87_interval_Omentum","Fibroblast",261,0.188856729377713
"OVCA","EOC87_primary_Peritoneum","Fibroblast",237,0.16989247311828
"OVCA","GSM4675273_T59","Fibroblast",1468,0.137004199720019
"OVCA","GSM4675274_T76","Fibroblast",5539,0.486474617951871
"OVCA","GSM4675275_T77","Fibroblast",29,0.00479497354497354
"OVCA","GSM4675276_T89","Fibroblast",214,0.0482634190347316
"OVCA","GSM4675277_T90","Fibroblast",125,0.0354911981828507
"OVCA","GSM5276939","Fibroblast",1016,0.215619694397284
"OVCA","GSM5276940","Fibroblast",1019,0.170401337792642
"OVCA","GSM5276941","Fibroblast",2584,0.331537079804978
"OVCA","GSM5276942","Fibroblast",4006,0.533209104219353
"OVCA","GSM5276943","Fibroblast",1427,0.237477117656848
"OVCA","GSM5599220","Fibroblast",2796,0.73968253968254
"OVCA","GSM5599221","Fibroblast",3123,0.748382458662832
"OVCA","GSM5599222","Fibroblast",908,0.268163024217366
"OVCA","GSM5599223","Fibroblast",3700,0.716637613790432
"OVCA","GSM5599224","Fibroblast",801,0.268791946308725
"OVCA","GSM5599225","Fibroblast",14,0.00287179487179487
"OVCA","GSM5599226","Fibroblast",317,0.140265486725664
"OVCA","GSM5599227","Fibroblast",5,0.00153233220962305
"OVCA","GSM5599228","Fibroblast",46,0.0472764645426516
"OVCA","GSM5599229","Fibroblast",70,0.0177800355600711
"OVCA","GSM5599230","Fibroblast",1372,0.409674529710361
"OVCA","GSM7431434_E1","Fibroblast",129,0.0472873900293255
"OVCA","GSM7431435_E2","Fibroblast",112,0.029504741833509
"OVCA","GSM7431436_E3","Fibroblast",492,0.187643020594966
"OVCA","GSM7431437_E4","Fibroblast",25,0.00936329588014981
"OVCA","GSM7431438_E7","Fibroblast",1736,0.316614991792814
"OVCA","GSM7431439_E9","Fibroblast",630,0.182028315515747
"OVCA","GSM7431440_E10","Fibroblast",427,0.0948678071539658
"OVCA","GSM7431441_E11","Fibroblast",536,0.110606685926537
"OVCA","GSM7431442_E12","Fibroblast",6377,0.772033898305085
"OVCA","ovCHA004","Fibroblast",423,0.216479017400205
"OVCA","ovCHA017","Fibroblast",48,0.0504201680672269
"OVCA","ovCHA018","Fibroblast",57,0.0192567567567568
"OVCA","ovCHA034","Fibroblast",23,0.0134345794392523
"OVCA","ovCHA039","Fibroblast",34,0.0306859205776173
"OVCA","ovCHA066","Fibroblast",15,0.00664304694419841
"OVCA","ovCHA070","Fibroblast",703,0.361625514403292
"OVCA","ovCHA107","Fibroblast",9,0.00810810810810811
"OVCA","ovCHA110","Fibroblast",170,0.0783049286043298
"OVCA","scrSOL001","Fibroblast",804,0.211523283346488
"OVCA","scrSOL003","Fibroblast",380,0.0938967136150235
"OVCA","scrSOL004","Fibroblast",1674,0.366622864651774
"OVCA","scrSOL006","Fibroblast",15,0.0196078431372549
"OVCA","scrSOL007","Fibroblast",1762,0.553913863564917
"OVCA","BT1303","Mural",33,0.00935374149659864
"OVCA","BT1304","Mural",12,0.00497925311203319
"OVCA","BT1305","Mural",14,0.0139165009940358
"OVCA","BT1306","Mural",69,0.0634191176470588
"OVCA","BT1307","Mural",138,0.0302631578947368
"OVCA","EOC136_interval_Omentum","Mural",5,0.00151285930408472
"OVCA","EOC136_primary_Mesentery","Mural",2,0.000844238075137189
"OVCA","EOC153_primary_Omentum","Mural",2,0.00153727901614143
"OVCA","EOC372_interval_Peritoneum","Mural",43,0.00975277840780222
"OVCA","EOC3_interval_Omentum","Mural",6,0.00258732212160414
"OVCA","EOC443_interval_Omentum","Mural",3,0.000798934753661784
"OVCA","EOC443_primary_Omentum","Mural",12,0.00601805416248746
"OVCA","EOC540_interval_Omentum","Mural",2,0.00113250283125708
"OVCA","EOC540_primary_Omentum","Mural",17,0.00940785832872164
"OVCA","EOC87_interval_Omentum","Mural",1,0.000723589001447178
"OVCA","GSM4675273_T59","Mural",92,0.00858609426038264
"OVCA","GSM4675274_T76","Mural",514,0.0451431582645354
"OVCA","GSM4675275_T77","Mural",11,0.00181878306878307
"OVCA","GSM4675276_T89","Mural",65,0.014659449706811
"OVCA","GSM4675277_T90","Mural",44,0.0124929017603634
"OVCA","GSM5276939","Mural",195,0.041383701188455
"OVCA","GSM5276940","Mural",386,0.0645484949832776
"OVCA","GSM5276941","Mural",306,0.0392609699769053
"OVCA","GSM5276942","Mural",130,0.0173033408758153
"OVCA","GSM5276943","Mural",503,0.0837077716758196
"OVCA","GSM5599220","Mural",66,0.0174603174603175
"OVCA","GSM5599221","Mural",204,0.0488856937455068
"OVCA","GSM5599222","Mural",228,0.067336089781453
"OVCA","GSM5599223","Mural",153,0.0296339337594422
"OVCA","GSM5599224","Mural",116,0.0389261744966443
"OVCA","GSM5599225","Mural",12,0.00246153846153846
"OVCA","GSM5599226","Mural",80,0.0353982300884956
"OVCA","GSM5599227","Mural",2,0.000612932883849218
"OVCA","GSM5599228","Mural",14,0.0143884892086331
"OVCA","GSM5599229","Mural",27,0.00685801371602743
"OVCA","GSM5599230","Mural",30,0.00895789787996417
"OVCA","GSM7431434_E1","Mural",1,0.000366568914956012
"OVCA","GSM7431435_E2","Mural",2,0.000526870389884088
"OVCA","GSM7431436_E3","Mural",2,0.0007627765064836
"OVCA","GSM7431437_E4","Mural",24,0.00898876404494382
"OVCA","GSM7431438_E7","Mural",62,0.0113076782783148
"OVCA","GSM7431439_E9","Mural",76,0.0219589713955504
"OVCA","GSM7431440_E10","Mural",9,0.00199955565429904
"OVCA","GSM7431441_E11","Mural",41,0.0084605860503508
"OVCA","GSM7431442_E12","Mural",131,0.0158595641646489
"OVCA","ovCHA004","Mural",74,0.037871033776868
"OVCA","ovCHA017","Mural",6,0.00630252100840336
"OVCA","ovCHA018","Mural",2,0.000675675675675676
"OVCA","ovCHA034","Mural",2,0.00116822429906542
"OVCA","ovCHA039","Mural",53,0.0478339350180505
"OVCA","ovCHA066","Mural",5,0.00221434898139947
"OVCA","ovCHA070","Mural",82,0.0421810699588477
"OVCA","ovCHA110","Mural",39,0.0179640718562874
"OVCA","scrSOL001","Mural",18,0.00473559589581689
"OVCA","scrSOL003","Mural",90,0.022238695329874
"OVCA","scrSOL004","Mural",59,0.0129215943933421
"OVCA","scrSOL006","Mural",18,0.0235294117647059
"OVCA","scrSOL007","Mural",968,0.304306821754165
"PACA","GSM4679540_T9","Epithelial",238,0.309090909090909
"PACA","GSM4730260_P1","Epithelial",113,0.0975820379965458
"PACA","GSM4730261_P2","Epithelial",4,0.00432432432432432
"PACA","GSM4730262_P3","Epithelial",1984,0.531333690412426
"PACA","GSM4730263_P4","Epithelial",429,0.218431771894094
"PACA","GSM4730264_P5","Epithelial",45,0.0834879406307978
"PACA","GSM6204109_P01","Epithelial",2000,0.400240144086452
"PACA","GSM6204110_P02","Epithelial",658,0.208690136378053
"PACA","GSM6204111_P03","Epithelial",9035,0.457792865828942
"PACA","GSM6204112_P04","Epithelial",467,0.210550045085663
"PACA","GSM6204113_P05","Epithelial",10926,0.885126377187297
"PACA","GSM6204114_P06","Epithelial",311,0.103014243126863
"PACA","GSM6204115_P07","Epithelial",1977,0.466493629070316
"PACA","GSM6204116_P08","Epithelial",4904,0.760192218260735
"PACA","GSM6204117_P09","Epithelial",673,0.469644103279833
"PACA","GSM6204118_P10","Epithelial",235,0.0567632850241546
"PACA","GSM6204119_P11","Epithelial",4356,0.786991869918699
"PACA","GSM6204120_P12","Epithelial",1503,0.502675585284281
"PACA","GSM6204121_P13","Epithelial",1319,0.626008542952065
"PACA","GSM6204122_P14","Epithelial",1337,0.0916129916404002
"PACA","GSM6204123_P15","Epithelial",2817,0.402658662092624
"PACA","GSM6204124_P16","Epithelial",609,0.215651558073654
"PACA","GSM6204125_P17","Epithelial",2448,0.562241616903996
"PACA","GSM6204126_P18","Epithelial",8652,0.591427985508237
"PACA","GSM6204127_P19","Epithelial",3364,0.266708951082217
"PACA","GSM6204128_P20","Epithelial",2410,0.293401509617726
"PACA","GSM6204129_P21","Epithelial",1206,0.611561866125761
"PACA","GSM6204130_P22","Epithelial",1499,0.27344035023714
"PACA","GSM6204131_P23","Epithelial",3936,0.469970149253731
"PACA","GSM6204132_P24","Epithelial",861,0.320193380438825
"PACA","GSM6204133_P25","Epithelial",2745,0.32191861146945
"PACA","GSM6204134_P26","Epithelial",1193,0.24848989793793
"PACA","GSM6204135_P27","Epithelial",6430,0.720771213989463
"PACA","GSM6603324_Primary001","Epithelial",1501,0.500333333333333
"PACA","GSM6603325_Primary002","Epithelial",6231,0.719265843241371
"PACA","GSM6603326_Primary003","Epithelial",546,0.0742958225608926
"PACA","GSM4730260_P1","Tcell",978,0.844559585492228
"PACA","GSM4730261_P2","Tcell",557,0.602162162162162
"PACA","GSM4730262_P3","Tcell",722,0.193358328869845
"PACA","GSM4730263_P4","Tcell",999,0.508655804480652
"PACA","GSM4730264_P5","Tcell",430,0.797773654916512
"PACA","GSM6204109_P01","Tcell",1357,0.271562937762658
"PACA","GSM6204110_P02","Tcell",2184,0.69267364414843
"PACA","GSM6204111_P03","Tcell",2845,0.144152817186867
"PACA","GSM6204112_P04","Tcell",939,0.423354373309288
"PACA","GSM6204113_P05","Tcell",496,0.0401814646791964
"PACA","GSM6204114_P06","Tcell",1998,0.661808545876118
"PACA","GSM6204115_P07","Tcell",864,0.20386974988202
"PACA","GSM6204116_P08","Tcell",268,0.0415439466749341
"PACA","GSM6204117_P09","Tcell",467,0.325889741800419
"PACA","GSM6204118_P10","Tcell",2113,0.510386473429952
"PACA","GSM6204119_P11","Tcell",346,0.0625112917795845
"PACA","GSM6204120_P12","Tcell",770,0.25752508361204
"PACA","GSM6204121_P13","Tcell",596,0.282866635026103
"PACA","GSM6204122_P14","Tcell",6017,0.412292723036864
"PACA","GSM6204123_P15","Tcell",2190,0.31303602058319
"PACA","GSM6204124_P16","Tcell",1822,0.645184135977337
"PACA","GSM6204125_P17","Tcell",1212,0.278364722094626
"PACA","GSM6204126_P18","Tcell",3370,0.230364344794586
"PACA","GSM6204127_P19","Tcell",4805,0.380956156346626
"PACA","GSM6204128_P20","Tcell",3790,0.461407353299245
"PACA","GSM6204129_P21","Tcell",531,0.269269776876268
"PACA","GSM6204130_P22","Tcell",2848,0.519518423932871
"PACA","GSM6204131_P23","Tcell",1255,0.149850746268657
"PACA","GSM6204132_P24","Tcell",1622,0.603198214949795
"PACA","GSM6204133_P25","Tcell",4506,0.528439075876627
"PACA","GSM6204134_P26","Tcell",1846,0.384503228494064
"PACA","GSM6204135_P27","Tcell",1446,0.162089451855173
"PACA","GSM6603324_Primary001","Tcell",307,0.102333333333333
"PACA","GSM6603325_Primary002","Tcell",457,0.0527530878448574
"PACA","GSM6603326_Primary003","Tcell",2742,0.373111988025582
"PACA","GSM4730260_P1","Bcell",11,0.00949913644214162
"PACA","GSM4730261_P2","Bcell",192,0.207567567567568
"PACA","GSM4730262_P3","Bcell",51,0.0136582753079807
"PACA","GSM4730263_P4","Bcell",50,0.0254582484725051
"PACA","GSM4730264_P5","Bcell",9,0.0166975881261596
"PACA","GSM6204109_P01","Bcell",36,0.00720432259355613
"PACA","GSM6204110_P02","Bcell",66,0.0209324452901998
"PACA","GSM6204111_P03","Bcell",338,0.0171260640453993
"PACA","GSM6204112_P04","Bcell",26,0.0117222723174031
"PACA","GSM6204113_P05","Bcell",32,0.00259235255994815
"PACA","GSM6204114_P06","Bcell",49,0.0162305399138788
"PACA","GSM6204115_P07","Bcell",65,0.0153374233128834
"PACA","GSM6204118_P10","Bcell",108,0.0260869565217391
"PACA","GSM6204119_P11","Bcell",30,0.00542005420054201
"PACA","GSM6204121_P13","Bcell",20,0.0094921689606075
"PACA","GSM6204122_P14","Bcell",980,0.0671508839249007
"PACA","GSM6204123_P15","Bcell",228,0.032590051457976
"PACA","GSM6204124_P16","Bcell",34,0.0120396600566572
"PACA","GSM6204125_P17","Bcell",16,0.00367478180983004
"PACA","GSM6204126_P18","Bcell",72,0.00492173080866771
"PACA","GSM6204127_P19","Bcell",156,0.0123681915484024
"PACA","GSM6204128_P20","Bcell",489,0.0595325054784514
"PACA","GSM6204129_P21","Bcell",12,0.00608519269776876
"PACA","GSM6204130_P22","Bcell",122,0.022254651587012
"PACA","GSM6204131_P23","Bcell",948,0.113194029850746
"PACA","GSM6204132_P24","Bcell",29,0.0107846783190777
"PACA","GSM6204133_P25","Bcell",172,0.0201712208279583
"PACA","GSM6204134_P26","Bcell",171,0.0356175796709019
"PACA","GSM6204135_P27","Bcell",146,0.0163658782647685
"PACA","GSM6603325_Primary002","Bcell",52,0.00600253953595752
"PACA","GSM6603326_Primary003","Bcell",240,0.0326575044223704
"PACA","GSM4679540_T9","Myeloid",273,0.354545454545455
"PACA","GSM4730260_P1","Myeloid",56,0.0483592400690846
"PACA","GSM4730261_P2","Myeloid",172,0.185945945945946
"PACA","GSM4730262_P3","Myeloid",955,0.255757900374933
"PACA","GSM4730263_P4","Myeloid",483,0.245926680244399
"PACA","GSM4730264_P5","Myeloid",55,0.102040816326531
"PACA","GSM6204109_P01","Myeloid",1514,0.302981789073444
"PACA","GSM6204110_P02","Myeloid",245,0.0777037741833175
"PACA","GSM6204111_P03","Myeloid",4264,0.216051884880422
"PACA","GSM6204112_P04","Myeloid",131,0.0590622182146078
"PACA","GSM6204113_P05","Myeloid",516,0.041801685029164
"PACA","GSM6204114_P06","Myeloid",535,0.17721099701888
"PACA","GSM6204115_P07","Myeloid",720,0.169891458235017
"PACA","GSM6204116_P08","Myeloid",70,0.0108510308479306
"PACA","GSM6204117_P09","Myeloid",132,0.0921144452198186
"PACA","GSM6204118_P10","Myeloid",530,0.128019323671498
"PACA","GSM6204119_P11","Myeloid",466,0.0841915085817525
"PACA","GSM6204120_P12","Myeloid",639,0.21371237458194
"PACA","GSM6204121_P13","Myeloid",160,0.07593735168486
"PACA","GSM6204122_P14","Myeloid",1105,0.0757160476908318
"PACA","GSM6204123_P15","Myeloid",1426,0.203830760434534
"PACA","GSM6204124_P16","Myeloid",343,0.121458923512748
"PACA","GSM6204125_P17","Myeloid",637,0.146302250803859
"PACA","GSM6204126_P18","Myeloid",2407,0.164536195228655
"PACA","GSM6204127_P19","Myeloid",3276,0.259732022516451
"PACA","GSM6204128_P20","Myeloid",1403,0.170805941076211
"PACA","GSM6204129_P21","Myeloid",220,0.111561866125761
"PACA","GSM6204130_P22","Myeloid",1013,0.184786574242977
"PACA","GSM6204131_P23","Myeloid",1646,0.196537313432836
"PACA","GSM6204132_P24","Myeloid",96,0.03570100409074
"PACA","GSM6204133_P25","Myeloid",1048,0.122903717602908
"PACA","GSM6204134_P26","Myeloid",1379,0.28723182670277
"PACA","GSM6204135_P27","Myeloid",804,0.0901244255128349
"PACA","GSM6603324_Primary001","Myeloid",210,0.07
"PACA","GSM6603325_Primary002","Myeloid",298,0.0343991688791412
"PACA","GSM6603326_Primary003","Myeloid",1428,0.194312151313104
"PACA","GSM4679540_T9","Endothelial",21,0.0272727272727273
"PACA","GSM4730262_P3","Endothelial",5,0.00133904659882164
"PACA","GSM6204109_P01","Endothelial",62,0.01240744446668
"PACA","GSM6204111_P03","Endothelial",413,0.0209262261856506
"PACA","GSM6204112_P04","Endothelial",185,0.0834084761045987
"PACA","GSM6204113_P05","Endothelial",123,0.00996435515230071
"PACA","GSM6204114_P06","Endothelial",41,0.0135806558463067
"PACA","GSM6204115_P07","Endothelial",124,0.0292590844738084
"PACA","GSM6204116_P08","Endothelial",374,0.057975507673229
"PACA","GSM6204117_P09","Endothelial",25,0.0174459176552687
"PACA","GSM6204118_P10","Endothelial",340,0.0821256038647343
"PACA","GSM6204119_P11","Endothelial",124,0.0224028906955736
"PACA","GSM6204120_P12","Endothelial",8,0.00267558528428094
"PACA","GSM6204122_P14","Endothelial",986,0.0675620117856653
"PACA","GSM6204123_P15","Endothelial",76,0.010863350485992
"PACA","GSM6204124_P16","Endothelial",16,0.0056657223796034
"PACA","GSM6204125_P17","Endothelial",20,0.00459347726228755
"PACA","GSM6204126_P18","Endothelial",76,0.00519516029803814
"PACA","GSM6204127_P19","Endothelial",128,0.0101482597320225
"PACA","GSM6204128_P20","Endothelial",47,0.00572193815437059
"PACA","GSM6204131_P23","Endothelial",237,0.0282985074626866
"PACA","GSM6204132_P24","Endothelial",23,0.00855336556340647
"PACA","GSM6204133_P25","Endothelial",52,0.00609827606426645
"PACA","GSM6204135_P27","Endothelial",55,0.0061652281134402
"PACA","GSM6603324_Primary001","Endothelial",324,0.108
"PACA","GSM6603325_Primary002","Endothelial",705,0.0813805840932702
"PACA","GSM6603326_Primary003","Endothelial",369,0.0502109130493945
"PACA","GSM4679540_T9","Fibroblast",229,0.297402597402597
"PACA","GSM4730262_P3","Fibroblast",16,0.00428494911622924
"PACA","GSM4730263_P4","Fibroblast",2,0.0010183299389002
"PACA","GSM6204109_P01","Fibroblast",18,0.00360216129677807
"PACA","GSM6204111_P03","Fibroblast",2564,0.129914876368058
"PACA","GSM6204112_P04","Fibroblast",384,0.173128944995491
"PACA","GSM6204113_P05","Fibroblast",160,0.0129617627997408
"PACA","GSM6204114_P06","Fibroblast",80,0.0264988406757204
"PACA","GSM6204115_P07","Fibroblast",428,0.100991033506371
"PACA","GSM6204116_P08","Fibroblast",812,0.125871957835994
"PACA","GSM6204117_P09","Fibroblast",116,0.0809490579204466
"PACA","GSM6204118_P10","Fibroblast",567,0.13695652173913
"PACA","GSM6204119_P11","Fibroblast",147,0.0265582655826558
"PACA","GSM6204120_P12","Fibroblast",52,0.0173913043478261
"PACA","GSM6204121_P13","Fibroblast",10,0.00474608448030375
"PACA","GSM6204122_P14","Fibroblast",3730,0.255584486775387
"PACA","GSM6204123_P15","Fibroblast",221,0.0315894797026873
"PACA","GSM6204125_P17","Fibroblast",19,0.00436380339917317
"PACA","GSM6204126_P18","Fibroblast",52,0.00355458336181557
"PACA","GSM6204127_P19","Fibroblast",824,0.0653294220248949
"PACA","GSM6204128_P20","Fibroblast",63,0.00766983199415632
"PACA","GSM6204129_P21","Fibroblast",2,0.00101419878296146
"PACA","GSM6204131_P23","Fibroblast",246,0.0293731343283582
"PACA","GSM6204132_P24","Fibroblast",54,0.0200818148010413
"PACA","GSM6204133_P25","Fibroblast",2,0.000234549079394863
"PACA","GSM6204134_P26","Fibroblast",205,0.0426994376171631
"PACA","GSM6204135_P27","Fibroblast",20,0.00224190113216007
"PACA","GSM6603324_Primary001","Fibroblast",524,0.174666666666667
"PACA","GSM6603325_Primary002","Fibroblast",674,0.0778021470622186
"PACA","GSM6603326_Primary003","Fibroblast",1631,0.221934957137025
"PACA","GSM4679540_T9","Mural",9,0.0116883116883117
"PACA","GSM4730262_P3","Mural",1,0.000267809319764328
"PACA","GSM4730263_P4","Mural",1,0.000509164969450102
"PACA","GSM6204109_P01","Mural",10,0.00200120072043226
"PACA","GSM6204111_P03","Mural",277,0.0140352655046615
"PACA","GSM6204112_P04","Mural",86,0.0387736699729486
"PACA","GSM6204113_P05","Mural",91,0.00737200259235256
"PACA","GSM6204114_P06","Mural",5,0.00165617754223253
"PACA","GSM6204115_P07","Mural",60,0.0141576215195847
"PACA","GSM6204116_P08","Mural",23,0.00356533870717718
"PACA","GSM6204117_P09","Mural",20,0.0139567341242149
"PACA","GSM6204118_P10","Mural",247,0.0596618357487923
"PACA","GSM6204119_P11","Mural",66,0.0119241192411924
"PACA","GSM6204120_P12","Mural",18,0.00602006688963211
"PACA","GSM6204121_P13","Mural",2,0.00094921689606075
"PACA","GSM6204122_P14","Mural",439,0.0300808551459504
"PACA","GSM6204123_P15","Mural",38,0.005431675242996
"PACA","GSM6204125_P17","Mural",2,0.000459347726228755
"PACA","GSM6204127_P19","Mural",60,0.00475699674938555
"PACA","GSM6204128_P20","Mural",12,0.0014609203798393
"PACA","GSM6204129_P21","Mural",1,0.00050709939148073
"PACA","GSM6204131_P23","Mural",107,0.0127761194029851
"PACA","GSM6204132_P24","Mural",4,0.00148754183711417
"PACA","GSM6204133_P25","Mural",2,0.000234549079394863
"PACA","GSM6204134_P26","Mural",7,0.00145802957717142
"PACA","GSM6204135_P27","Mural",20,0.00224190113216007
"PACA","GSM6603324_Primary001","Mural",134,0.0446666666666667
"PACA","GSM6603325_Primary002","Mural",246,0.0283966293431837
"PACA","GSM6603326_Primary003","Mural",393,0.0534766634916315
"PRCA","GSE141445_P1","Epithelial",1080,0.884520884520885
"PRCA","GSE141445_P10","Epithelial",208,0.608187134502924
"PRCA","GSE141445_P11","Epithelial",890,0.338145896656535
"PRCA","GSE141445_P12","Epithelial",4898,0.984720546843587
"PRCA","GSE141445_P13","Epithelial",613,0.519932145886344
"PRCA","GSE141445_P2","Epithelial",2877,0.67109867039888
"PRCA","GSE141445_P3","Epithelial",2021,0.428722952906237
"PRCA","GSE141445_P4","Epithelial",2161,0.680415617128463
"PRCA","GSE141445_P5","Epithelial",134,0.125
"PRCA","GSE141445_P6","Epithelial",683,0.825876662636034
"PRCA","GSE141445_P7","Epithelial",660,0.508866615265998
"PRCA","GSE141445_P8","Epithelial",2321,0.974391267842149
"PRCA","GSE141445_P9","Epithelial",593,0.323513366066558
"PRCA","HP0","Epithelial",427,0.195066240292371
"PRCA","HP1","Epithelial",426,0.235229155162893
"PRCA","HP2","Epithelial",536,0.144630329195899
"PRCA","HP3","Epithelial",116,0.0215894286246045
"PRCA","HP4","Epithelial",17,0.00497366881217086
"PRCA","SCG-PCA10-T-LG","Epithelial",1047,0.247517730496454
"PRCA","SCG-PCA11-N-LG","Epithelial",139,0.200577200577201
"PRCA","SCG-PCA11-T-LG","Epithelial",502,0.494581280788177
"PRCA","SCG-PCA12-N-LG","Epithelial",939,0.122857516681931
"PRCA","SCG-PCA12-T-LG","Epithelial",408,0.131485659039639
"PRCA","SCG-PCA15-N-HG","Epithelial",339,0.239069111424542
"PRCA","SCG-PCA15-T-HG","Epithelial",161,0.0491303021055844
"PRCA","SCG-PCA16-T-HG","Epithelial",109,0.0950305143853531
"PRCA","SCG-PCA17-N-LG","Epithelial",635,0.142312864186463
"PRCA","SCG-PCA17-T-LG","Epithelial",204,0.0353369132166984
"PRCA","SCG-PCA18-N-LG","Epithelial",141,0.0981210855949896
"PRCA","SCG-PCA18-T-LG","Epithelial",476,0.215384615384615
"PRCA","SCG-PCA19-N-HG","Epithelial",334,0.0511877394636015
"PRCA","SCG-PCA19-T-HG","Epithelial",130,0.0359911406423034
"PRCA","SCG-PCA20-N-LG","Epithelial",395,0.0580199764982374
"PRCA","SCG-PCA20-T-LG","Epithelial",987,0.180043779642466
"PRCA","SCG-PCA21-N-LG","Epithelial",682,0.105638166047088
"PRCA","SCG-PCA21-T-LG","Epithelial",379,0.119445319886543
"PRCA","SCG-PCA22-N-HG","Epithelial",258,0.0481792717086835
"PRCA","SCG-PCA22-T-HG","Epithelial",245,0.0343618513323983
"PRCA","SCG-PCA3-N-LG","Epithelial",95,0.0239656912209889
"PRCA","SCG-PCA3-T-LG","Epithelial",330,0.0949640287769784
"PRCA","SCG-PCA4-N-HG","Epithelial",120,0.0535236396074933
"PRCA","SCG-PCA4-T-HG","Epithelial",97,0.0226688478616499
"PRCA","SCG-PCA5-N-LG","Epithelial",148,0.082313681868743
"PRCA","SCG-PCA5-T-LG","Epithelial",22,0.01270207852194
"PRCA","SCG-PCA6-N-HG","Epithelial",616,0.173618940248027
"PRCA","SCG-PCA6-T-HG","Epithelial",245,0.129904559915164
"PRCA","SCG-PCA7-T-HG","Epithelial",285,0.104014598540146
"PRCA","SCG-PCA8-T-HG","Epithelial",271,0.187543252595156
"PRCA","SCG-PCA9-N-LG","Epithelial",110,0.0333434374052743
"PRCA","SCG-PCA9-T-LG","Epithelial",524,0.190614769006912
"PRCA","GSE141445_P1","Tcell",51,0.0417690417690418
"PRCA","GSE141445_P11","Tcell",792,0.300911854103343
"PRCA","GSE141445_P13","Tcell",279,0.236641221374046
"PRCA","GSE141445_P2","Tcell",57,0.013296011196641
"PRCA","GSE141445_P3","Tcell",294,0.0623674162070429
"PRCA","GSE141445_P4","Tcell",263,0.082808564231738
"PRCA","GSE141445_P5","Tcell",525,0.489738805970149
"PRCA","GSE141445_P7","Tcell",523,0.403238242097147
"PRCA","GSE141445_P9","Tcell",213,0.11620294599018
"PRCA","HP0","Tcell",1017,0.464595705801736
"PRCA","HP1","Tcell",419,0.231363887355052
"PRCA","HP2","Tcell",1561,0.421208850512682
"PRCA","HP3","Tcell",3903,0.726409826912339
"PRCA","HP4","Tcell",1501,0.439145699239321
"PRCA","SCG-PCA10-T-LG","Tcell",1507,0.356264775413712
"PRCA","SCG-PCA11-N-LG","Tcell",322,0.464646464646465
"PRCA","SCG-PCA11-T-LG","Tcell",92,0.0906403940886699
"PRCA","SCG-PCA12-N-LG","Tcell",3664,0.479392908543766
"PRCA","SCG-PCA12-T-LG","Tcell",928,0.299065420560748
"PRCA","SCG-PCA15-N-HG","Tcell",699,0.492947813822285
"PRCA","SCG-PCA15-T-HG","Tcell",1158,0.353371986573085
"PRCA","SCG-PCA16-T-HG","Tcell",133,0.115954664341761
"PRCA","SCG-PCA17-N-LG","Tcell",3254,0.729269385925594
"PRCA","SCG-PCA17-T-LG","Tcell",3056,0.529360817599169
"PRCA","SCG-PCA18-N-LG","Tcell",513,0.356993736951983
"PRCA","SCG-PCA18-T-LG","Tcell",976,0.441628959276018
"PRCA","SCG-PCA19-N-HG","Tcell",4709,0.721685823754789
"PRCA","SCG-PCA19-T-HG","Tcell",2580,0.714285714285714
"PRCA","SCG-PCA20-N-LG","Tcell",4592,0.674500587544066
"PRCA","SCG-PCA20-T-LG","Tcell",3581,0.653228748631886
"PRCA","SCG-PCA21-N-LG","Tcell",4902,0.759293680297398
"PRCA","SCG-PCA21-T-LG","Tcell",2252,0.70973841790104
"PRCA","SCG-PCA22-N-HG","Tcell",2484,0.463865546218487
"PRCA","SCG-PCA22-T-HG","Tcell",4400,0.61711079943899
"PRCA","SCG-PCA3-N-LG","Tcell",2434,0.614026236125126
"PRCA","SCG-PCA3-T-LG","Tcell",1885,0.542446043165468
"PRCA","SCG-PCA4-N-HG","Tcell",928,0.413916146297948
"PRCA","SCG-PCA4-T-HG","Tcell",2992,0.699228791773779
"PRCA","SCG-PCA5-N-LG","Tcell",1401,0.779199110122358
"PRCA","SCG-PCA5-T-LG","Tcell",689,0.397806004618938
"PRCA","SCG-PCA6-N-HG","Tcell",2309,0.650789177001127
"PRCA","SCG-PCA6-T-HG","Tcell",1236,0.655355249204666
"PRCA","SCG-PCA7-T-HG","Tcell",2072,0.756204379562044
"PRCA","SCG-PCA8-T-HG","Tcell",772,0.534256055363322
"PRCA","SCG-PCA9-N-LG","Tcell",2537,0.769020915428918
"PRCA","SCG-PCA9-T-LG","Tcell",1479,0.538013823208439
"PRCA","GSE141445_P11","Bcell",46,0.0174772036474164
"PRCA","GSE141445_P3","Bcell",20,0.00424268137462877
"PRCA","GSE141445_P4","Bcell",150,0.0472292191435768
"PRCA","GSE141445_P5","Bcell",275,0.256529850746269
"PRCA","HP1","Bcell",67,0.0369961347321922
"PRCA","HP2","Bcell",63,0.0169994603345926
"PRCA","HP3","Bcell",516,0.096035734226689
"PRCA","HP4","Bcell",307,0.0898186073727326
"PRCA","SCG-PCA12-N-LG","Bcell",770,0.100745780452702
"PRCA","SCG-PCA12-T-LG","Bcell",43,0.0138575572027071
"PRCA","SCG-PCA15-T-HG","Bcell",136,0.0415013732072017
"PRCA","SCG-PCA17-N-LG","Bcell",55,0.0123263110712685
"PRCA","SCG-PCA17-T-LG","Bcell",760,0.131647323748484
"PRCA","SCG-PCA18-N-LG","Bcell",87,0.0605427974947808
"PRCA","SCG-PCA18-T-LG","Bcell",72,0.032579185520362
"PRCA","SCG-PCA19-N-HG","Bcell",629,0.0963984674329502
"PRCA","SCG-PCA19-T-HG","Bcell",225,0.0622923588039867
"PRCA","SCG-PCA20-N-LG","Bcell",1344,0.197414806110458
"PRCA","SCG-PCA20-T-LG","Bcell",76,0.0138635534476468
"PRCA","SCG-PCA21-N-LG","Bcell",224,0.0346964064436183
"PRCA","SCG-PCA21-T-LG","Bcell",24,0.00756381972896313
"PRCA","SCG-PCA22-N-HG","Bcell",320,0.0597572362278245
"PRCA","SCG-PCA22-T-HG","Bcell",756,0.106030855539972
"PRCA","SCG-PCA3-N-LG","Bcell",142,0.0358224016145308
"PRCA","SCG-PCA3-T-LG","Bcell",103,0.0296402877697842
"PRCA","SCG-PCA4-N-HG","Bcell",496,0.221231043710972
"PRCA","SCG-PCA4-T-HG","Bcell",249,0.0581911661603178
"PRCA","SCG-PCA5-N-LG","Bcell",86,0.0478309232480534
"PRCA","SCG-PCA6-N-HG","Bcell",136,0.0383314543404735
"PRCA","SCG-PCA6-T-HG","Bcell",67,0.035524920466596
"PRCA","SCG-PCA7-T-HG","Bcell",128,0.0467153284671533
"PRCA","SCG-PCA9-N-LG","Bcell",256,0.0775992725068202
"PRCA","GSE141445_P1","Myeloid",40,0.0327600327600328
"PRCA","GSE141445_P10","Myeloid",36,0.105263157894737
"PRCA","GSE141445_P11","Myeloid",333,0.126519756838906
"PRCA","GSE141445_P12","Myeloid",37,0.00743868114193808
"PRCA","GSE141445_P13","Myeloid",193,0.163698049194232
"PRCA","GSE141445_P2","Myeloid",1311,0.305808257522743
"PRCA","GSE141445_P3","Myeloid",280,0.0593975392448027
"PRCA","GSE141445_P4","Myeloid",116,0.0365239294710327
"PRCA","GSE141445_P5","Myeloid",30,0.0279850746268657
"PRCA","GSE141445_P6","Myeloid",70,0.0846432889963724
"PRCA","GSE141445_P7","Myeloid",61,0.0470316114109483
"PRCA","GSE141445_P8","Myeloid",61,0.0256087321578505
"PRCA","GSE141445_P9","Myeloid",122,0.066557555919258
"PRCA","HP0","Myeloid",265,0.121059844677935
"PRCA","HP1","Myeloid",444,0.245168415240199
"PRCA","HP2","Myeloid",611,0.164867781975175
"PRCA","HP3","Myeloid",397,0.0738879583100689
"PRCA","HP4","Myeloid",861,0.251901696898771
"PRCA","SCG-PCA10-T-LG","Myeloid",391,0.092434988179669
"PRCA","SCG-PCA11-N-LG","Myeloid",97,0.13997113997114
"PRCA","SCG-PCA11-T-LG","Myeloid",149,0.14679802955665
"PRCA","SCG-PCA12-N-LG","Myeloid",1389,0.181734920842601
"PRCA","SCG-PCA12-T-LG","Myeloid",532,0.17144698678698
"PRCA","SCG-PCA15-N-HG","Myeloid",182,0.128349788434415
"PRCA","SCG-PCA15-T-HG","Myeloid",1069,0.326212999694843
"PRCA","SCG-PCA16-T-HG","Myeloid",264,0.230165649520488
"PRCA","SCG-PCA17-N-LG","Myeloid",395,0.0885253249663828
"PRCA","SCG-PCA17-T-LG","Myeloid",1428,0.247358392516889
"PRCA","SCG-PCA18-N-LG","Myeloid",570,0.396659707724426
"PRCA","SCG-PCA18-T-LG","Myeloid",572,0.258823529411765
"PRCA","SCG-PCA19-N-HG","Myeloid",608,0.0931800766283525
"PRCA","SCG-PCA19-T-HG","Myeloid",430,0.119047619047619
"PRCA","SCG-PCA20-N-LG","Myeloid",342,0.050235017626322
"PRCA","SCG-PCA20-T-LG","Myeloid",545,0.0994162714337833
"PRCA","SCG-PCA21-N-LG","Myeloid",403,0.0624225526641883
"PRCA","SCG-PCA21-T-LG","Myeloid",398,0.125433343838639
"PRCA","SCG-PCA22-N-HG","Myeloid",1197,0.223529411764706
"PRCA","SCG-PCA22-T-HG","Myeloid",937,0.131416549789621
"PRCA","SCG-PCA3-N-LG","Myeloid",318,0.0802219979818365
"PRCA","SCG-PCA3-T-LG","Myeloid",112,0.0322302158273381
"PRCA","SCG-PCA4-N-HG","Myeloid",210,0.0936663693131133
"PRCA","SCG-PCA4-T-HG","Myeloid",817,0.19093246085534
"PRCA","SCG-PCA5-N-LG","Myeloid",106,0.0589543937708565
"PRCA","SCG-PCA5-T-LG","Myeloid",379,0.218822170900693
"PRCA","SCG-PCA6-N-HG","Myeloid",307,0.0865276211950395
"PRCA","SCG-PCA6-T-HG","Myeloid",178,0.0943796394485684
"PRCA","SCG-PCA7-T-HG","Myeloid",126,0.045985401459854
"PRCA","SCG-PCA8-T-HG","Myeloid",234,0.161937716262976
"PRCA","SCG-PCA9-N-LG","Myeloid",270,0.081842982722037
"PRCA","SCG-PCA9-T-LG","Myeloid",478,0.173881411422335
"PRCA","GSE141445_P1","Endothelial",15,0.0122850122850123
"PRCA","GSE141445_P10","Endothelial",54,0.157894736842105
"PRCA","GSE141445_P11","Endothelial",219,0.0832066869300912
"PRCA","GSE141445_P12","Endothelial",31,0.0062324085243265
"PRCA","GSE141445_P13","Endothelial",55,0.0466497031382528
"PRCA","GSE141445_P2","Endothelial",42,0.00979706088173548
"PRCA","GSE141445_P3","Endothelial",1269,0.269198133220195
"PRCA","GSE141445_P4","Endothelial",322,0.101385390428212
"PRCA","GSE141445_P5","Endothelial",64,0.0597014925373134
"PRCA","GSE141445_P6","Endothelial",60,0.0725513905683192
"PRCA","GSE141445_P7","Endothelial",36,0.0277563608326908
"PRCA","GSE141445_P9","Endothelial",853,0.465357337697763
"PRCA","HP0","Endothelial",388,0.177249885792599
"PRCA","HP1","Endothelial",244,0.134732192159028
"PRCA","HP2","Endothelial",810,0.21856449001619
"PRCA","HP3","Endothelial",181,0.0336869532849432
"PRCA","HP4","Endothelial",490,0.143358689291984
"PRCA","SCG-PCA10-T-LG","Endothelial",612,0.14468085106383
"PRCA","SCG-PCA11-N-LG","Endothelial",28,0.0404040404040404
"PRCA","SCG-PCA11-T-LG","Endothelial",82,0.0807881773399015
"PRCA","SCG-PCA12-N-LG","Endothelial",494,0.0646343059008243
"PRCA","SCG-PCA12-T-LG","Endothelial",767,0.247180148243635
"PRCA","SCG-PCA15-N-HG","Endothelial",89,0.0627644569816643
"PRCA","SCG-PCA15-T-HG","Endothelial",98,0.0299054012816601
"PRCA","SCG-PCA16-T-HG","Endothelial",369,0.321708805579773
"PRCA","SCG-PCA17-N-LG","Endothelial",54,0.0121021963245182
"PRCA","SCG-PCA17-T-LG","Endothelial",138,0.0239043824701195
"PRCA","SCG-PCA18-N-LG","Endothelial",80,0.0556715379262352
"PRCA","SCG-PCA18-T-LG","Endothelial",86,0.0389140271493213
"PRCA","SCG-PCA19-N-HG","Endothelial",148,0.0226819923371648
"PRCA","SCG-PCA19-T-HG","Endothelial",142,0.0393133997785161
"PRCA","SCG-PCA20-N-LG","Endothelial",79,0.0116039952996475
"PRCA","SCG-PCA20-T-LG","Endothelial",229,0.0417730755198833
"PRCA","SCG-PCA21-N-LG","Endothelial",188,0.0291201982651797
"PRCA","SCG-PCA21-T-LG","Endothelial",75,0.0236369366530098
"PRCA","SCG-PCA22-N-HG","Endothelial",509,0.0950513538748833
"PRCA","SCG-PCA22-T-HG","Endothelial",365,0.0511921458625526
"PRCA","SCG-PCA3-N-LG","Endothelial",293,0.0739152371342079
"PRCA","SCG-PCA3-T-LG","Endothelial",558,0.160575539568345
"PRCA","SCG-PCA4-N-HG","Endothelial",305,0.136039250669045
"PRCA","SCG-PCA4-T-HG","Endothelial",70,0.0163589623743865
"PRCA","SCG-PCA5-N-LG","Endothelial",23,0.0127919911012236
"PRCA","SCG-PCA5-T-LG","Endothelial",339,0.195727482678984
"PRCA","SCG-PCA6-N-HG","Endothelial",138,0.0388951521984216
"PRCA","SCG-PCA6-T-HG","Endothelial",100,0.0530222693531283
"PRCA","SCG-PCA7-T-HG","Endothelial",78,0.0284671532846715
"PRCA","SCG-PCA8-T-HG","Endothelial",118,0.0816608996539792
"PRCA","SCG-PCA9-N-LG","Endothelial",48,0.0145498635950288
"PRCA","SCG-PCA9-T-LG","Endothelial",115,0.0418333939614405
"PRCA","GSE141445_P10","Fibroblast",33,0.0964912280701754
"PRCA","GSE141445_P11","Fibroblast",60,0.0227963525835866
"PRCA","GSE141445_P12","Fibroblast",1,0.000201045436268597
"PRCA","GSE141445_P13","Fibroblast",14,0.0118744698897371
"PRCA","GSE141445_P3","Fibroblast",174,0.0369113279592703
"PRCA","GSE141445_P4","Fibroblast",33,0.0103904282115869
"PRCA","GSE141445_P5","Fibroblast",12,0.0111940298507463
"PRCA","GSE141445_P6","Fibroblast",4,0.00483675937122128
"PRCA","GSE141445_P9","Fibroblast",4,0.00218221494817239
"PRCA","HP0","Fibroblast",19,0.00867976244860667
"PRCA","HP1","Fibroblast",19,0.0104914411927112
"PRCA","HP2","Fibroblast",22,0.00593631948192121
"PRCA","HP3","Fibroblast",103,0.0191699236925368
"PRCA","HP4","Fibroblast",61,0.0178466939730837
"PRCA","SCG-PCA10-T-LG","Fibroblast",243,0.0574468085106383
"PRCA","SCG-PCA11-N-LG","Fibroblast",15,0.0216450216450216
"PRCA","SCG-PCA11-T-LG","Fibroblast",21,0.0206896551724138
"PRCA","SCG-PCA12-N-LG","Fibroblast",102,0.0133455449430852
"PRCA","SCG-PCA12-T-LG","Fibroblast",67,0.0215920077344505
"PRCA","SCG-PCA15-N-HG","Fibroblast",44,0.0310296191819464
"PRCA","SCG-PCA15-T-HG","Fibroblast",418,0.127555691180958
"PRCA","SCG-PCA16-T-HG","Fibroblast",36,0.031386224934612
"PRCA","SCG-PCA17-N-LG","Fibroblast",10,0.00224114746750336
"PRCA","SCG-PCA17-T-LG","Fibroblast",30,0.00519660488480859
"PRCA","SCG-PCA18-N-LG","Fibroblast",20,0.0139178844815588
"PRCA","SCG-PCA18-T-LG","Fibroblast",5,0.00226244343891403
"PRCA","SCG-PCA19-N-HG","Fibroblast",40,0.00613026819923372
"PRCA","SCG-PCA19-T-HG","Fibroblast",34,0.00941306755260244
"PRCA","SCG-PCA20-N-LG","Fibroblast",9,0.0013219741480611
"PRCA","SCG-PCA20-T-LG","Fibroblast",26,0.00474279460051076
"PRCA","SCG-PCA21-N-LG","Fibroblast",15,0.00232342007434944
"PRCA","SCG-PCA21-T-LG","Fibroblast",17,0.00535770564134888
"PRCA","SCG-PCA22-N-HG","Fibroblast",251,0.0468720821661998
"PRCA","SCG-PCA22-T-HG","Fibroblast",144,0.0201963534361851
"PRCA","SCG-PCA3-N-LG","Fibroblast",280,0.070635721493441
"PRCA","SCG-PCA3-T-LG","Fibroblast",60,0.0172661870503597
"PRCA","SCG-PCA4-N-HG","Fibroblast",85,0.0379125780553078
"PRCA","SCG-PCA4-T-HG","Fibroblast",13,0.00303809301238607
"PRCA","SCG-PCA5-N-LG","Fibroblast",8,0.00444938820912125
"PRCA","SCG-PCA5-T-LG","Fibroblast",147,0.0848729792147806
"PRCA","SCG-PCA6-N-HG","Fibroblast",20,0.0056369785794814
"PRCA","SCG-PCA6-T-HG","Fibroblast",18,0.0095440084835631
"PRCA","SCG-PCA7-T-HG","Fibroblast",8,0.00291970802919708
"PRCA","SCG-PCA8-T-HG","Fibroblast",10,0.0069204152249135
"PRCA","SCG-PCA9-N-LG","Fibroblast",11,0.00333434374052743
"PRCA","SCG-PCA9-T-LG","Fibroblast",21,0.00763914150600218
"PRCA","GSE141445_P1","Mural",35,0.0286650286650287
"PRCA","GSE141445_P10","Mural",11,0.0321637426900585
"PRCA","GSE141445_P11","Mural",292,0.110942249240122
"PRCA","GSE141445_P12","Mural",7,0.00140731805388018
"PRCA","GSE141445_P13","Mural",25,0.0212044105173876
"PRCA","GSE141445_P3","Mural",656,0.139159949087824
"PRCA","GSE141445_P4","Mural",131,0.0412468513853904
"PRCA","GSE141445_P5","Mural",32,0.0298507462686567
"PRCA","GSE141445_P6","Mural",10,0.0120918984280532
"PRCA","GSE141445_P7","Mural",17,0.0131071703932151
"PRCA","GSE141445_P9","Mural",48,0.0261865793780687
"PRCA","HP0","Mural",73,0.0333485609867519
"PRCA","HP1","Mural",192,0.106018774157924
"PRCA","HP2","Mural",103,0.0277927684835402
"PRCA","HP3","Mural",157,0.0292201749488182
"PRCA","HP4","Mural",181,0.0529549444119368
"PRCA","SCG-PCA10-T-LG","Mural",430,0.101654846335697
"PRCA","SCG-PCA11-N-LG","Mural",92,0.132756132756133
"PRCA","SCG-PCA11-T-LG","Mural",169,0.166502463054187
"PRCA","SCG-PCA12-N-LG","Mural",285,0.0372890226350909
"PRCA","SCG-PCA12-T-LG","Mural",358,0.11537222043184
"PRCA","SCG-PCA15-N-HG","Mural",65,0.0458392101551481
"PRCA","SCG-PCA15-T-HG","Mural",237,0.0723222459566677
"PRCA","SCG-PCA16-T-HG","Mural",236,0.205754141238012
"PRCA","SCG-PCA17-N-LG","Mural",59,0.0132227700582698
"PRCA","SCG-PCA17-T-LG","Mural",157,0.0271955655638316
"PRCA","SCG-PCA18-N-LG","Mural",26,0.0180932498260264
"PRCA","SCG-PCA18-T-LG","Mural",23,0.0104072398190045
"PRCA","SCG-PCA19-N-HG","Mural",57,0.00873563218390805
"PRCA","SCG-PCA19-T-HG","Mural",71,0.019656699889258
"PRCA","SCG-PCA20-N-LG","Mural",47,0.00690364277320799
"PRCA","SCG-PCA20-T-LG","Mural",38,0.00693177672382342
"PRCA","SCG-PCA21-N-LG","Mural",42,0.00650557620817844
"PRCA","SCG-PCA21-T-LG","Mural",28,0.00882445635045698
"PRCA","SCG-PCA22-N-HG","Mural",336,0.0627450980392157
"PRCA","SCG-PCA22-T-HG","Mural",283,0.0396914446002805
"PRCA","SCG-PCA3-N-LG","Mural",402,0.101412714429869
"PRCA","SCG-PCA3-T-LG","Mural",427,0.122877697841727
"PRCA","SCG-PCA4-N-HG","Mural",98,0.0437109723461195
"PRCA","SCG-PCA4-T-HG","Mural",41,0.00958167796214069
"PRCA","SCG-PCA5-N-LG","Mural",26,0.014460511679644
"PRCA","SCG-PCA5-T-LG","Mural",156,0.0900692840646651
"PRCA","SCG-PCA6-N-HG","Mural",22,0.00620067643742954
"PRCA","SCG-PCA6-T-HG","Mural",42,0.0222693531283139
"PRCA","SCG-PCA7-T-HG","Mural",43,0.0156934306569343
"PRCA","SCG-PCA8-T-HG","Mural",40,0.027681660899654
"PRCA","SCG-PCA9-N-LG","Mural",67,0.0203091846013944
"PRCA","SCG-PCA9-T-LG","Mural",132,0.0480174608948709
"SKCA","P10_Normal","Epithelial",1645,0.785953177257525
"SKCA","P10_Tumor","Epithelial",1275,0.563660477453581
"SKCA","P1_Normal","Epithelial",809,0.955135773317591
"SKCA","P1_Tumor","Epithelial",1198,0.920122887864823
"SKCA","P2_Normal","Epithelial",2914,0.771307570142933
"SKCA","P2_Tumor","Epithelial",1216,0.463768115942029
"SKCA","P3_Normal","Epithelial",165,0.1375
"SKCA","P3_Tumor","Epithelial",20,0.0588235294117647
"SKCA","P4_Normal","Epithelial",203,1
"SKCA","P4_Tumor","Epithelial",4494,0.645782440005748
"SKCA","P5_Normal","Epithelial",803,0.91353811149033
"SKCA","P5_Tumor","Epithelial",204,0.140495867768595
"SKCA","P6_Normal","Epithelial",3397,0.837937839171189
"SKCA","P6_Tumor","Epithelial",1094,0.52269469660774
"SKCA","P7_Normal","Epithelial",1588,0.778049975502205
"SKCA","P7_Tumor","Epithelial",1054,0.331759521561221
"SKCA","P8_Normal","Epithelial",244,0.437275985663082
"SKCA","P8_Tumor","Epithelial",1448,0.505763185469787
"SKCA","P9_Normal","Epithelial",3331,0.748035032562318
"SKCA","P9_Tumor","Epithelial",319,0.199250468457214
"SKCA","P10_Normal","Tcell",8,0.00382226469182991
"SKCA","P10_Tumor","Tcell",17,0.00751547303271441
"SKCA","P2_Normal","Tcell",76,0.0201164637374272
"SKCA","P2_Tumor","Tcell",86,0.0327993897787948
"SKCA","P3_Normal","Tcell",158,0.131666666666667
"SKCA","P3_Tumor","Tcell",250,0.735294117647059
"SKCA","P4_Tumor","Tcell",28,0.00402356660439718
"SKCA","P5_Tumor","Tcell",326,0.224517906336088
"SKCA","P6_Normal","Tcell",76,0.018746916625555
"SKCA","P6_Tumor","Tcell",52,0.0248447204968944
"SKCA","P7_Normal","Tcell",34,0.0166585007349339
"SKCA","P7_Tumor","Tcell",32,0.0100723953415172
"SKCA","P8_Normal","Tcell",95,0.170250896057348
"SKCA","P8_Tumor","Tcell",273,0.0953545232273839
"SKCA","P9_Normal","Tcell",10,0.0022456770716371
"SKCA","P9_Tumor","Tcell",142,0.0886945658963148
"SKCA","P10_Tumor","Bcell",35,0.015473032714412
"SKCA","P3_Tumor","Bcell",29,0.0852941176470588
"SKCA","P5_Tumor","Bcell",101,0.0695592286501377
"SKCA","P6_Tumor","Bcell",33,0.0157668418537984
"SKCA","P8_Tumor","Bcell",22,0.00768424729304925
"SKCA","P10_Normal","Myeloid",410,0.195891065456283
"SKCA","P10_Tumor","Myeloid",366,0.161803713527851
"SKCA","P2_Normal","Myeloid",665,0.176019057702488
"SKCA","P2_Tumor","Myeloid",1224,0.466819221967963
"SKCA","P3_Normal","Myeloid",769,0.640833333333333
"SKCA","P3_Tumor","Myeloid",41,0.120588235294118
"SKCA","P4_Tumor","Myeloid",2181,0.313407098721081
"SKCA","P5_Normal","Myeloid",59,0.0671217292377702
"SKCA","P5_Tumor","Myeloid",821,0.565426997245179
"SKCA","P6_Normal","Myeloid",484,0.119388258510113
"SKCA","P6_Tumor","Myeloid",899,0.429526994744386
"SKCA","P7_Normal","Myeloid",411,0.201371876531112
"SKCA","P7_Tumor","Myeloid",2088,0.657223796033994
"SKCA","P8_Normal","Myeloid",213,0.381720430107527
"SKCA","P8_Tumor","Myeloid",1079,0.376877401327279
"SKCA","P9_Normal","Myeloid",1044,0.234448686278913
"SKCA","P9_Tumor","Myeloid",1127,0.703935040599625
"SKCA","P10_Normal","Endothelial",14,0.00668896321070234
"SKCA","P10_Tumor","Endothelial",28,0.0123784261715296
"SKCA","P1_Normal","Endothelial",18,0.0212514757969303
"SKCA","P1_Tumor","Endothelial",54,0.0414746543778802
"SKCA","P2_Normal","Endothelial",67,0.0177342509264161
"SKCA","P2_Tumor","Endothelial",69,0.0263157894736842
"SKCA","P3_Normal","Endothelial",53,0.0441666666666667
"SKCA","P4_Tumor","Endothelial",7,0.0010058916510993
"SKCA","P5_Normal","Endothelial",4,0.00455062571103527
"SKCA","P6_Normal","Endothelial",18,0.00444005920078934
"SKCA","P9_Normal","Endothelial",42,0.00943184370087581
"SKCA","P10_Normal","Fibroblast",16,0.00764452938365982
"SKCA","P10_Tumor","Fibroblast",459,0.202917771883289
"SKCA","P1_Normal","Fibroblast",20,0.0236127508854782
"SKCA","P1_Tumor","Fibroblast",50,0.0384024577572965
"SKCA","P2_Normal","Fibroblast",56,0.0148226574907358
"SKCA","P2_Tumor","Fibroblast",27,0.0102974828375286
"SKCA","P3_Normal","Fibroblast",22,0.0183333333333333
"SKCA","P4_Tumor","Fibroblast",249,0.035781003017675
"SKCA","P5_Normal","Fibroblast",13,0.0147895335608646
"SKCA","P6_Normal","Fibroblast",79,0.0194869264923532
"SKCA","P6_Tumor","Fibroblast",14,0.00668896321070234
"SKCA","P7_Normal","Fibroblast",8,0.00391964723174914
"SKCA","P7_Tumor","Fibroblast",3,0.000944287063267233
"SKCA","P8_Normal","Fibroblast",5,0.00896057347670251
"SKCA","P8_Tumor","Fibroblast",30,0.0104785190359762
"SKCA","P9_Normal","Fibroblast",26,0.00583876038625646
"SKCA","P9_Tumor","Fibroblast",13,0.00811992504684572
"SKCA","P10_Tumor","Mural",82,0.0362511052166225
"SKCA","P3_Normal","Mural",33,0.0275
"SKCA","P6_Tumor","Mural",1,0.000477783086478739
"SKCA","P8_Normal","Mural",1,0.0017921146953405
"SKCA","P8_Tumor","Mural",11,0.00384212364652462
"STCA","GSM5004180_PT1","Epithelial",132,0.0648330058939096
"STCA","GSM5004181_PT2","Epithelial",1726,0.304946996466431
"STCA","GSM5004182_PT3","Epithelial",40,0.0163733115022513
"STCA","GSM5004183_NT1","Epithelial",80,0.0401606425702811
"STCA","GSM5004185_LN2","Epithelial",32,0.00468864468864469
"STCA","GSM5004186_O1","Epithelial",236,0.191093117408907
"STCA","GSM5004187_P1","Epithelial",71,0.0205797101449275
"STCA","GSM5004189_Li2","Epithelial",16,0.00193704600484262
"STCA","GSM5101013_Pt1","Epithelial",46,0.172932330827068
"STCA","GSM5101014_Pt1","Epithelial",415,0.303584491587418
"STCA","GSM5101015_Pt1","Epithelial",179,0.113005050505051
"STCA","GSM5101016_Pt2","Epithelial",120,0.105263157894737
"STCA","GSM5101017_Pt2","Epithelial",46,0.0240334378265413
"STCA","GSM5101018_Pt3","Epithelial",30,0.0313807531380753
"STCA","GSM5101019_Pt3","Epithelial",130,0.0392512077294686
"STCA","GSM5101020_Pt3","Epithelial",46,0.0175371711780404
"STCA","GSM5101021_Pt4","Epithelial",43,0.1438127090301
"STCA","GSM5101022_Pt4","Epithelial",48,0.0218082689686506
"STCA","GSM5101023_Pt4","Epithelial",17,0.00955056179775281
"STCA","GSM5101024_Pt5","Epithelial",63,0.092511013215859
"STCA","GSM5101025_Pt5","Epithelial",52,0.202334630350195
"STCA","GSM5101026_Pt5","Epithelial",17,0.0214917825537295
"STCA","GSM5573466_sample1","Epithelial",845,0.333860134334255
"STCA","GSM5573467_sample2","Epithelial",368,0.143469785575049
"STCA","GSM5573468_sample3","Epithelial",339,0.101832382096726
"STCA","GSM5573469_sample4","Epithelial",741,0.381958762886598
"STCA","GSM5573470_sample5","Epithelial",596,0.170920562087755
"STCA","GSM5573471_sample6","Epithelial",358,0.183683940482299
"STCA","GSM5573472_sample7","Epithelial",577,0.295442908346134
"STCA","GSM5573473_sample8","Epithelial",365,0.0607220096489769
"STCA","GSM5573474_sample9","Epithelial",1641,0.531067961165049
"STCA","GSM5573475_sample10","Epithelial",363,0.146017699115044
"STCA","GSM5573476_sample11","Epithelial",48,0.0619354838709677
"STCA","GSM5573477_sample12","Epithelial",43,0.0828516377649326
"STCA","GSM5573478_sample13","Epithelial",492,0.280982295830954
"STCA","GSM5573479_sample14","Epithelial",1112,0.174760333176175
"STCA","GSM5573480_sample15","Epithelial",1363,0.115205815231172
"STCA","GSM5573481_sample16","Epithelial",403,0.254098360655738
"STCA","GSM5573482_sample17","Epithelial",511,0.0756700725603436
"STCA","GSM5573483_sample18","Epithelial",1307,0.214967105263158
"STCA","GSM5573485_sample20","Epithelial",129,0.03359375
"STCA","GSM5573486_sample21","Epithelial",720,0.400667779632721
"STCA","GSM5573487_sample22","Epithelial",13,0.0371428571428571
"STCA","GSM5573488_sample23","Epithelial",1282,0.368179207352096
"STCA","GSM5573489_sample24","Epithelial",602,0.252093802345059
"STCA","GSM5573490_sample25","Epithelial",1581,0.401983218916857
"STCA","GSM5573491_sample26","Epithelial",428,0.170178926441352
"STCA","GSM5573492_sample27","Epithelial",149,0.0392415064524625
"STCA","GSM5573493_sample28","Epithelial",532,0.0934973637961336
"STCA","GSM5573494_sample29","Epithelial",1478,0.44172145845786
"STCA","GSM5573495_sample30","Epithelial",596,0.168361581920904
"STCA","GSM5573496_sample31","Epithelial",735,0.41501976284585
"STCA","GSM5573497_sample32","Epithelial",792,0.383906931652933
"STCA","GSM5573498_sample33","Epithelial",1822,0.350721847930703
"STCA","GSM5573499_sample34","Epithelial",1658,0.154693039746221
"STCA","GSM5573500_sample35","Epithelial",2566,0.372586031653841
"STCA","GSM5573501_sample36","Epithelial",451,0.144227694275664
"STCA","GSM5573503_sample38","Epithelial",214,0.156204379562044
"STCA","GSM5573504_sample39","Epithelial",727,0.150798589504252
"STCA","GSM5573505_sample40","Epithelial",82,0.0178067318132465
"STCA","MDA_Pt5-Ov","Epithelial",10,0.00732600732600733
"STCA","GSM5004180_PT1","Tcell",636,0.31237721021611
"STCA","GSM5004181_PT2","Tcell",2504,0.442402826855124
"STCA","GSM5004182_PT3","Tcell",1527,0.625051166598445
"STCA","GSM5004183_NT1","Tcell",1011,0.507530120481928
"STCA","GSM5004184_LN1","Tcell",2534,0.737056428155905
"STCA","GSM5004185_LN2","Tcell",3436,0.503443223443223
"STCA","GSM5004186_O1","Tcell",516,0.417813765182186
"STCA","GSM5004187_P1","Tcell",1743,0.505217391304348
"STCA","GSM5004188_Li1","Tcell",860,0.920770877944325
"STCA","GSM5004189_Li2","Tcell",7733,0.936198547215496
"STCA","GSM5101013_Pt1","Tcell",83,0.31203007518797
"STCA","GSM5101014_Pt1","Tcell",356,0.260424286759327
"STCA","GSM5101015_Pt1","Tcell",440,0.277777777777778
"STCA","GSM5101016_Pt2","Tcell",444,0.389473684210526
"STCA","GSM5101017_Pt2","Tcell",1050,0.54858934169279
"STCA","GSM5101018_Pt3","Tcell",165,0.172594142259414
"STCA","GSM5101019_Pt3","Tcell",1376,0.415458937198068
"STCA","GSM5101020_Pt3","Tcell",1212,0.462066336256195
"STCA","GSM5101021_Pt4","Tcell",160,0.535117056856187
"STCA","GSM5101022_Pt4","Tcell",1234,0.56065424806906
"STCA","GSM5101023_Pt4","Tcell",1055,0.592696629213483
"STCA","GSM5101024_Pt5","Tcell",283,0.415565345080764
"STCA","GSM5101025_Pt5","Tcell",108,0.420233463035019
"STCA","GSM5101026_Pt5","Tcell",295,0.372945638432364
"STCA","GSM5573466_sample1","Tcell",987,0.389964440932438
"STCA","GSM5573467_sample2","Tcell",1367,0.532943469785575
"STCA","GSM5573468_sample3","Tcell",634,0.190447581856413
"STCA","GSM5573469_sample4","Tcell",700,0.360824742268041
"STCA","GSM5573470_sample5","Tcell",1140,0.326928591912819
"STCA","GSM5573471_sample6","Tcell",749,0.384299640841457
"STCA","GSM5573472_sample7","Tcell",498,0.254992319508449
"STCA","GSM5573473_sample8","Tcell",3632,0.604225586424888
"STCA","GSM5573474_sample9","Tcell",749,0.242394822006472
"STCA","GSM5573475_sample10","Tcell",1137,0.457361222847949
"STCA","GSM5573476_sample11","Tcell",364,0.469677419354839
"STCA","GSM5573477_sample12","Tcell",238,0.458574181117534
"STCA","GSM5573478_sample13","Tcell",799,0.456310679611651
"STCA","GSM5573479_sample14","Tcell",3656,0.574571742888575
"STCA","GSM5573480_sample15","Tcell",6666,0.56343504352971
"STCA","GSM5573481_sample16","Tcell",576,0.363177805800757
"STCA","GSM5573482_sample17","Tcell",1226,0.181548941211313
"STCA","GSM5573483_sample18","Tcell",1593,0.262006578947368
"STCA","GSM5573484_sample19","Tcell",251,0.22036874451273
"STCA","GSM5573485_sample20","Tcell",2479,0.645572916666667
"STCA","GSM5573486_sample21","Tcell",434,0.241513633834168
"STCA","GSM5573487_sample22","Tcell",32,0.0914285714285714
"STCA","GSM5573488_sample23","Tcell",482,0.138426191843768
"STCA","GSM5573489_sample24","Tcell",701,0.293551088777219
"STCA","GSM5573490_sample25","Tcell",1103,0.28044749555047
"STCA","GSM5573491_sample26","Tcell",929,0.369383697813121
"STCA","GSM5573492_sample27","Tcell",1827,0.48116934421912
"STCA","GSM5573493_sample28","Tcell",1398,0.245694200351494
"STCA","GSM5573494_sample29","Tcell",680,0.203227734608488
"STCA","GSM5573495_sample30","Tcell",1319,0.372598870056497
"STCA","GSM5573496_sample31","Tcell",513,0.289666854884246
"STCA","GSM5573497_sample32","Tcell",616,0.298594280174503
"STCA","GSM5573498_sample33","Tcell",2169,0.417516843118383
"STCA","GSM5573499_sample34","Tcell",5869,0.547583504385146
"STCA","GSM5573500_sample35","Tcell",532,0.0772469870771018
"STCA","GSM5573501_sample36","Tcell",1478,0.472657499200512
"STCA","GSM5573502_sample37","Tcell",48,0.335664335664336
"STCA","GSM5573503_sample38","Tcell",422,0.308029197080292
"STCA","GSM5573504_sample39","Tcell",965,0.200165940676208
"STCA","GSM5573505_sample40","Tcell",1224,0.265798045602606
"STCA","MDA_Pt1-Ad","Tcell",59,0.686046511627907
"STCA","MDA_Pt1-Ca","Tcell",227,0.480932203389831
"STCA","MDA_Pt2-As","Tcell",946,0.532058492688414
"STCA","MDA_Pt2-Ca","Tcell",434,0.537128712871287
"STCA","MDA_Pt3-As","Tcell",1569,0.553048995417695
"STCA","MDA_Pt3-Ca","Tcell",559,0.650756693830035
"STCA","MDA_Pt4-As","Tcell",306,0.538732394366197
"STCA","MDA_Pt4-Ca","Tcell",195,0.691489361702128
"STCA","MDA_Pt5-Ad","Tcell",254,0.652956298200514
"STCA","MDA_Pt5-As","Tcell",1244,0.905385735080058
"STCA","MDA_Pt5-Ca","Tcell",243,0.445871559633028
"STCA","MDA_Pt5-Ov","Tcell",866,0.634432234432234
"STCA","MDA_Pt9-Ad","Tcell",151,0.419444444444444
"STCA","MDA_Pt9-Ca","Tcell",980,0.934223069590086
"STCA","MDA_Pt9-Li","Tcell",758,0.825708061002179
"STCA","GSM5004180_PT1","Bcell",29,0.0142436149312377
"STCA","GSM5004181_PT2","Bcell",99,0.0174911660777385
"STCA","GSM5004182_PT3","Bcell",626,0.256242325010233
"STCA","GSM5004183_NT1","Bcell",862,0.432730923694779
"STCA","GSM5004184_LN1","Bcell",876,0.254799301919721
"STCA","GSM5004185_LN2","Bcell",3201,0.469010989010989
"STCA","GSM5004187_P1","Bcell",674,0.19536231884058
"STCA","GSM5004188_Li1","Bcell",25,0.0267665952890792
"STCA","GSM5004189_Li2","Bcell",413,0.05
"STCA","GSM5101013_Pt1","Bcell",135,0.507518796992481
"STCA","GSM5101014_Pt1","Bcell",511,0.373811265544989
"STCA","GSM5101015_Pt1","Bcell",203,0.128156565656566
"STCA","GSM5101016_Pt2","Bcell",379,0.332456140350877
"STCA","GSM5101017_Pt2","Bcell",490,0.256008359456635
"STCA","GSM5101018_Pt3","Bcell",745,0.77928870292887
"STCA","GSM5101019_Pt3","Bcell",1686,0.509057971014493
"STCA","GSM5101020_Pt3","Bcell",189,0.0720548989706443
"STCA","GSM5101021_Pt4","Bcell",83,0.277591973244147
"STCA","GSM5101022_Pt4","Bcell",816,0.37074057246706
"STCA","GSM5101023_Pt4","Bcell",559,0.314044943820225
"STCA","GSM5101024_Pt5","Bcell",283,0.415565345080764
"STCA","GSM5101025_Pt5","Bcell",97,0.377431906614786
"STCA","GSM5101026_Pt5","Bcell",393,0.496839443742099
"STCA","GSM5573466_sample1","Bcell",372,0.146977479257211
"STCA","GSM5573467_sample2","Bcell",507,0.19766081871345
"STCA","GSM5573468_sample3","Bcell",1073,0.322319014719135
"STCA","GSM5573469_sample4","Bcell",268,0.138144329896907
"STCA","GSM5573470_sample5","Bcell",1303,0.37367364496702
"STCA","GSM5573471_sample6","Bcell",598,0.306824012314007
"STCA","GSM5573472_sample7","Bcell",562,0.287762416794675
"STCA","GSM5573473_sample8","Bcell",285,0.0474130760272833
"STCA","GSM5573474_sample9","Bcell",337,0.109061488673139
"STCA","GSM5573475_sample10","Bcell",629,0.253016894609815
"STCA","GSM5573476_sample11","Bcell",45,0.0580645161290323
"STCA","GSM5573477_sample12","Bcell",39,0.0751445086705202
"STCA","GSM5573478_sample13","Bcell",48,0.0274129069103369
"STCA","GSM5573479_sample14","Bcell",876,0.137670909948138
"STCA","GSM5573480_sample15","Bcell",1859,0.157129574845744
"STCA","GSM5573481_sample16","Bcell",15,0.0094577553593947
"STCA","GSM5573482_sample17","Bcell",276,0.0408707241226122
"STCA","GSM5573483_sample18","Bcell",1853,0.304769736842105
"STCA","GSM5573485_sample20","Bcell",37,0.00963541666666667
"STCA","GSM5573486_sample21","Bcell",380,0.211463550361714
"STCA","GSM5573488_sample23","Bcell",202,0.058012636415853
"STCA","GSM5573489_sample24","Bcell",365,0.15284757118928
"STCA","GSM5573490_sample25","Bcell",134,0.0340706839562675
"STCA","GSM5573491_sample26","Bcell",673,0.267594433399602
"STCA","GSM5573492_sample27","Bcell",225,0.0592573084013695
"STCA","GSM5573493_sample28","Bcell",2727,0.479261862917399
"STCA","GSM5573494_sample29","Bcell",453,0.135385534967125
"STCA","GSM5573495_sample30","Bcell",1272,0.359322033898305
"STCA","GSM5573496_sample31","Bcell",227,0.128176171654433
"STCA","GSM5573497_sample32","Bcell",181,0.0877363063499758
"STCA","GSM5573498_sample33","Bcell",719,0.138402309913378
"STCA","GSM5573499_sample34","Bcell",898,0.083784288113454
"STCA","GSM5573500_sample35","Bcell",2690,0.390590968491361
"STCA","GSM5573501_sample36","Bcell",990,0.316597377678286
"STCA","GSM5573503_sample38","Bcell",19,0.0138686131386861
"STCA","GSM5573504_sample39","Bcell",1899,0.393901680149347
"STCA","GSM5573505_sample40","Bcell",951,0.206514657980456
"STCA","MDA_Pt1-Ad","Bcell",27,0.313953488372093
"STCA","MDA_Pt1-Ca","Bcell",12,0.0254237288135593
"STCA","MDA_Pt2-As","Bcell",25,0.0140607424071991
"STCA","MDA_Pt2-Ca","Bcell",256,0.316831683168317
"STCA","MDA_Pt3-As","Bcell",82,0.0289037715897074
"STCA","MDA_Pt3-Ca","Bcell",219,0.254947613504075
"STCA","MDA_Pt4-As","Bcell",22,0.0387323943661972
"STCA","MDA_Pt4-Ca","Bcell",43,0.152482269503546
"STCA","MDA_Pt5-Ad","Bcell",109,0.280205655526992
"STCA","MDA_Pt5-As","Bcell",32,0.0232896652110626
"STCA","MDA_Pt5-Ca","Bcell",264,0.484403669724771
"STCA","MDA_Pt9-Ad","Bcell",199,0.552777777777778
"STCA","MDA_Pt9-Ca","Bcell",48,0.0457578646329838
"STCA","MDA_Pt9-Li","Bcell",54,0.0588235294117647
"STCA","GSM5004180_PT1","Myeloid",1215,0.596758349705305
"STCA","GSM5004181_PT2","Myeloid",739,0.130565371024735
"STCA","GSM5004182_PT3","Myeloid",235,0.0961932050757266
"STCA","GSM5004183_NT1","Myeloid",30,0.0150602409638554
"STCA","GSM5004184_LN1","Myeloid",28,0.00814426992437464
"STCA","GSM5004185_LN2","Myeloid",131,0.0191941391941392
"STCA","GSM5004186_O1","Myeloid",261,0.211336032388664
"STCA","GSM5004187_P1","Myeloid",727,0.210724637681159
"STCA","GSM5004188_Li1","Myeloid",37,0.0396145610278373
"STCA","GSM5004189_Li2","Myeloid",98,0.011864406779661
"STCA","GSM5101014_Pt1","Myeloid",75,0.0548646671543526
"STCA","GSM5101015_Pt1","Myeloid",54,0.0340909090909091
"STCA","GSM5101016_Pt2","Myeloid",168,0.147368421052632
"STCA","GSM5101017_Pt2","Myeloid",226,0.118077324973877
"STCA","GSM5101018_Pt3","Myeloid",12,0.0125523012552301
"STCA","GSM5101019_Pt3","Myeloid",97,0.0292874396135266
"STCA","GSM5101020_Pt3","Myeloid",1009,0.384674037361799
"STCA","GSM5101021_Pt4","Myeloid",13,0.0434782608695652
"STCA","GSM5101022_Pt4","Myeloid",92,0.0417991821899137
"STCA","GSM5101023_Pt4","Myeloid",133,0.0747191011235955
"STCA","GSM5101026_Pt5","Myeloid",38,0.0480404551201011
"STCA","GSM5573466_sample1","Myeloid",127,0.0501777953378111
"STCA","GSM5573467_sample2","Myeloid",267,0.104093567251462
"STCA","GSM5573468_sample3","Myeloid",972,0.291979573445479
"STCA","GSM5573469_sample4","Myeloid",185,0.095360824742268
"STCA","GSM5573470_sample5","Myeloid",105,0.0301118439919702
"STCA","GSM5573471_sample6","Myeloid",73,0.0374551051821447
"STCA","GSM5573472_sample7","Myeloid",149,0.0762928827444957
"STCA","GSM5573473_sample8","Myeloid",324,0.0539011811678589
"STCA","GSM5573474_sample9","Myeloid",86,0.027831715210356
"STCA","GSM5573475_sample10","Myeloid",200,0.080450522928399
"STCA","GSM5573476_sample11","Myeloid",188,0.24258064516129
"STCA","GSM5573477_sample12","Myeloid",122,0.235067437379576
"STCA","GSM5573478_sample13","Myeloid",55,0.0314106225014278
"STCA","GSM5573479_sample14","Myeloid",285,0.0447901933050448
"STCA","GSM5573480_sample15","Myeloid",979,0.0827487110134393
"STCA","GSM5573481_sample16","Myeloid",416,0.262295081967213
"STCA","GSM5573482_sample17","Myeloid",2487,0.368280764104842
"STCA","GSM5573483_sample18","Myeloid",522,0.0858552631578947
"STCA","GSM5573484_sample19","Myeloid",94,0.0825285338015803
"STCA","GSM5573485_sample20","Myeloid",320,0.0833333333333333
"STCA","GSM5573486_sample21","Myeloid",113,0.0628825820812465
"STCA","GSM5573487_sample22","Myeloid",305,0.871428571428571
"STCA","GSM5573488_sample23","Myeloid",157,0.0450890292935095
"STCA","GSM5573489_sample24","Myeloid",446,0.186767169179229
"STCA","GSM5573490_sample25","Myeloid",156,0.0396643783371472
"STCA","GSM5573491_sample26","Myeloid",186,0.0739562624254473
"STCA","GSM5573492_sample27","Myeloid",786,0.207005530682117
"STCA","GSM5573493_sample28","Myeloid",338,0.059402460456942
"STCA","GSM5573494_sample29","Myeloid",456,0.136282127913927
"STCA","GSM5573495_sample30","Myeloid",135,0.038135593220339
"STCA","GSM5573496_sample31","Myeloid",230,0.12987012987013
"STCA","GSM5573497_sample32","Myeloid",161,0.0780416868637906
"STCA","GSM5573498_sample33","Myeloid",250,0.0481231953801732
"STCA","GSM5573499_sample34","Myeloid",1038,0.0968464265721217
"STCA","GSM5573500_sample35","Myeloid",236,0.0342674604326993
"STCA","GSM5573501_sample36","Myeloid",169,0.0540454109370003
"STCA","GSM5573502_sample37","Myeloid",64,0.447552447552448
"STCA","GSM5573503_sample38","Myeloid",283,0.206569343065693
"STCA","GSM5573504_sample39","Myeloid",809,0.167807508815598
"STCA","GSM5573505_sample40","Myeloid",1032,0.224104234527687
"STCA","MDA_Pt1-Ca","Myeloid",201,0.425847457627119
"STCA","MDA_Pt2-As","Myeloid",807,0.453880764904387
"STCA","MDA_Pt2-Ca","Myeloid",113,0.139851485148515
"STCA","MDA_Pt3-As","Myeloid",1186,0.418047232992598
"STCA","MDA_Pt3-Ca","Myeloid",81,0.0942956926658906
"STCA","MDA_Pt4-As","Myeloid",240,0.422535211267606
"STCA","MDA_Pt4-Ca","Myeloid",30,0.106382978723404
"STCA","MDA_Pt5-Ad","Myeloid",26,0.0668380462724936
"STCA","MDA_Pt5-As","Myeloid",98,0.0713245997088792
"STCA","MDA_Pt5-Ca","Myeloid",14,0.0256880733944954
"STCA","MDA_Pt5-Ov","Myeloid",326,0.238827838827839
"STCA","MDA_Pt9-Ad","Myeloid",10,0.0277777777777778
"STCA","MDA_Pt9-Ca","Myeloid",21,0.0200190657769304
"STCA","MDA_Pt9-Li","Myeloid",106,0.115468409586057
"STCA","GSM5004180_PT1","Endothelial",24,0.0117878192534381
"STCA","GSM5004181_PT2","Endothelial",199,0.0351590106007067
"STCA","GSM5004185_LN2","Endothelial",9,0.00131868131868132
"STCA","GSM5004186_O1","Endothelial",57,0.0461538461538462
"STCA","GSM5004187_P1","Endothelial",51,0.0147826086956522
"STCA","GSM5004188_Li1","Endothelial",12,0.012847965738758
"STCA","GSM5101015_Pt1","Endothelial",475,0.299873737373737
"STCA","GSM5101016_Pt2","Endothelial",10,0.0087719298245614
"STCA","GSM5101017_Pt2","Endothelial",68,0.0355276907001045
"STCA","GSM5101019_Pt3","Endothelial",9,0.00271739130434783
"STCA","GSM5101020_Pt3","Endothelial",75,0.0285932138772398
"STCA","GSM5101024_Pt5","Endothelial",34,0.0499265785609398
"STCA","GSM5101026_Pt5","Endothelial",21,0.0265486725663717
"STCA","GSM5573466_sample1","Endothelial",24,0.00948241801659423
"STCA","GSM5573467_sample2","Endothelial",38,0.0148148148148148
"STCA","GSM5573468_sample3","Endothelial",87,0.0261339741664163
"STCA","GSM5573469_sample4","Endothelial",25,0.0128865979381443
"STCA","GSM5573470_sample5","Endothelial",186,0.0533409807857757
"STCA","GSM5573471_sample6","Endothelial",76,0.038994356080041
"STCA","GSM5573472_sample7","Endothelial",55,0.0281618023553507
"STCA","GSM5573473_sample8","Endothelial",435,0.0723673265679587
"STCA","GSM5573474_sample9","Endothelial",80,0.0258899676375405
"STCA","GSM5573475_sample10","Endothelial",38,0.0152855993563958
"STCA","GSM5573476_sample11","Endothelial",25,0.032258064516129
"STCA","GSM5573477_sample12","Endothelial",34,0.0655105973025048
"STCA","GSM5573478_sample13","Endothelial",73,0.0416904625928041
"STCA","GSM5573479_sample14","Endothelial",113,0.0177589187490178
"STCA","GSM5573480_sample15","Endothelial",457,0.0386273349674584
"STCA","GSM5573481_sample16","Endothelial",87,0.0548549810844893
"STCA","GSM5573482_sample17","Endothelial",32,0.00473863468088257
"STCA","GSM5573483_sample18","Endothelial",231,0.0379934210526316
"STCA","GSM5573484_sample19","Endothelial",381,0.334503950834065
"STCA","GSM5573485_sample20","Endothelial",462,0.1203125
"STCA","GSM5573486_sample21","Endothelial",41,0.0228158041179744
"STCA","GSM5573488_sample23","Endothelial",695,0.19959793222286
"STCA","GSM5573489_sample24","Endothelial",76,0.0318257956448911
"STCA","GSM5573490_sample25","Endothelial",356,0.0905161454360539
"STCA","GSM5573491_sample26","Endothelial",78,0.031013916500994
"STCA","GSM5573492_sample27","Endothelial",743,0.195680800632078
"STCA","GSM5573493_sample28","Endothelial",199,0.0349736379613357
"STCA","GSM5573494_sample29","Endothelial",107,0.0319784817692767
"STCA","GSM5573495_sample30","Endothelial",59,0.0166666666666667
"STCA","GSM5573496_sample31","Endothelial",5,0.00282326369282891
"STCA","GSM5573497_sample32","Endothelial",144,0.0698012603005332
"STCA","GSM5573498_sample33","Endothelial",88,0.016939364773821
"STCA","GSM5573499_sample34","Endothelial",412,0.0384400074640791
"STCA","GSM5573500_sample35","Endothelial",333,0.0483519674749528
"STCA","GSM5573501_sample36","Endothelial",14,0.00447713463383435
"STCA","GSM5573503_sample38","Endothelial",93,0.0678832116788321
"STCA","GSM5573504_sample39","Endothelial",114,0.0236465463596764
"STCA","GSM5573505_sample40","Endothelial",776,0.168512486427796
"STCA","MDA_Pt1-Ca","Endothelial",20,0.0423728813559322
"STCA","MDA_Pt2-Ca","Endothelial",5,0.00618811881188119
"STCA","MDA_Pt4-Ca","Endothelial",13,0.0460992907801418
"STCA","MDA_Pt5-Ca","Endothelial",16,0.0293577981651376
"STCA","MDA_Pt5-Ov","Endothelial",37,0.0271062271062271
"STCA","GSM5004181_PT2","Fibroblast",317,0.0560070671378092
"STCA","GSM5004182_PT3","Fibroblast",11,0.00450266066311912
"STCA","GSM5004183_NT1","Fibroblast",2,0.00100401606425703
"STCA","GSM5004185_LN2","Fibroblast",12,0.00175824175824176
"STCA","GSM5004186_O1","Fibroblast",148,0.119838056680162
"STCA","GSM5004187_P1","Fibroblast",127,0.0368115942028985
"STCA","GSM5101013_Pt1","Fibroblast",2,0.0075187969924812
"STCA","GSM5101014_Pt1","Fibroblast",8,0.00585223116313094
"STCA","GSM5101015_Pt1","Fibroblast",214,0.13510101010101
"STCA","GSM5101016_Pt2","Fibroblast",15,0.0131578947368421
"STCA","GSM5101017_Pt2","Fibroblast",19,0.00992685475444096
"STCA","GSM5101018_Pt3","Fibroblast",4,0.00418410041841004
"STCA","GSM5101019_Pt3","Fibroblast",14,0.00422705314009662
"STCA","GSM5101020_Pt3","Fibroblast",76,0.0289744567289363
"STCA","GSM5101022_Pt4","Fibroblast",11,0.00499772830531577
"STCA","GSM5101023_Pt4","Fibroblast",15,0.00842696629213483
"STCA","GSM5101024_Pt5","Fibroblast",10,0.0146842878120411
"STCA","GSM5101026_Pt5","Fibroblast",16,0.0202275600505689
"STCA","GSM5573466_sample1","Fibroblast",163,0.0644014223627025
"STCA","GSM5573467_sample2","Fibroblast",6,0.00233918128654971
"STCA","GSM5573468_sample3","Fibroblast",165,0.0495644337638931
"STCA","GSM5573469_sample4","Fibroblast",5,0.00257731958762887
"STCA","GSM5573470_sample5","Fibroblast",134,0.0384284485230857
"STCA","GSM5573471_sample6","Fibroblast",73,0.0374551051821447
"STCA","GSM5573472_sample7","Fibroblast",75,0.0384024577572965
"STCA","GSM5573473_sample8","Fibroblast",874,0.145400099817002
"STCA","GSM5573474_sample9","Fibroblast",180,0.058252427184466
"STCA","GSM5573475_sample10","Fibroblast",107,0.0430410297666935
"STCA","GSM5573476_sample11","Fibroblast",87,0.112258064516129
"STCA","GSM5573477_sample12","Fibroblast",24,0.046242774566474
"STCA","GSM5573478_sample13","Fibroblast",246,0.140491147915477
"STCA","GSM5573479_sample14","Fibroblast",236,0.0370894232280371
"STCA","GSM5573480_sample15","Fibroblast",346,0.0292452032795199
"STCA","GSM5573481_sample16","Fibroblast",33,0.0208070617906683
"STCA","GSM5573482_sample17","Fibroblast",2186,0.323707981637791
"STCA","GSM5573483_sample18","Fibroblast",531,0.0873355263157895
"STCA","GSM5573484_sample19","Fibroblast",318,0.279192273924495
"STCA","GSM5573485_sample20","Fibroblast",257,0.0669270833333333
"STCA","GSM5573486_sample21","Fibroblast",93,0.0517529215358932
"STCA","GSM5573488_sample23","Fibroblast",555,0.159391154508903
"STCA","GSM5573489_sample24","Fibroblast",108,0.0452261306532663
"STCA","GSM5573490_sample25","Fibroblast",554,0.140859394863972
"STCA","GSM5573491_sample26","Fibroblast",191,0.0759443339960239
"STCA","GSM5573492_sample27","Fibroblast",33,0.00869107189886753
"STCA","GSM5573493_sample28","Fibroblast",403,0.0708260105448155
"STCA","GSM5573494_sample29","Fibroblast",102,0.0304841601912732
"STCA","GSM5573495_sample30","Fibroblast",139,0.0392655367231638
"STCA","GSM5573496_sample31","Fibroblast",53,0.0299265951439864
"STCA","GSM5573497_sample32","Fibroblast",126,0.0610761027629666
"STCA","GSM5573498_sample33","Fibroblast",101,0.01944177093359
"STCA","GSM5573499_sample34","Fibroblast",642,0.0598992349318903
"STCA","GSM5573500_sample35","Fibroblast",504,0.073181356178307
"STCA","GSM5573501_sample36","Fibroblast",2,0.000639590661976335
"STCA","GSM5573502_sample37","Fibroblast",31,0.216783216783217
"STCA","GSM5573503_sample38","Fibroblast",272,0.198540145985401
"STCA","GSM5573504_sample39","Fibroblast",281,0.0582866625181498
"STCA","GSM5573505_sample40","Fibroblast",226,0.0490770901194354
"STCA","MDA_Pt1-Ca","Fibroblast",4,0.00847457627118644
"STCA","MDA_Pt5-Ca","Fibroblast",8,0.0146788990825688
"STCA","MDA_Pt5-Ov","Fibroblast",99,0.0725274725274725
"STCA","GSM5004181_PT2","Mural",76,0.0134275618374558
"STCA","GSM5004182_PT3","Mural",4,0.00163733115022513
"STCA","GSM5004183_NT1","Mural",7,0.0035140562248996
"STCA","GSM5004185_LN2","Mural",4,0.000586080586080586
"STCA","GSM5004186_O1","Mural",17,0.0137651821862348
"STCA","GSM5004187_P1","Mural",57,0.0165217391304348
"STCA","GSM5101014_Pt1","Mural",2,0.00146305779078274
"STCA","GSM5101015_Pt1","Mural",19,0.0119949494949495
"STCA","GSM5101016_Pt2","Mural",4,0.00350877192982456
"STCA","GSM5101017_Pt2","Mural",15,0.00783699059561128
"STCA","GSM5101020_Pt3","Mural",16,0.00609988562714449
"STCA","GSM5101023_Pt4","Mural",1,0.000561797752808989
"STCA","GSM5101024_Pt5","Mural",8,0.0117474302496329
"STCA","GSM5101026_Pt5","Mural",11,0.0139064475347661
"STCA","GSM5573466_sample1","Mural",13,0.00513630975898854
"STCA","GSM5573467_sample2","Mural",12,0.00467836257309942
"STCA","GSM5573468_sample3","Mural",59,0.0177230399519375
"STCA","GSM5573469_sample4","Mural",16,0.00824742268041237
"STCA","GSM5573470_sample5","Mural",23,0.00659592773157442
"STCA","GSM5573471_sample6","Mural",22,0.0112878399179066
"STCA","GSM5573472_sample7","Mural",37,0.0189452124935996
"STCA","GSM5573473_sample8","Mural",96,0.0159707203460323
"STCA","GSM5573474_sample9","Mural",17,0.00550161812297735
"STCA","GSM5573475_sample10","Mural",12,0.00482703137570394
"STCA","GSM5573476_sample11","Mural",18,0.0232258064516129
"STCA","GSM5573477_sample12","Mural",19,0.0366088631984586
"STCA","GSM5573478_sample13","Mural",38,0.0217018846373501
"STCA","GSM5573479_sample14","Mural",85,0.0133584787050134
"STCA","GSM5573480_sample15","Mural",161,0.0136083171329558
"STCA","GSM5573481_sample16","Mural",56,0.0353089533417402
"STCA","GSM5573482_sample17","Mural",35,0.00518288168221531
"STCA","GSM5573483_sample18","Mural",43,0.00707236842105263
"STCA","GSM5573484_sample19","Mural",95,0.0834064969271291
"STCA","GSM5573485_sample20","Mural",156,0.040625
"STCA","GSM5573486_sample21","Mural",16,0.00890372843628269
"STCA","GSM5573488_sample23","Mural",109,0.0313038483630098
"STCA","GSM5573489_sample24","Mural",90,0.0376884422110553
"STCA","GSM5573490_sample25","Mural",49,0.0124586829392321
"STCA","GSM5573491_sample26","Mural",30,0.0119284294234592
"STCA","GSM5573492_sample27","Mural",34,0.00895443771398472
"STCA","GSM5573493_sample28","Mural",93,0.0163444639718805
"STCA","GSM5573494_sample29","Mural",70,0.0209205020920502
"STCA","GSM5573495_sample30","Mural",20,0.00564971751412429
"STCA","GSM5573496_sample31","Mural",8,0.00451722190852626
"STCA","GSM5573497_sample32","Mural",43,0.0208434318952981
"STCA","GSM5573498_sample33","Mural",46,0.00885466794995188
"STCA","GSM5573499_sample34","Mural",201,0.0187534987870871
"STCA","GSM5573500_sample35","Mural",26,0.00377522869173806
"STCA","GSM5573501_sample36","Mural",23,0.00735529261272785
"STCA","GSM5573503_sample38","Mural",67,0.0489051094890511
"STCA","GSM5573504_sample39","Mural",26,0.00539307197676831
"STCA","GSM5573505_sample40","Mural",314,0.0681867535287731
"STCA","MDA_Pt1-Ca","Mural",8,0.0169491525423729
"STCA","MDA_Pt4-Ca","Mural",1,0.00354609929078014
"STCA","MDA_Pt5-Ov","Mural",27,0.0197802197802198
"THCA","GSM5585102_PTC1_T","Epithelial",28,0.00550639134709931
"THCA","GSM5585103_PTC1_P","Epithelial",9,0.0011422769386978
"THCA","GSM5585107_PTC3_T","Epithelial",170,0.0283569641367807
"THCA","GSM5585108_PTC3_P","Epithelial",41,0.00535178175172954
"THCA","GSM5585109_PTC3_LeftLN","Epithelial",31,0.00392057670418616
"THCA","GSM5585110_PTC3_RightLN","Epithelial",39,0.00508408290965976
"THCA","GSM5585112_PTC5_T","Epithelial",1572,0.421900161030596
"THCA","GSM5585113_PTC5_P","Epithelial",1377,0.586706433745207
"THCA","GSM5585114_PTC5_RightLN","Epithelial",4124,0.917259786476868
"THCA","GSM5585115_PTC6_RightLN","Epithelial",2544,0.532998114393463
"THCA","GSM5585116_PTC7_RightLN","Epithelial",1744,0.227527723418134
"THCA","GSM5585117_PTC8_T","Epithelial",4704,0.520123839009288
"THCA","GSM5585118_PTC8_P","Epithelial",4376,0.337550138846035
"THCA","GSM5585119_PTC9_T","Epithelial",4136,0.453409340057005
"THCA","GSM5585120_PTC9_P","Epithelial",309,0.0484250117536436
"THCA","GSM5585121_PTC10_T","Epithelial",5362,0.56099602427286
"THCA","GSM5585122_PTC10_RightLN","Epithelial",4925,0.652058784588905
"THCA","GSM5814574_PTC01","Epithelial",2860,0.613602231280841
"THCA","GSM5814576_PTC03","Epithelial",64,0.0814249363867685
"THCA","GSM5814577_NORM03","Epithelial",109,0.217131474103586
"THCA","GSM5814578_PTC04","Epithelial",1165,0.536866359447005
"THCA","GSM5814579_PTC05","Epithelial",621,0.251518833535844
"THCA","GSM5814580_PTC06","Epithelial",395,0.141222738648552
"THCA","GSM5814581_PTC07","Epithelial",2660,0.395951175945222
"THCA","GSM5814582_NORM07","Epithelial",118,0.0768729641693811
"THCA","GSM5814583_ATC08","Epithelial",59,0.00888019265502709
"THCA","GSM5814584_ATC09","Epithelial",466,0.273313782991202
"THCA","GSM5814585_ATC10","Epithelial",9,0.00158702168929642
"THCA","GSM5814586_ATC11","Epithelial",6,0.00207325501036628
"THCA","GSM5814587_ATC12","Epithelial",10,0.00639386189258312
"THCA","GSM5814589_ATC14","Epithelial",8,0.00488400488400488
"THCA","GSM5814590_ATC15","Epithelial",34,0.0193401592718999
"THCA","GSM5814593_NORM18","Epithelial",117,0.0513608428446005
"THCA","GSM5814594_NORM19","Epithelial",247,0.235687022900763
"THCA","GSM5814595_NORM20","Epithelial",17,0.0107323232323232
"THCA","GSM5585102_PTC1_T","Tcell",3381,0.664896755162242
"THCA","GSM5585103_PTC1_P","Tcell",4071,0.516689935270974
"THCA","GSM5585104_PTC2_T","Tcell",2865,0.666434054431263
"THCA","GSM5585105_PTC2_P","Tcell",5562,0.857274969173859
"THCA","GSM5585106_PTC2_LeftLN","Tcell",5414,0.635669836796994
"THCA","GSM5585107_PTC3_T","Tcell",4821,0.804170141784821
"THCA","GSM5585108_PTC3_P","Tcell",5788,0.755514945829526
"THCA","GSM5585109_PTC3_LeftLN","Tcell",5817,0.735677248008094
"THCA","GSM5585110_PTC3_RightLN","Tcell",5911,0.770564463564072
"THCA","GSM5585112_PTC5_T","Tcell",134,0.0359634997316157
"THCA","GSM5585113_PTC5_P","Tcell",373,0.158926288879421
"THCA","GSM5585114_PTC5_RightLN","Tcell",15,0.00333629893238434
"THCA","GSM5585115_PTC6_RightLN","Tcell",46,0.00963754452126545
"THCA","GSM5585116_PTC7_RightLN","Tcell",3778,0.492889758643183
"THCA","GSM5585117_PTC8_T","Tcell",1548,0.171163202122954
"THCA","GSM5585118_PTC8_P","Tcell",5611,0.432813946312866
"THCA","GSM5585119_PTC9_T","Tcell",2365,0.25926331944749
"THCA","GSM5585120_PTC9_P","Tcell",4442,0.696129133364676
"THCA","GSM5585121_PTC10_T","Tcell",1619,0.169386901025319
"THCA","GSM5585122_PTC10_RightLN","Tcell",1457,0.192903482060109
"THCA","GSM5814574_PTC01","Tcell",684,0.146749624544089
"THCA","GSM5814575_PTC02","Tcell",1482,0.625844594594595
"THCA","GSM5814576_PTC03","Tcell",314,0.399491094147583
"THCA","GSM5814577_NORM03","Tcell",365,0.727091633466135
"THCA","GSM5814578_PTC04","Tcell",206,0.0949308755760369
"THCA","GSM5814579_PTC05","Tcell",776,0.314297286350749
"THCA","GSM5814580_PTC06","Tcell",921,0.329281372899535
"THCA","GSM5814581_PTC07","Tcell",1093,0.162697231318845
"THCA","GSM5814582_NORM07","Tcell",1076,0.700977198697068
"THCA","GSM5814583_ATC08","Tcell",6440,0.969295605057194
"THCA","GSM5814584_ATC09","Tcell",482,0.282697947214076
"THCA","GSM5814585_ATC10","Tcell",5142,0.906718391818021
"THCA","GSM5814586_ATC11","Tcell",2003,0.692121630960608
"THCA","GSM5814587_ATC12","Tcell",208,0.132992327365729
"THCA","GSM5814588_ATC13","Tcell",238,0.0595893840761142
"THCA","GSM5814589_ATC14","Tcell",225,0.137362637362637
"THCA","GSM5814590_ATC15","Tcell",1418,0.806598407281001
"THCA","GSM5814591_ATC17","Tcell",1514,0.848654708520179
"THCA","GSM5814592_ATC18","Tcell",3211,0.854671280276817
"THCA","GSM5814593_NORM18","Tcell",1409,0.618525021949078
"THCA","GSM5814594_NORM19","Tcell",508,0.484732824427481
"THCA","GSM5814595_NORM20","Tcell",1063,0.671085858585859
"THCA","GSM5814596_NORM21","Tcell",187,0.894736842105263
"THCA","GSM5585102_PTC1_T","Bcell",205,0.04031465093412
"THCA","GSM5585103_PTC1_P","Bcell",3716,0.471633456022338
"THCA","GSM5585104_PTC2_T","Bcell",1425,0.331472435450105
"THCA","GSM5585105_PTC2_P","Bcell",841,0.12962392108508
"THCA","GSM5585106_PTC2_LeftLN","Bcell",3103,0.364330163203006
"THCA","GSM5585107_PTC3_T","Bcell",547,0.0912427022518766
"THCA","GSM5585108_PTC3_P","Bcell",1699,0.221772614541183
"THCA","GSM5585109_PTC3_LeftLN","Bcell",1841,0.232831668142153
"THCA","GSM5585110_PTC3_RightLN","Bcell",1468,0.191370095163603
"THCA","GSM5585113_PTC5_P","Bcell",27,0.0115040477204942
"THCA","GSM5585114_PTC5_RightLN","Bcell",23,0.00511565836298932
"THCA","GSM5585115_PTC6_RightLN","Bcell",25,0.00523779593547035
"THCA","GSM5585116_PTC7_RightLN","Bcell",706,0.0921069797782127
"THCA","GSM5585117_PTC8_T","Bcell",77,0.00851393188854489
"THCA","GSM5585118_PTC8_P","Bcell",1297,0.100046282011725
"THCA","GSM5585119_PTC9_T","Bcell",56,0.00613900460425345
"THCA","GSM5585120_PTC9_P","Bcell",1354,0.212192446325027
"THCA","GSM5585121_PTC10_T","Bcell",233,0.0243774848294622
"THCA","GSM5585122_PTC10_RightLN","Bcell",282,0.0373361578180855
"THCA","GSM5814574_PTC01","Bcell",52,0.0111564042051062
"THCA","GSM5814575_PTC02","Bcell",851,0.359375
"THCA","GSM5814579_PTC05","Bcell",13,0.0052652895909275
"THCA","GSM5814580_PTC06","Bcell",53,0.01894887379335
"THCA","GSM5814581_PTC07","Bcell",48,0.00714498362607919
"THCA","GSM5814582_NORM07","Bcell",36,0.0234527687296417
"THCA","GSM5814583_ATC08","Bcell",130,0.0195665261890427
"THCA","GSM5814585_ATC10","Bcell",380,0.06700758243696
"THCA","GSM5814586_ATC11","Bcell",25,0.00863856254319281
"THCA","GSM5814589_ATC14","Bcell",14,0.00854700854700855
"THCA","GSM5814590_ATC15","Bcell",88,0.0500568828213879
"THCA","GSM5814591_ATC17","Bcell",54,0.0302690582959641
"THCA","GSM5814592_ATC18","Bcell",161,0.0428533404311951
"THCA","GSM5814593_NORM18","Bcell",691,0.303336259877085
"THCA","GSM5814594_NORM19","Bcell",210,0.200381679389313
"THCA","GSM5814595_NORM20","Bcell",441,0.278409090909091
"THCA","GSM5585102_PTC1_T","Myeloid",1470,0.289085545722714
"THCA","GSM5585103_PTC1_P","Myeloid",83,0.0105343317679909
"THCA","GSM5585104_PTC2_T","Myeloid",9,0.00209351011863224
"THCA","GSM5585105_PTC2_P","Myeloid",72,0.0110974106041924
"THCA","GSM5585107_PTC3_T","Myeloid",268,0.0447039199332777
"THCA","GSM5585108_PTC3_P","Myeloid",112,0.0146195013705783
"THCA","GSM5585109_PTC3_LeftLN","Myeloid",198,0.0250411028202858
"THCA","GSM5585110_PTC3_RightLN","Myeloid",230,0.0299830530569678
"THCA","GSM5585112_PTC5_T","Myeloid",411,0.110305958132045
"THCA","GSM5585113_PTC5_P","Myeloid",493,0.210055389859395
"THCA","GSM5585114_PTC5_RightLN","Myeloid",123,0.0273576512455516
"THCA","GSM5585115_PTC6_RightLN","Myeloid",59,0.01236119840771
"THCA","GSM5585116_PTC7_RightLN","Myeloid",348,0.0454011741682975
"THCA","GSM5585117_PTC8_T","Myeloid",2485,0.274767801857585
"THCA","GSM5585118_PTC8_P","Myeloid",230,0.0177414378278309
"THCA","GSM5585119_PTC9_T","Myeloid",1544,0.169261126945845
"THCA","GSM5585120_PTC9_P","Myeloid",227,0.0355743613853628
"THCA","GSM5585121_PTC10_T","Myeloid",1930,0.201925088930739
"THCA","GSM5585122_PTC10_RightLN","Myeloid",771,0.102078644247319
"THCA","GSM5814574_PTC01","Myeloid",713,0.152971465350783
"THCA","GSM5814575_PTC02","Myeloid",35,0.0147804054054054
"THCA","GSM5814576_PTC03","Myeloid",390,0.49618320610687
"THCA","GSM5814577_NORM03","Myeloid",28,0.0557768924302789
"THCA","GSM5814578_PTC04","Myeloid",697,0.321198156682028
"THCA","GSM5814579_PTC05","Myeloid",1046,0.423653300931551
"THCA","GSM5814580_PTC06","Myeloid",1419,0.5073292813729
"THCA","GSM5814581_PTC07","Myeloid",2658,0.395653468294135
"THCA","GSM5814582_NORM07","Myeloid",284,0.185016286644951
"THCA","GSM5814583_ATC08","Myeloid",15,0.0022576760987357
"THCA","GSM5814584_ATC09","Myeloid",220,0.129032258064516
"THCA","GSM5814585_ATC10","Myeloid",108,0.019044260271557
"THCA","GSM5814586_ATC11","Myeloid",726,0.250863856254319
"THCA","GSM5814587_ATC12","Myeloid",148,0.0946291560102302
"THCA","GSM5814588_ATC13","Myeloid",547,0.136955433149725
"THCA","GSM5814589_ATC14","Myeloid",1391,0.849206349206349
"THCA","GSM5814590_ATC15","Myeloid",218,0.124004550625711
"THCA","GSM5814591_ATC17","Myeloid",216,0.121076233183857
"THCA","GSM5814592_ATC18","Myeloid",286,0.0761245674740484
"THCA","GSM5814593_NORM18","Myeloid",49,0.0215100965759438
"THCA","GSM5814594_NORM19","Myeloid",46,0.0438931297709924
"THCA","GSM5814595_NORM20","Myeloid",53,0.033459595959596
"THCA","GSM5814596_NORM21","Myeloid",22,0.105263157894737
"THCA","GSM5585102_PTC1_T","Endothelial",1,0.000196656833824975
"THCA","GSM5585107_PTC3_T","Endothelial",79,0.0131776480400334
"THCA","GSM5585110_PTC3_RightLN","Endothelial",12,0.00156433320297223
"THCA","GSM5585112_PTC5_T","Endothelial",420,0.112721417069243
"THCA","GSM5585113_PTC5_P","Endothelial",60,0.0255645504899872
"THCA","GSM5585114_PTC5_RightLN","Endothelial",105,0.0233540925266904
"THCA","GSM5585115_PTC6_RightLN","Endothelial",611,0.128011732662895
"THCA","GSM5585116_PTC7_RightLN","Endothelial",273,0.0356164383561644
"THCA","GSM5585117_PTC8_T","Endothelial",184,0.0203449800973021
"THCA","GSM5585118_PTC8_P","Endothelial",1339,0.103286022832459
"THCA","GSM5585119_PTC9_T","Endothelial",353,0.0386976540232405
"THCA","GSM5585120_PTC9_P","Endothelial",49,0.00767904717128977
"THCA","GSM5585121_PTC10_T","Endothelial",125,0.0130780498012136
"THCA","GSM5585122_PTC10_RightLN","Endothelial",88,0.0116509996028068
"THCA","GSM5814574_PTC01","Endothelial",246,0.0527783737395409
"THCA","GSM5814576_PTC03","Endothelial",2,0.00254452926208651
"THCA","GSM5814578_PTC04","Endothelial",57,0.0262672811059908
"THCA","GSM5814579_PTC05","Endothelial",9,0.00364520048602673
"THCA","GSM5814580_PTC06","Endothelial",9,0.00321773328566321
"THCA","GSM5814581_PTC07","Endothelial",191,0.0284310806787734
"THCA","GSM5814582_NORM07","Endothelial",21,0.0136807817589577
"THCA","GSM5814586_ATC11","Endothelial",10,0.00345542501727713
"THCA","GSM5814587_ATC12","Endothelial",6,0.00383631713554987
"THCA","GSM5814588_ATC13","Endothelial",63,0.0157736604907361
"THCA","GSM5814593_NORM18","Endothelial",12,0.00526777875329236
"THCA","GSM5814594_NORM19","Endothelial",33,0.0314885496183206
"THCA","GSM5814595_NORM20","Endothelial",10,0.00631313131313131
"THCA","GSM5585105_PTC2_P","Fibroblast",5,0.000770653514180025
"THCA","GSM5585107_PTC3_T","Fibroblast",70,0.0116763969974979
"THCA","GSM5585108_PTC3_P","Fibroblast",21,0.00274115650698342
"THCA","GSM5585109_PTC3_LeftLN","Fibroblast",18,0.00227646389275326
"THCA","GSM5585110_PTC3_RightLN","Fibroblast",7,0.000912527701733803
"THCA","GSM5585112_PTC5_T","Fibroblast",220,0.059044551798175
"THCA","GSM5585113_PTC5_P","Fibroblast",17,0.00724328930549638
"THCA","GSM5585114_PTC5_RightLN","Fibroblast",67,0.0149021352313167
"THCA","GSM5585115_PTC6_RightLN","Fibroblast",474,0.0993086109365179
"THCA","GSM5585116_PTC7_RightLN","Fibroblast",815,0.106327462491846
"THCA","GSM5585117_PTC8_T","Fibroblast",44,0.00486510393631137
"THCA","GSM5585118_PTC8_P","Fibroblast",111,0.00856217216908362
"THCA","GSM5585119_PTC9_T","Fibroblast",81,0.00887963165972375
"THCA","GSM5585121_PTC10_T","Fibroblast",271,0.0283532119690312
"THCA","GSM5585122_PTC10_RightLN","Fibroblast",2,0.000264795445518337
"THCA","GSM5814574_PTC01","Fibroblast",78,0.0167346063076593
"THCA","GSM5814576_PTC03","Fibroblast",1,0.00127226463104326
"THCA","GSM5814578_PTC04","Fibroblast",9,0.00414746543778802
"THCA","GSM5814579_PTC05","Fibroblast",2,0.000810044552450385
"THCA","GSM5814581_PTC07","Fibroblast",3,0.000446561476629949
"THCA","GSM5814584_ATC09","Fibroblast",528,0.309677419354839
"THCA","GSM5814585_ATC10","Fibroblast",32,0.00564274378416505
"THCA","GSM5814586_ATC11","Fibroblast",123,0.0425017277125086
"THCA","GSM5814587_ATC12","Fibroblast",1145,0.732097186700767
"THCA","GSM5814588_ATC13","Fibroblast",3002,0.751627441161743
"THCA","GSM5814592_ATC18","Fibroblast",98,0.026084642001597
"THCA","GSM5814594_NORM19","Fibroblast",3,0.00286259541984733
"THCA","GSM5585105_PTC2_P","Mural",8,0.00123304562268804
"THCA","GSM5585107_PTC3_T","Mural",40,0.00667222685571309
"THCA","GSM5585109_PTC3_LeftLN","Mural",2,0.00025294043252814
"THCA","GSM5585110_PTC3_RightLN","Mural",4,0.000521444400990744
"THCA","GSM5585112_PTC5_T","Mural",969,0.260064412238325
"THCA","GSM5585114_PTC5_RightLN","Mural",39,0.00867437722419929
"THCA","GSM5585115_PTC6_RightLN","Mural",1014,0.212445003142678
"THCA","GSM5585116_PTC7_RightLN","Mural",1,0.000130463144161774
"THCA","GSM5585117_PTC8_T","Mural",2,0.000221141088014153
"THCA","GSM5585119_PTC9_T","Mural",587,0.0643499232624424
"THCA","GSM5585121_PTC10_T","Mural",18,0.00188323917137476
"THCA","GSM5585122_PTC10_RightLN","Mural",28,0.00370713623725672
"THCA","GSM5814574_PTC01","Mural",28,0.00600729457198026
"THCA","GSM5814576_PTC03","Mural",15,0.0190839694656489
"THCA","GSM5814578_PTC04","Mural",36,0.0165898617511521
"THCA","GSM5814579_PTC05","Mural",2,0.000810044552450385
"THCA","GSM5814581_PTC07","Mural",65,0.00967549866031557
"THCA","GSM5814584_ATC09","Mural",9,0.00527859237536657
"THCA","GSM5814586_ATC11","Mural",1,0.000345542501727712
"THCA","GSM5814587_ATC12","Mural",47,0.0300511508951407
"THCA","GSM5814588_ATC13","Mural",144,0.0360540811216825
"THCA","GSM5814592_ATC18","Mural",1,0.000266169816342827
"THCA","GSM5814594_NORM19","Mural",1,0.000954198473282443
"UECA","GSM5276933","Epithelial",913,0.189419087136929
"UECA","GSM5276934","Epithelial",851,0.129666311138199
"UECA","GSM5276935","Epithelial",3441,0.70253164556962
"UECA","GSM5276936","Epithelial",1538,0.212430939226519
"UECA","GSM5276937","Epithelial",645,0.0912563667232598
"UECA","GSM5276938","Epithelial",1845,0.266502961144013
"UECA","GSM5276933","Tcell",522,0.108298755186722
"UECA","GSM5276934","Tcell",1104,0.168215754990096
"UECA","GSM5276935","Tcell",327,0.0667619436504696
"UECA","GSM5276936","Tcell",1743,0.240745856353591
"UECA","GSM5276937","Tcell",1041,0.147283531409168
"UECA","GSM5276938","Tcell",765,0.11050122779142
"UECA","GSM5276933","Bcell",58,0.0120331950207469
"UECA","GSM5276935","Bcell",25,0.0051041241322989
"UECA","GSM5276936","Bcell",45,0.00621546961325967
"UECA","GSM5276937","Bcell",53,0.00749858517260894
"UECA","GSM5276938","Bcell",203,0.0293225480283114
"UECA","GSM5276933","Myeloid",45,0.00933609958506224
"UECA","GSM5276934","Myeloid",135,0.0205698613438976
"UECA","GSM5276935","Myeloid",316,0.0645161290322581
"UECA","GSM5276936","Myeloid",882,0.12182320441989
"UECA","GSM5276937","Myeloid",431,0.0609790605546123
"UECA","GSM5276938","Myeloid",615,0.0888343203813376
"UECA","GSM5276933","Endothelial",1440,0.298755186721992
"UECA","GSM5276934","Endothelial",986,0.150236172482097
"UECA","GSM5276935","Endothelial",70,0.0142915475704369
"UECA","GSM5276936","Endothelial",200,0.0276243093922652
"UECA","GSM5276937","Endothelial",678,0.0959252971137521
"UECA","GSM5276938","Endothelial",229,0.0330781453127257
"UECA","GSM5276933","Fibroblast",1196,0.248132780082988
"UECA","GSM5276934","Fibroblast",3091,0.470973640103611
"UECA","GSM5276935","Fibroblast",494,0.100857492854226
"UECA","GSM5276936","Fibroblast",2491,0.344060773480663
"UECA","GSM5276937","Fibroblast",3563,0.504102999434069
"UECA","GSM5276938","Fibroblast",3052,0.440849342770475
"UECA","GSM5276933","Mural",646,0.13402489626556
"UECA","GSM5276934","Mural",396,0.0603382599420996
"UECA","GSM5276935","Mural",225,0.0459371171906901
"UECA","GSM5276936","Mural",341,0.0470994475138122
"UECA","GSM5276937","Mural",657,0.0929541595925297
"UECA","GSM5276938","Mural",214,0.0309114545717175
