anchor,partner,sample_id,Malignant,Boundary,Normal
Cycling_Bgc,Epi_Cycle,01_034_C1d1,0.0,0.0,0.131782945736434
Cycling_Bgc,Epi_Cycle,01_034_C3d1,0.688212927756654,0.543478260869565,0.46875
Cycling_Bgc,Epi_Cycle,01_039_C1d1,0.63235294117647,0.948717948717948,0.509259259259259
Cycling_Bgc,Epi_Cycle,01_039_C3d1,0.681818181818181,0.188235294117647,0.496025437201907
Cycling_Bgc,Epi_Cycle,1142243F,1.0,0.972067039106145,0.689119170984456
Cycling_Bgc,Epi_Cycle,A_955_OvarianTumor,0.781818181818181,0.579439252336448,0.288407163053722
Cycling_Bgc,Epi_Cycle,A_GTFB1154_OvarianCancerTumor,0.0,0.849462365591397,0.473939393939393
Cycling_Bgc,Epi_Cycle,Ajou_Visium_P1,0.677165354330708,0.195876288659793,0.0937734433608402
Cycling_Bgc,Epi_Cycle,Ajou_Visium_P2,0.100182149362477,0.459459459459459,0.0044493882091212
Cycling_Bgc,Epi_Cycle,Ajou_Visium_P3,,,0.0051194539249146
Cycling_Bgc,Epi_Cycle,Ajou_Visium_P4,0.257452574525745,0.359550561797752,0.108003108003108
Cycling_Bgc,Epi_Cycle,B_GTFB1191_OvarianCancerTumor,0.571095571095571,0.241935483870967,0.584170854271356
Cycling_Bgc,Epi_Cycle,CID4290,0.884615384615384,0.771186440677966,0.425925925925925
Cycling_Bgc,Epi_Cycle,CID4465,1.0,0.442176870748299,0.28415300546448
Cycling_Bgc,Epi_Cycle,C_GTFB1170_SmallCellOvarianCancer,1.0,1.0,0.325757575757575
Cycling_Bgc,Epi_Cycle,Colon_10x_Visium_SampleP2_CRC,0.24251497005988,0.569491525423728,0.477513227513227
Cycling_Bgc,Epi_Cycle,CytAssist_11mm_FFPE_Human_Lung_Cancer_230214,0.377712031558185,0.727634194831013,0.470833333333333
Cycling_Bgc,Epi_Cycle,CytAssist_11mm_FFPE_Human_Ovarian_Carcinoma_220715,0.682170542635658,0.43103448275862,0.366820276497695
Cycling_Bgc,Epi_Cycle,CytAssist_FFPE_Human_Lung_Squamous_Cell_Carcinoma_220714,0.503768844221105,0.730434782608695,0.430970149253731
Cycling_Bgc,Epi_Cycle,D_GTFB1170_SmallCellOvarianCancer,0.68018018018018,1.0,0.414466130884041
Cycling_Bgc,Epi_Cycle,D_GTFB_1230_OvarianTumor,1.0,0.48780487804878,0.298325722983257
Cycling_Bgc,Epi_Cycle,E_MTAB_13530_P10_T1,0.295825771324863,0.511784511784511,0.358003442340791
Cycling_Bgc,Epi_Cycle,E_MTAB_13530_P10_T2,0.8099173553719,0.798319327731092,0.599496221662468
Cycling_Bgc,Epi_Cycle,E_MTAB_13530_P10_T3,0.926174496644295,0.75,0.38625
Cycling_Bgc,Epi_Cycle,E_MTAB_13530_P10_T4,0.554455445544554,0.903743315508021,0.398260869565217
Cycling_Bgc,Epi_Cycle,E_MTAB_13530_P11_T1,0.56060606060606,0.858823529411764,0.212938005390835
Cycling_Bgc,Epi_Cycle,E_MTAB_13530_P11_T2,1.0,0.716049382716049,0.133064516129032
Cycling_Bgc,Epi_Cycle,E_MTAB_13530_P11_T3,1.0,1.0,0.199652777777777
Cycling_Bgc,Epi_Cycle,E_MTAB_13530_P11_T4,1.0,1.0,0.395738203957382
Cycling_Bgc,Epi_Cycle,E_MTAB_13530_P15_T1,0.700404858299595,0.342799188640973,0.421556886227544
Cycling_Bgc,Epi_Cycle,E_MTAB_13530_P15_T2,0.619834710743801,0.588377723970944,0.277379733879222
Cycling_Bgc,Epi_Cycle,E_MTAB_13530_P16_T1,0.713178294573643,1.0,0.435593220338983
Cycling_Bgc,Epi_Cycle,E_MTAB_13530_P16_T2,0.0,0.744680851063829,0.408748114630467
Cycling_Bgc,Epi_Cycle,E_MTAB_13530_P17_T1,0.814917127071823,0.961904761904762,0.650943396226415
Cycling_Bgc,Epi_Cycle,E_MTAB_13530_P17_T2,0.820175438596491,0.755474452554744,0.557894736842105
Cycling_Bgc,Epi_Cycle,E_MTAB_13530_P19_T1,0.990228013029316,0.787965616045845,0.408839779005524
Cycling_Bgc,Epi_Cycle,E_MTAB_13530_P19_T2,0.928411633109619,0.729050279329609,0.401079136690647
Cycling_Bgc,Epi_Cycle,E_MTAB_13530_P24_T1,0.215384615384615,0.0,0.513426423200859
Cycling_Bgc,Epi_Cycle,E_MTAB_13530_P24_T2,0.323529411764705,0.533039647577092,0.409395973154362
Cycling_Bgc,Epi_Cycle,E_MTAB_13530_P25_T1,0.4,0.707142857142857,0.460652591170825
Cycling_Bgc,Epi_Cycle,E_MTAB_13530_P25_T2,0.830508474576271,1.0,0.106132075471698
Cycling_Bgc,Epi_Cycle,GSE144239_GSM4565823,1.0,1.0,0.598425196850393
Cycling_Bgc,Epi_Cycle,GSE144239_GSM4565824,0.0,,0.495726495726495
Cycling_Bgc,Epi_Cycle,GSE144239_GSM4565825,0.847087378640776,0.772486772486772,0.492924528301886
Cycling_Bgc,Epi_Cycle,GSE144239_GSM4565826,0.0,0.0,0.344334433443344
Cycling_Bgc,Epi_Cycle,GSE251950_20_00331_LI_SING,0.458498023715415,0.612765957446808,0.199017199017199
Cycling_Bgc,Epi_Cycle,GSE251950_21_00731_LI_SING,0.094059405940594,0.293650793650793,0.183264584560989
Cycling_Bgc,Epi_Cycle,GSE251950_21_00732_LI_SING,0.2425068119891,0.392156862745098,0.0441919191919191
Cycling_Bgc,Epi_Cycle,GSE251950_21_00733_LI_SING,0.0,0.725609756097561,0.128668171557562
Cycling_Bgc,Epi_Cycle,GSE251950_21_00734_LI_SING,0.358247422680412,0.9296875,0.202719406674907
Cycling_Bgc,Epi_Cycle,GSE251950_21_01251_LI_SING,0.896373056994818,0.451456310679611,0.197163120567375
Cycling_Bgc,Epi_Cycle,GSE251950_21_01253_LI_SING,0.407035175879396,0.972972972972973,0.201077199281867
Cycling_Bgc,Epi_Cycle,GSE251950_21_01254_LI_SING,0.445544554455445,0.43362831858407,0.289176090468497
Cycling_Bgc,Epi_Cycle,GSE251950_21_01675_LI_SING,0.072289156626506,0.701754385964912,0.185085354896675
Cycling_Bgc,Epi_Cycle,GSM5494475_HNSCC201125T04,1.0,0.0,0.223270440251572
Cycling_Bgc,Epi_Cycle,GSM5494476_HNSCC201125T05,0.152298850574712,0.453703703703703,0.333887043189368
Cycling_Bgc,Epi_Cycle,GSM5494477_HNSCC201125T07,0.0,0.0,0.359459459459459
Cycling_Bgc,Epi_Cycle,GSM5494478_HNSCC201125T10,1.0,0.333333333333333,0.472440944881889
Cycling_Bgc,Epi_Cycle,GSM5494479_P210325T1,,0.0,0.318822023047375
Cycling_Bgc,Epi_Cycle,GSM5494480_P210325T3,0.0,0.818181818181818,0.200280112044817
Cycling_Bgc,Epi_Cycle,GSM5494481_P210325T5,0.0,0.473684210526315,0.214611872146118
Cycling_Bgc,Epi_Cycle,GSM5494482_P210325T6,0.0,0.0,0.350561797752809
Cycling_Bgc,Epi_Cycle,GSM5924030_ffpe_c_2,0.719402985074626,0.620689655172413,0.182802979011509
Cycling_Bgc,Epi_Cycle,GSM5924031_ffpe_c_3,0.566666666666666,0.664473684210526,0.516129032258064
Cycling_Bgc,Epi_Cycle,GSM5924032_ffpe_c_4,0.395284327323162,0.682119205298013,0.173866090712742
Cycling_Bgc,Epi_Cycle,GSM5924033_ffpe_c_7,0.603614457831325,0.78853046594982,0.58679706601467
Cycling_Bgc,Epi_Cycle,GSM5924034_ffpe_c_10,0.446601941747572,0.84,0.280673616680032
Cycling_Bgc,Epi_Cycle,GSM5924035_ffpe_c_20,0.311475409836065,0.553333333333333,0.201168072680077
Cycling_Bgc,Epi_Cycle,GSM5924036_ffpe_c_21,0.740484429065744,0.903030303030303,0.425352112676056
Cycling_Bgc,Epi_Cycle,GSM5924037_ffpe_c_34,0.326126126126126,1.0,0.197394789579158
Cycling_Bgc,Epi_Cycle,GSM5924038_ffpe_c_36,0.666666666666666,0.876033057851239,0.227550130775937
Cycling_Bgc,Epi_Cycle,GSM5924039_ffpe_c_39,0.474626865671641,0.84514435695538,0.369614512471655
Cycling_Bgc,Epi_Cycle,GSM5924040_ffpe_c_45,0.464491362763915,0.798387096774193,0.474630021141649
Cycling_Bgc,Epi_Cycle,GSM5924041_ffpe_c_51,0.463157894736842,0.270588235294117,0.151009046624913
Cycling_Bgc,Epi_Cycle,GSM5924042_frozen_a_1,0.635135135135135,0.0,0.0981595092024539
Cycling_Bgc,Epi_Cycle,GSM5924043_frozen_a_3,0.477572559366754,0.0,0.20754716981132
Cycling_Bgc,Epi_Cycle,GSM5924044_frozen_a_15,0.481220657276995,0.5859375,0.346420323325635
Cycling_Bgc,Epi_Cycle,GSM5924045_frozen_a_17,0.0,1.0,0.577405857740585
Cycling_Bgc,Epi_Cycle,GSM5924046_frozen_b_1,0.0,0.544303797468354,0.255425709515859
Cycling_Bgc,Epi_Cycle,GSM5924048_frozen_b_13,0.537037037037037,0.516853932584269,0.0343053173241852
Cycling_Bgc,Epi_Cycle,GSM5924049_frozen_b_18,0.475862068965517,0.693430656934306,0.509389671361502
Cycling_Bgc,Epi_Cycle,GSM5924050_frozen_c_2,1.0,0.821428571428571,0.379958246346555
Cycling_Bgc,Epi_Cycle,GSM5924051_frozen_c_5,1.0,1.0,0.495588235294117
Cycling_Bgc,Epi_Cycle,GSM5924052_frozen_c_23,0.553571428571428,0.21505376344086,0.371951219512195
Cycling_Bgc,Epi_Cycle,GSM5924053_frozen_c_57,,1.0,0.708884688090737
Cycling_Bgc,Epi_Cycle,GSM6030901_patient_1,0.0,0.530434782608695,0.230055658627087
Cycling_Bgc,Epi_Cycle,GSM6030902_patient_2,0.0,0.0,0.391575663026521
Cycling_Bgc,Epi_Cycle,GSM6177607_NYU_GIST1_Vis,0.666666666666666,0.297872340425531,0.349665924276169
Cycling_Bgc,Epi_Cycle,GSM6177609_NYU_GIST2_Vis,,,0.0728667305848514
Cycling_Bgc,Epi_Cycle,GSM6177612_NYU_LIHC1_Vis,1.0,1.0,0.225577264653641
Cycling_Bgc,Epi_Cycle,GSM6177614_NYU_OVCA1_Vis,0.4,0.785923753665689,0.637305699481865
Cycling_Bgc,Epi_Cycle,GSM6177617_NYU_OVCA3_Vis,0.0,1.0,0.63125
Cycling_Bgc,Epi_Cycle,GSM6177618_NYU_PDAC1_Vis,0.688888888888888,0.312267657992565,0.295343137254901
Cycling_Bgc,Epi_Cycle,GSM6177623_NYU_UCEC3_Vis,0.78125,0.527777777777777,0.762376237623762
Cycling_Bgc,Epi_Cycle,GSM6339631_s1,1.0,0.0,0.240356083086053
Cycling_Bgc,Epi_Cycle,GSM6339632_s2,0.232876712328767,0.566433566433566,0.111398963730569
Cycling_Bgc,Epi_Cycle,GSM6339633_s3,0.35042735042735,1.0,0.166666666666666
Cycling_Bgc,Epi_Cycle,GSM6339634_s4,0.0,1.0,0.325581395348837
Cycling_Bgc,Epi_Cycle,GSM6339635_s5,1.0,0.935483870967742,0.593830334190231
Cycling_Bgc,Epi_Cycle,GSM6339636_s6,1.0,1.0,0.437580437580437
Cycling_Bgc,Epi_Cycle,GSM6339637_s7,,,0.1484375
Cycling_Bgc,Epi_Cycle,GSM6339638_s8,,0.0,0.188630490956072
Cycling_Bgc,Epi_Cycle,GSM6339639_s9,,0.0,0.200626959247648
Cycling_Bgc,Epi_Cycle,GSM6339640_s10,0.733333333333333,0.258620689655172,0.076076076076076
Cycling_Bgc,Epi_Cycle,GSM6339641_s11,0.0,0.569767441860465,0.5426944971537
Cycling_Bgc,Epi_Cycle,GSM6339642_s12,0.421052631578947,1.0,0.491596638655462
Cycling_Bgc,Epi_Cycle,GSM6433585_092A,0.852173913043478,1.0,0.465116279069767
Cycling_Bgc,Epi_Cycle,GSM6433589_093C,0.672330097087378,0.69164265129683,0.632124352331606
Cycling_Bgc,Epi_Cycle,GSM6433591_094A,,1.0,0.507692307692307
Cycling_Bgc,Epi_Cycle,GSM6433594_094D,0.0,1.0,0.485393258426966
Cycling_Bgc,Epi_Cycle,GSM6433600_117E,0.8,1.0,1.0
Cycling_Bgc,Epi_Cycle,GSM6433603_118D,1.0,1.0,0.381443298969072
Cycling_Bgc,Epi_Cycle,GSM6433605_119B,1.0,0.0,0.150819672131147
Cycling_Bgc,Epi_Cycle,GSM6433610_120C,0.657754010695187,1.0,0.228571428571428
Cycling_Bgc,Epi_Cycle,GSM6433611_120D,0.58273381294964,0.581005586592178,0.557333333333333
Cycling_Bgc,Epi_Cycle,GSM6433612_120E,,0.0,0.671140939597315
Cycling_Bgc,Epi_Cycle,GSM6433615_395C,0.0,0.0,0.107226107226107
Cycling_Bgc,Epi_Cycle,GSM6433620_397A,1.0,0.678571428571428,0.621301775147929
Cycling_Bgc,Epi_Cycle,GSM6433621_397B,0.0,0.0,0.482142857142857
Cycling_Bgc,Epi_Cycle,GSM6505133_DonorA,0.0,0.317180616740088,0.256743256743256
Cycling_Bgc,Epi_Cycle,GSM6505134_DonorB,0.577777777777777,0.300925925925925,0.138202247191011
Cycling_Bgc,Epi_Cycle,GSM6505135_DonorC,0.342424242424242,0.509259259259259,0.103313840155945
Cycling_Bgc,Epi_Cycle,GSM6506110_SP1,0.687218045112782,0.738317757009345,0.718832891246684
Cycling_Bgc,Epi_Cycle,GSM6506111_SP2,0.0,0.0,0.430722891566265
Cycling_Bgc,Epi_Cycle,GSM6506112_SP3,0.0,0.546666666666666,0.668965517241379
Cycling_Bgc,Epi_Cycle,GSM6506113_SP4,1.0,0.957894736842105,0.449579831932773
Cycling_Bgc,Epi_Cycle,GSM6506114_SP5,0.0,0.0,0.581699346405228
Cycling_Bgc,Epi_Cycle,GSM6506115_SP6,0.388888888888888,0.765306122448979,0.328804347826087
Cycling_Bgc,Epi_Cycle,GSM6506116_SP7,0.86472148541114,0.901689708141321,0.689725330620549
Cycling_Bgc,Epi_Cycle,GSM6506117_SP8,0.297385620915032,0.35,0.775456919060052
Cycling_Bgc,Epi_Cycle,GSM6833484_Patient1,0.436997319034852,0.67391304347826,0.107714701601164
Cycling_Bgc,Epi_Cycle,GSM6833485_Patient2,0.77,0.202247191011235,0.14555633310007
Cycling_Bgc,Epi_Cycle,GSM6833486_Patient3,0.484536082474226,1.0,0.188375350140056
Cycling_Bgc,Epi_Cycle,GSM6833487_Patient4,0.51082251082251,0.559652928416486,0.22065063649222
Cycling_Bgc,Epi_Cycle,GSM7019835_OCCR2v,0.696,0.732026143790849,0.662824207492795
Cycling_Bgc,Epi_Cycle,GSM7019836_OCCS3v,0.26595744680851,1.0,0.592592592592592
Cycling_Bgc,Epi_Cycle,GSM7058756,0.144578313253012,0.272321428571428,0.123348017621145
Cycling_Bgc,Epi_Cycle,GSM7058757,0.410748560460652,0.171270718232044,0.164125560538116
Cycling_Bgc,Epi_Cycle,GSM7058758,0.27906976744186,1.0,0.0844594594594594
Cycling_Bgc,Epi_Cycle,GSM7058759,0.751824817518248,0.0,0.0163098878695209
Cycling_Bgc,Epi_Cycle,GSM7090086_NextSeq2000,0.435413642960812,0.340579710144927,0.8671875
Cycling_Bgc,Epi_Cycle,GSM7090087_NextSeq2000,0.394957983193277,0.635714285714285,0.383863080684596
Cycling_Bgc,Epi_Cycle,GSM7090088_NextSeq2000,0.606060606060606,0.510204081632653,0.447619047619047
Cycling_Bgc,Epi_Cycle,GSM7211257_EHU-W3,0.330039525691699,0.408256880733944,0.352365415986949
Cycling_Bgc,Epi_Cycle,GSM7421790_PDAC_1,1.0,0.0,0.0640326975476839
Cycling_Bgc,Epi_Cycle,GSM7421791_PDAC_2,0.478873239436619,0.0,0.0
Cycling_Bgc,Epi_Cycle,GSM7421792_PDAC_3,0.733333333333333,0.0,0.194690265486725
Cycling_Bgc,Epi_Cycle,GSM7498811_SS1905133,0.0,0.132258064516129,0.0583824317086234
Cycling_Bgc,Epi_Cycle,GSM7498812_SS1923404,0.21875,0.454545454545454,0.189640768588137
Cycling_Bgc,Epi_Cycle,GSM7498813_SS1945070,0.0,0.0,0.079187105816398
Cycling_Bgc,Epi_Cycle,GSM7498814_SS1960050,0.0,0.666666666666666,0.049084249084249
Cycling_Bgc,Epi_Cycle,GSM7498815_SS2002154,0.0996376811594202,0.32183908045977,0.221396731054977
Cycling_Bgc,Epi_Cycle,GSM7498816_SS2005094,0.0,0.764705882352941,0.051877133105802
Cycling_Bgc,Epi_Cycle,GSM7498817_SS2021309,0.0,0.0,0.410299003322259
Cycling_Bgc,Epi_Cycle,GSM7757970_R1-S1,0.0867052023121387,0.479166666666666,0.449689440993788
Cycling_Bgc,Epi_Cycle,GSM7757973_R1-S4,0.52,0.454545454545454,0.221518987341772
Cycling_Bgc,Epi_Cycle,GSM7757975_R1-S6,0.833955223880597,0.977777777777777,0.223856209150326
Cycling_Bgc,Epi_Cycle,GSM7757976_R2-S1,0.438256658595641,0.346153846153846,0.461077844311377
Cycling_Bgc,Epi_Cycle,GSM7757977_R2-S2,0.839285714285714,0.436363636363636,0.262734584450402
Cycling_Bgc,Epi_Cycle,GSM7757979_R2-S4,0.412903225806451,1.0,0.658163265306122
Cycling_Bgc,Epi_Cycle,GSM7757980_R2-S5,1.0,0.389830508474576,0.448849104859335
Cycling_Bgc,Epi_Cycle,GSM7757983_R3-S3,0.0,0.128205128205128,0.399421128798842
Cycling_Bgc,Epi_Cycle,GSM7757984_R3-S4,0.639830508474576,0.503703703703703,0.317411402157164
Cycling_Bgc,Epi_Cycle,GSM7777522_C1,0.682634730538922,0.543859649122807,0.0
Cycling_Bgc,Epi_Cycle,GSM7850822_CHC20,0.666666666666666,0.0,0.521035598705501
Cycling_Bgc,Epi_Cycle,HCC1R,0.873873873873873,1.0,0.401869158878504
Cycling_Bgc,Epi_Cycle,HCC3R,0.826923076923076,1.0,0.592592592592592
Cycling_Bgc,Epi_Cycle,HCC4R,1.0,1.0,0.578020134228187
Cycling_Bgc,Epi_Cycle,HCC6NR,1.0,0.702702702702702,0.755862068965517
Cycling_Bgc,Epi_Cycle,HCC7NR,0.725308641975308,0.668650793650793,0.656976744186046
Cycling_Bgc,Epi_Cycle,HRA000437_HCC-1T,0.7953216374269,1.0,0.361881785283474
Cycling_Bgc,Epi_Cycle,HRA000437_HCC-2T,0.382228490832158,0.418636995827538,0.466372657111356
Cycling_Bgc,Epi_Cycle,HRA000437_HCC-3T,1.0,0.783171521035598,0.633291614518147
Cycling_Bgc,Epi_Cycle,HRA000437_HCC-4T,0.601769911504424,0.475806451612903,0.286407766990291
Cycling_Bgc,Epi_Cycle,Parent_Visium_Human_BreastCancer_201027,0.646666666666666,0.748908296943231,0.570319240724762
Cycling_Bgc,Epi_Cycle,Parent_Visium_Human_ColorectalCancer_201027,0.572881355932203,0.0,0.0175913396481732
Cycling_Bgc,Epi_Cycle,Parent_Visium_Human_OvarianCancer_201027,0.31,0.787061994609164,0.584967320261437
Cycling_Bgc,Epi_Cycle,S16_43398,0.37174721189591,0.700729927007299,0.106535947712418
Cycling_Bgc,Epi_Cycle,S20_47598,0.688212927756654,0.781132075471698,0.166785969935576
Cycling_Bgc,Epi_Cycle,S20_61122,0.369230769230769,0.4304932735426,0.261241970021413
Cycling_Bgc,Epi_Cycle,S20_63981,0.172727272727272,0.551219512195122,0.302557704304429
Cycling_Bgc,Epi_Cycle,S21_10267,0.0582781456953642,0.672413793103448,0.368
Cycling_Bgc,Epi_Cycle,SN048_A121573_Rep1,0.0759162303664921,0.0,0.0611439842209073
Cycling_Bgc,Epi_Cycle,SN048_A121573_Rep2,0.0611620795107033,0.402877697841726,0.105351170568561
Cycling_Bgc,Epi_Cycle,SN048_A416371_Rep1,0.228915662650602,0.0,0.0631929046563192
Cycling_Bgc,Epi_Cycle,SN048_A416371_Rep2,0.3125,0.0,0.0371134020618556
Cycling_Bgc,Epi_Cycle,SN123_A551763_Rep1,0.0,1.0,0.0855855855855855
Cycling_Bgc,Epi_Cycle,SN123_A595688_Rep1,0.622448979591836,0.436619718309859,0.290384615384615
Cycling_Bgc,Epi_Cycle,SN123_A938797_Rep1_X,0.0,0.268115942028985,0.254060324825986
Cycling_Bgc,Epi_Cycle,SN124_A551763_Rep2,,,0.0107991360691144
Cycling_Bgc,Epi_Cycle,SN124_A595688_Rep2,0.702290076335877,0.0,0.476470588235294
Cycling_Bgc,Epi_Cycle,SN124_A938797_Rep2,0.911764705882352,0.430379746835443,0.264604810996563
Cycling_Bgc,Epi_Cycle,SN84_A120838_Rep1,1.0,0.583333333333333,0.258278145695364
Cycling_Bgc,Epi_Cycle,SN84_A120838_Rep2,0.136792452830188,0.284210526315789,0.0455840455840455
Cycling_Bgc,Epi_Cycle,V10F24-015_A1,1.0,1.0,0.296132596685082
Cycling_Bgc,Epi_Cycle,V10F24-015_B1,0.894736842105263,0.422077922077922,0.452787258248009
Cycling_Bgc,Epi_Cycle,V10F24-015_C1,0.598214285714285,1.0,0.501329787234042
Cycling_Bgc,Epi_Cycle,V10F24-015_D1,0.0,1.0,0.696308724832214
Cycling_Bgc,Epi_Cycle,V11A20-405_C1,0.273942093541202,0.707865168539325,0.444444444444444
Cycling_Bgc,Epi_Cycle,V11A20-405_D1,0.548523206751054,0.569565217391304,0.343046357615894
Cycling_Bgc,Epi_Cycle,V11M22-349_C1,0.570224719101123,0.452674897119341,0.350129198966408
Cycling_Bgc,Epi_Cycle,V11M22-349_D1,1.0,0.524691358024691,0.176716917922948
Cycling_Bgc,Epi_Cycle,V1_Breast_Cancer_Block_A_Section_2_200623,0.513698630136986,0.683720930232558,0.483717235901509
Cycling_Bgc,Epi_Cycle,V1_Human_Invasive_Ductal_Carcinoma_210511,0.602150537634408,0.71875,0.570696721311475
Cycling_Bgc,Epi_Cycle,Visium_FFPE_Human_Intestinal_Cancer_220329,0.4,0.298136645962732,0.0868113522537562
Cycling_Bgc,Epi_Cycle,Visium_FFPE_Human_Ovarian_Cancer_220329,0.375634517766497,0.30886075949367,0.166064981949458
Cycling_Bgc,Epi_Cycle,Visium_FFPE_Human_Prostate_Acinar_Cell_Carcinoma_211009,0.0992907801418439,0.395348837209302,0.121637426900584
Cycling_Bgc,Epi_Cycle,Visium_FFPE_Human_Prostate_Cancer_210609,0.391891891891891,0.344660194174757,0.277716794731064
Cycling_Bgc,Epi_Cycle,Visium_FFPE_Human_Prostate_IF_220713,1.0,0.862068965517241,0.261463414634146
Cycling_Bgc,Epi_Cycle,Visium_Human_Breast_Cancer_220702,0.908045977011494,0.60958904109589,0.628019323671497
Cycling_Bgc,Epi_Cycle,WSSKNKCLsp12140270,1.0,0.869565217391304,0.739910313901345
Cycling_Bgc,Epi_Cycle,WSSKNKCLsp12140271,0.008695652173913,0.766666666666666,0.189573459715639
Cycling_Bgc,Epi_Cycle,WSSKNKCLsp12140272,1.0,0.42,0.34061135371179
Cycling_Bgc,Epi_Cycle,WSSKNKCLsp12140273,0.0,0.0,0.42829457364341
Cycling_Bgc,Epi_Cycle,WSSKNKCLsp12887267,1.0,0.0,0.260975609756097
Cycling_Bgc,Epi_Cycle,WSSKNKCLsp12887268,1.0,0.0,0.506265664160401
Cycling_Bgc,Epi_Cycle,WSSKNKCLsp12887269,1.0,1.0,0.366013071895424
Cycling_Bgc,Epi_Cycle,WSSKNKCLsp12887270,,0.0,0.34090909090909
Cycling_Bgc,Epi_Cycle,Zenodo10119273_Tumor2,0.47945205479452,0.857142857142857,0.216404886561954
Cycling_Bgc,Epi_Cycle,scCRLM_Atlas_ST-colon1,0.441988950276243,0.3,0.190402476780185
Cycling_Bgc,Epi_Cycle,scCRLM_Atlas_ST-colon2,0.0,0.989583333333333,0.071608040201005
Cycling_Bgc,Epi_Cycle,scCRLM_Atlas_ST-colon3,0.759615384615384,0.933333333333333,0.104467805519053
Cycling_Bgc,Epi_Cycle,scCRLM_Atlas_ST-colon4,0.401442307692307,0.31159420289855,0.124777183600713
Cycling_Bgc,CD8_Cycling_Tex,01_034_C1d1,0.0,1.0,0.252559726962457
Cycling_Bgc,CD8_Cycling_Tex,01_034_C3d1,0.365671641791044,0.543478260869565,0.53125
Cycling_Bgc,CD8_Cycling_Tex,01_039_C1d1,0.387323943661971,0.948717948717948,0.360902255639097
Cycling_Bgc,CD8_Cycling_Tex,01_039_C3d1,0.711864406779661,0.763888888888888,0.262337662337662
Cycling_Bgc,CD8_Cycling_Tex,1142243F,1.0,0.826291079812206,0.135376756066411
Cycling_Bgc,CD8_Cycling_Tex,A_955_OvarianTumor,0.330985915492957,0.758333333333333,0.529130850047755
Cycling_Bgc,CD8_Cycling_Tex,A_GTFB1154_OvarianCancerTumor,0.0,0.7008547008547,0.406113537117903
Cycling_Bgc,CD8_Cycling_Tex,Ajou_Visium_P1,0.776595744680851,0.772455089820359,0.554826616682286
Cycling_Bgc,CD8_Cycling_Tex,Ajou_Visium_P2,0.555335968379446,0.916129032258064,0.300067430883344
Cycling_Bgc,CD8_Cycling_Tex,Ajou_Visium_P3,,,0.477947794779477
Cycling_Bgc,CD8_Cycling_Tex,Ajou_Visium_P4,0.688356164383561,0.358851674641148,0.621346886912325
Cycling_Bgc,CD8_Cycling_Tex,B_GTFB1191_OvarianCancerTumor,0.48237885462555,0.378504672897196,0.424657534246575
Cycling_Bgc,CD8_Cycling_Tex,CID4290,0.453947368421052,0.387878787878787,0.204928664072632
Cycling_Bgc,CD8_Cycling_Tex,CID4465,1.0,0.510309278350515,0.551401869158878
Cycling_Bgc,CD8_Cycling_Tex,C_GTFB1170_SmallCellOvarianCancer,0.0,0.452173913043478,0.412358133669609
Cycling_Bgc,CD8_Cycling_Tex,Colon_10x_Visium_SampleP2_CRC,0.376993166287015,0.84297520661157,0.438311688311688
Cycling_Bgc,CD8_Cycling_Tex,CytAssist_11mm_FFPE_Human_Lung_Cancer_230214,0.415370539798719,0.700598802395209,0.394429469901168
Cycling_Bgc,CD8_Cycling_Tex,CytAssist_11mm_FFPE_Human_Ovarian_Carcinoma_220715,0.306451612903225,0.669565217391304,0.0755939524838013
Cycling_Bgc,CD8_Cycling_Tex,CytAssist_FFPE_Human_Lung_Squamous_Cell_Carcinoma_220714,0.452483801295896,0.695378151260504,0.433447098976109
Cycling_Bgc,CD8_Cycling_Tex,D_GTFB1170_SmallCellOvarianCancer,0.363636363636363,1.0,0.290155440414507
Cycling_Bgc,CD8_Cycling_Tex,D_GTFB_1230_OvarianTumor,0.0,0.256410256410256,0.276306370794559
Cycling_Bgc,CD8_Cycling_Tex,E_MTAB_13530_P10_T1,0.765079365079365,0.948,0.476767676767676
Cycling_Bgc,CD8_Cycling_Tex,E_MTAB_13530_P10_T2,0.8,0.969543147208121,0.440963855421686
Cycling_Bgc,CD8_Cycling_Tex,E_MTAB_13530_P10_T3,0.964788732394366,0.0,0.372191011235955
Cycling_Bgc,CD8_Cycling_Tex,E_MTAB_13530_P10_T4,0.436548223350253,0.861702127659574,0.534031413612565
Cycling_Bgc,CD8_Cycling_Tex,E_MTAB_13530_P11_T1,0.466666666666666,0.391304347826087,0.44141689373297
Cycling_Bgc,CD8_Cycling_Tex,E_MTAB_13530_P11_T2,1.0,0.651162790697674,0.551136363636363
Cycling_Bgc,CD8_Cycling_Tex,E_MTAB_13530_P11_T3,0.0,1.0,0.528776978417266
Cycling_Bgc,CD8_Cycling_Tex,E_MTAB_13530_P11_T4,1.0,1.0,0.550580431177446
Cycling_Bgc,CD8_Cycling_Tex,E_MTAB_13530_P15_T1,0.562753036437247,0.673184357541899,0.485678704856787
Cycling_Bgc,CD8_Cycling_Tex,E_MTAB_13530_P15_T2,0.602678571428571,0.378378378378378,0.42914979757085
Cycling_Bgc,CD8_Cycling_Tex,E_MTAB_13530_P16_T1,0.389189189189189,0.526785714285714,0.483245149911816
Cycling_Bgc,CD8_Cycling_Tex,E_MTAB_13530_P16_T2,0.0,0.478723404255319,0.336585365853658
Cycling_Bgc,CD8_Cycling_Tex,E_MTAB_13530_P17_T1,0.880710659898477,0.735555555555555,0.310169491525423
Cycling_Bgc,CD8_Cycling_Tex,E_MTAB_13530_P17_T2,0.595402298850574,0.592082616179001,0.33879781420765
Cycling_Bgc,CD8_Cycling_Tex,E_MTAB_13530_P19_T1,0.80718954248366,0.746701846965699,0.662162162162162
Cycling_Bgc,CD8_Cycling_Tex,E_MTAB_13530_P19_T2,0.68411214953271,0.662198391420911,0.824524312896405
Cycling_Bgc,CD8_Cycling_Tex,E_MTAB_13530_P24_T1,0.381443298969072,0.0,0.263915547024952
Cycling_Bgc,CD8_Cycling_Tex,E_MTAB_13530_P24_T2,0.323529411764705,0.678733031674208,0.33265097236438
Cycling_Bgc,CD8_Cycling_Tex,E_MTAB_13530_P25_T1,0.259259259259259,0.694656488549618,0.532293986636971
Cycling_Bgc,CD8_Cycling_Tex,E_MTAB_13530_P25_T2,0.490566037735849,0.552238805970149,0.2925
Cycling_Bgc,CD8_Cycling_Tex,GSE144239_GSM4565823,0.877551020408163,1.0,0.567324955116696
Cycling_Bgc,CD8_Cycling_Tex,GSE144239_GSM4565824,0.0,,0.143283582089552
Cycling_Bgc,CD8_Cycling_Tex,GSE144239_GSM4565825,0.891647855530474,0.691542288557213,0.1
Cycling_Bgc,CD8_Cycling_Tex,GSE144239_GSM4565826,0.0,0.0,0.254768392370572
Cycling_Bgc,CD8_Cycling_Tex,GSE251950_20_00331_LI_SING,0.44216691068814,0.5125,0.116591928251121
Cycling_Bgc,CD8_Cycling_Tex,GSE251950_21_00731_LI_SING,0.297560975609756,0.69,0.222222222222222
Cycling_Bgc,CD8_Cycling_Tex,GSE251950_21_00732_LI_SING,0.176744186046511,0.80188679245283,0.136363636363636
Cycling_Bgc,CD8_Cycling_Tex,GSE251950_21_00733_LI_SING,0.0,0.267605633802816,0.115384615384615
Cycling_Bgc,CD8_Cycling_Tex,GSE251950_21_00734_LI_SING,0.250539956803455,0.478527607361963,0.164261931187569
Cycling_Bgc,CD8_Cycling_Tex,GSE251950_21_01251_LI_SING,0.0792349726775956,0.193277310924369,0.507062146892655
Cycling_Bgc,CD8_Cycling_Tex,GSE251950_21_01253_LI_SING,0.416,0.504065040650406,0.156893819334389
Cycling_Bgc,CD8_Cycling_Tex,GSE251950_21_01254_LI_SING,0.573248407643312,0.680365296803653,0.221649484536082
Cycling_Bgc,CD8_Cycling_Tex,GSE251950_21_01675_LI_SING,0.601449275362318,0.326848249027237,0.449144008056394
Cycling_Bgc,CD8_Cycling_Tex,GSM5494475_HNSCC201125T04,1.0,0.0,0.440972222222222
Cycling_Bgc,CD8_Cycling_Tex,GSM5494476_HNSCC201125T05,0.294520547945205,0.916666666666666,0.742243436754176
Cycling_Bgc,CD8_Cycling_Tex,GSM5494477_HNSCC201125T07,0.0,0.0,0.32
Cycling_Bgc,CD8_Cycling_Tex,GSM5494478_HNSCC201125T10,0.0,0.0092592592592592,0.225352112676056
Cycling_Bgc,CD8_Cycling_Tex,GSM5494479_P210325T1,,1.0,0.433712121212121
Cycling_Bgc,CD8_Cycling_Tex,GSM5494480_P210325T3,1.0,0.866666666666666,0.457858769931662
Cycling_Bgc,CD8_Cycling_Tex,GSM5494481_P210325T5,0.0,1.0,0.604545454545454
Cycling_Bgc,CD8_Cycling_Tex,GSM5494482_P210325T6,0.0,0.0,0.330128205128205
Cycling_Bgc,CD8_Cycling_Tex,GSM5924030_ffpe_c_2,0.846666666666666,0.595348837209302,0.293363499245852
Cycling_Bgc,CD8_Cycling_Tex,GSM5924031_ffpe_c_3,0.610837438423645,0.741839762611275,0.428571428571428
Cycling_Bgc,CD8_Cycling_Tex,GSM5924032_ffpe_c_4,0.637820512820512,0.7,0.739659367396593
Cycling_Bgc,CD8_Cycling_Tex,GSM5924033_ffpe_c_7,0.680683311432325,0.653198653198653,0.442263279445727
Cycling_Bgc,CD8_Cycling_Tex,GSM5924034_ffpe_c_10,0.4126213592233,0.84,0.49812382739212
Cycling_Bgc,CD8_Cycling_Tex,GSM5924035_ffpe_c_20,0.74669603524229,0.663934426229508,0.445155393053016
Cycling_Bgc,CD8_Cycling_Tex,GSM5924036_ffpe_c_21,0.565749235474006,0.895061728395061,0.388719512195121
Cycling_Bgc,CD8_Cycling_Tex,GSM5924037_ffpe_c_34,0.38479809976247,1.0,0.533799533799533
Cycling_Bgc,CD8_Cycling_Tex,GSM5924038_ffpe_c_36,0.58080808080808,0.982300884955752,0.452591656131479
Cycling_Bgc,CD8_Cycling_Tex,GSM5924039_ffpe_c_39,0.553571428571428,0.908616187989556,0.727979274611399
Cycling_Bgc,CD8_Cycling_Tex,GSM5924040_ffpe_c_45,0.561717352415026,0.638655462184873,0.788804071246819
Cycling_Bgc,CD8_Cycling_Tex,GSM5924041_ffpe_c_51,0.517857142857142,0.441860465116279,0.612395929694727
Cycling_Bgc,CD8_Cycling_Tex,GSM5924042_frozen_a_1,0.590604026845637,0.923076923076923,0.311804008908686
Cycling_Bgc,CD8_Cycling_Tex,GSM5924043_frozen_a_3,0.446194225721784,0.0,0.217665615141955
Cycling_Bgc,CD8_Cycling_Tex,GSM5924044_frozen_a_15,0.272123893805309,0.53072625698324,0.611627906976744
Cycling_Bgc,CD8_Cycling_Tex,GSM5924045_frozen_a_17,0.0,1.0,0.475814412635735
Cycling_Bgc,CD8_Cycling_Tex,GSM5924046_frozen_b_1,0.0,0.455696202531645,0.241379310344827
Cycling_Bgc,CD8_Cycling_Tex,GSM5924048_frozen_b_13,0.764227642276422,0.431372549019607,0.486641221374045
Cycling_Bgc,CD8_Cycling_Tex,GSM5924049_frozen_b_18,0.534722222222222,0.62,0.310572687224669
Cycling_Bgc,CD8_Cycling_Tex,GSM5924050_frozen_c_2,0.570093457943925,1.0,0.170263788968824
Cycling_Bgc,CD8_Cycling_Tex,GSM5924051_frozen_c_5,1.0,0.577777777777777,0.617594254937163
Cycling_Bgc,CD8_Cycling_Tex,GSM5924052_frozen_c_23,0.259818731117824,0.611650485436893,0.505226480836236
Cycling_Bgc,CD8_Cycling_Tex,GSM5924053_frozen_c_57,,0.828571428571428,0.57258064516129
Cycling_Bgc,CD8_Cycling_Tex,GSM6030901_patient_1,0.366336633663366,0.432624113475177,0.376053962900505
Cycling_Bgc,CD8_Cycling_Tex,GSM6030902_patient_2,0.0,1.0,0.588582677165354
Cycling_Bgc,CD8_Cycling_Tex,GSM6177607_NYU_GIST1_Vis,0.0,0.468503937007874,0.402862985685071
Cycling_Bgc,CD8_Cycling_Tex,GSM6177609_NYU_GIST2_Vis,,,0.321559074299634
Cycling_Bgc,CD8_Cycling_Tex,GSM6177612_NYU_LIHC1_Vis,1.0,0.208333333333333,0.46
Cycling_Bgc,CD8_Cycling_Tex,GSM6177614_NYU_OVCA1_Vis,0.653225806451612,0.675949367088607,0.381852551984877
Cycling_Bgc,CD8_Cycling_Tex,GSM6177617_NYU_OVCA3_Vis,0.421052631578947,0.372881355932203,0.308793456032719
Cycling_Bgc,CD8_Cycling_Tex,GSM6177618_NYU_PDAC1_Vis,1.0,0.322957198443579,0.35645472061657
Cycling_Bgc,CD8_Cycling_Tex,GSM6177623_NYU_UCEC3_Vis,0.553633217993079,0.655172413793103,0.0755102040816326
Cycling_Bgc,CD8_Cycling_Tex,GSM6339631_s1,1.0,1.0,0.25562372188139
Cycling_Bgc,CD8_Cycling_Tex,GSM6339632_s2,0.361010830324909,0.795620437956204,0.618131868131868
Cycling_Bgc,CD8_Cycling_Tex,GSM6339633_s3,0.537777777777777,1.0,0.78125
Cycling_Bgc,CD8_Cycling_Tex,GSM6339634_s4,0.0,0.0,0.277278562259306
Cycling_Bgc,CD8_Cycling_Tex,GSM6339635_s5,0.0,0.691489361702127,0.214128035320088
Cycling_Bgc,CD8_Cycling_Tex,GSM6339636_s6,1.0,1.0,0.207472959685349
Cycling_Bgc,CD8_Cycling_Tex,GSM6339637_s7,,,0.218268090154211
Cycling_Bgc,CD8_Cycling_Tex,GSM6339638_s8,,0.0,0.106837606837606
Cycling_Bgc,CD8_Cycling_Tex,GSM6339639_s9,,0.0,0.348578491965389
Cycling_Bgc,CD8_Cycling_Tex,GSM6339640_s10,1.0,0.379746835443038,0.475830815709969
Cycling_Bgc,CD8_Cycling_Tex,GSM6339641_s11,0.0,0.276190476190476,0.207430340557275
Cycling_Bgc,CD8_Cycling_Tex,GSM6339642_s12,0.421052631578947,1.0,0.278617710583153
Cycling_Bgc,CD8_Cycling_Tex,GSM6433585_092A,0.293650793650793,0.5,0.136363636363636
Cycling_Bgc,CD8_Cycling_Tex,GSM6433589_093C,0.578088578088578,0.665671641791044,0.411602209944751
Cycling_Bgc,CD8_Cycling_Tex,GSM6433591_094A,,1.0,0.19345238095238
Cycling_Bgc,CD8_Cycling_Tex,GSM6433594_094D,0.0,0.839285714285714,0.174840085287846
Cycling_Bgc,CD8_Cycling_Tex,GSM6433600_117E,0.593959731543624,0.0,1.0
Cycling_Bgc,CD8_Cycling_Tex,GSM6433603_118D,1.0,0.0,0.316479400749063
Cycling_Bgc,CD8_Cycling_Tex,GSM6433605_119B,1.0,0.0,0.147909967845659
Cycling_Bgc,CD8_Cycling_Tex,GSM6433610_120C,0.200626959247648,0.349514563106796,0.188679245283018
Cycling_Bgc,CD8_Cycling_Tex,GSM6433611_120D,0.422018348623853,0.469135802469135,0.451219512195121
Cycling_Bgc,CD8_Cycling_Tex,GSM6433612_120E,,1.0,0.351851851851851
Cycling_Bgc,CD8_Cycling_Tex,GSM6433615_395C,0.419642857142857,0.0,0.161512027491408
Cycling_Bgc,CD8_Cycling_Tex,GSM6433620_397A,1.0,1.0,0.542857142857142
Cycling_Bgc,CD8_Cycling_Tex,GSM6433621_397B,0.896825396825396,0.0,0.127659574468085
Cycling_Bgc,CD8_Cycling_Tex,GSM6505133_DonorA,0.0,0.340101522842639,0.334857142857142
Cycling_Bgc,CD8_Cycling_Tex,GSM6505134_DonorB,0.494897959183673,0.463855421686747,0.27906976744186
Cycling_Bgc,CD8_Cycling_Tex,GSM6505135_DonorC,0.532163742690058,0.553956834532374,0.137614678899082
Cycling_Bgc,CD8_Cycling_Tex,GSM6506110_SP1,0.206434316353887,0.223333333333333,0.5
Cycling_Bgc,CD8_Cycling_Tex,GSM6506111_SP2,0.0,0.0,0.0964028776978417
Cycling_Bgc,CD8_Cycling_Tex,GSM6506112_SP3,0.0,0.0,0.292436974789916
Cycling_Bgc,CD8_Cycling_Tex,GSM6506113_SP4,0.637305699481865,0.90721649484536,0.275656324582338
Cycling_Bgc,CD8_Cycling_Tex,GSM6506114_SP5,0.0,0.0,0.133757961783439
Cycling_Bgc,CD8_Cycling_Tex,GSM6506115_SP6,0.611111111111111,0.188524590163934,0.153013910355486
Cycling_Bgc,CD8_Cycling_Tex,GSM6506116_SP7,0.634090909090909,0.395077720207253,0.401408450704225
Cycling_Bgc,CD8_Cycling_Tex,GSM6506117_SP8,0.65032679738562,0.433962264150943,0.414553472987872
Cycling_Bgc,CD8_Cycling_Tex,GSM6833484_Patient1,0.31544502617801,0.412322274881516,0.525730180806675
Cycling_Bgc,CD8_Cycling_Tex,GSM6833485_Patient2,0.267515923566879,0.307262569832402,0.209790209790209
Cycling_Bgc,CD8_Cycling_Tex,GSM6833486_Patient3,0.0,1.0,0.207707380796864
Cycling_Bgc,CD8_Cycling_Tex,GSM6833487_Patient4,0.478740157480314,0.683257918552036,0.482817869415807
Cycling_Bgc,CD8_Cycling_Tex,GSM7019835_OCCR2v,0.181818181818181,0.388157894736842,0.192214111922141
Cycling_Bgc,CD8_Cycling_Tex,GSM7019836_OCCS3v,1.0,0.5,0.424836601307189
Cycling_Bgc,CD8_Cycling_Tex,GSM7058756,0.120315581854043,0.634020618556701,0.534883720930232
Cycling_Bgc,CD8_Cycling_Tex,GSM7058757,0.43019943019943,0.722222222222222,0.640854472630173
Cycling_Bgc,CD8_Cycling_Tex,GSM7058758,0.304878048780487,0.9375,0.655443322109988
Cycling_Bgc,CD8_Cycling_Tex,GSM7058759,1.0,0.744444444444444,0.334498834498834
Cycling_Bgc,CD8_Cycling_Tex,GSM7090086_NextSeq2000,0.436426116838488,1.0,0.51875
Cycling_Bgc,CD8_Cycling_Tex,GSM7090087_NextSeq2000,1.0,0.74820143884892,0.350923482849604
Cycling_Bgc,CD8_Cycling_Tex,GSM7090088_NextSeq2000,1.0,0.4375,0.145833333333333
Cycling_Bgc,CD8_Cycling_Tex,GSM7211257_EHU-W3,0.380776340110905,0.77327935222672,0.408595641646489
Cycling_Bgc,CD8_Cycling_Tex,GSM7421790_PDAC_1,1.0,0.0,0.411290322580645
Cycling_Bgc,CD8_Cycling_Tex,GSM7421791_PDAC_2,0.447368421052631,0.0,0.288702928870292
Cycling_Bgc,CD8_Cycling_Tex,GSM7421792_PDAC_3,0.733333333333333,0.0,0.0590277777777777
Cycling_Bgc,CD8_Cycling_Tex,GSM7498811_SS1905133,1.0,0.485401459854014,0.313863476425052
Cycling_Bgc,CD8_Cycling_Tex,GSM7498812_SS1923404,0.823529411764705,0.0,0.289628180039138
Cycling_Bgc,CD8_Cycling_Tex,GSM7498813_SS1945070,0.0,0.0,0.172872340425531
Cycling_Bgc,CD8_Cycling_Tex,GSM7498814_SS1960050,1.0,0.387931034482758,0.266792809839167
Cycling_Bgc,CD8_Cycling_Tex,GSM7498815_SS2002154,0.413934426229508,0.194444444444444,0.206521739130434
Cycling_Bgc,CD8_Cycling_Tex,GSM7498816_SS2005094,0.198412698412698,0.408602150537634,0.0709413369713506
Cycling_Bgc,CD8_Cycling_Tex,GSM7498817_SS2021309,0.0,0.23076923076923,0.180599369085173
Cycling_Bgc,CD8_Cycling_Tex,GSM7757970_R1-S1,0.596153846153846,0.0,0.282451923076923
Cycling_Bgc,CD8_Cycling_Tex,GSM7757973_R1-S4,0.448877805486284,0.560747663551401,0.392550143266475
Cycling_Bgc,CD8_Cycling_Tex,GSM7757975_R1-S6,0.552727272727272,0.588888888888888,0.13593539703903
Cycling_Bgc,CD8_Cycling_Tex,GSM7757976_R2-S1,0.354838709677419,0.231481481481481,0.104454685099846
Cycling_Bgc,CD8_Cycling_Tex,GSM7757977_R2-S2,0.31638418079096,0.288372093023255,0.481296758104738
Cycling_Bgc,CD8_Cycling_Tex,GSM7757979_R2-S4,0.366197183098591,1.0,0.229268292682926
Cycling_Bgc,CD8_Cycling_Tex,GSM7757980_R2-S5,0.251798561151079,1.0,0.440147329650092
Cycling_Bgc,CD8_Cycling_Tex,GSM7757983_R3-S3,0.0,0.0,0.0569280343716433
Cycling_Bgc,CD8_Cycling_Tex,GSM7757984_R3-S4,0.315040650406504,0.550480769230769,0.488262910798122
Cycling_Bgc,CD8_Cycling_Tex,GSM7777522_C1,0.204946996466431,0.0,0.6
Cycling_Bgc,CD8_Cycling_Tex,GSM7850822_CHC20,0.6796875,0.617647058823529,0.182407407407407
Cycling_Bgc,CD8_Cycling_Tex,HCC1R,0.618296529968454,0.0,0.43247344461305
Cycling_Bgc,CD8_Cycling_Tex,HCC3R,0.788018433179723,1.0,0.611528822055137
Cycling_Bgc,CD8_Cycling_Tex,HCC4R,0.751111111111111,0.543046357615894,0.146781789638932
Cycling_Bgc,CD8_Cycling_Tex,HCC6NR,1.0,0.664359861591695,0.42641129032258
Cycling_Bgc,CD8_Cycling_Tex,HCC7NR,0.673352435530086,0.346811819595645,1.0
Cycling_Bgc,CD8_Cycling_Tex,HRA000437_HCC-1T,0.273333333333333,1.0,0.284493284493284
Cycling_Bgc,CD8_Cycling_Tex,HRA000437_HCC-2T,0.328915662650602,0.472772277227722,0.439729990356798
Cycling_Bgc,CD8_Cycling_Tex,HRA000437_HCC-3T,1.0,0.54516129032258,0.441291585127201
Cycling_Bgc,CD8_Cycling_Tex,HRA000437_HCC-4T,0.552147239263803,0.142857142857142,0.2796992481203
Cycling_Bgc,CD8_Cycling_Tex,Parent_Visium_Human_BreastCancer_201027,0.513513513513513,0.526077097505668,0.449727201870615
Cycling_Bgc,CD8_Cycling_Tex,Parent_Visium_Human_ColorectalCancer_201027,0.846560846560846,0.0930232558139534,0.535714285714285
Cycling_Bgc,CD8_Cycling_Tex,Parent_Visium_Human_OvarianCancer_201027,0.203438395415472,0.451754385964912,0.0464396284829721
Cycling_Bgc,CD8_Cycling_Tex,S16_43398,0.86734693877551,1.0,0.579310344827586
Cycling_Bgc,CD8_Cycling_Tex,S20_47598,0.433846153846153,0.528735632183908,0.488810365135453
Cycling_Bgc,CD8_Cycling_Tex,S20_61122,0.831223628691983,0.994845360824742,0.682974559686888
Cycling_Bgc,CD8_Cycling_Tex,S20_63981,0.468,0.8,0.562125748502994
Cycling_Bgc,CD8_Cycling_Tex,S21_10267,0.567567567567567,0.607329842931937,0.5953216374269
Cycling_Bgc,CD8_Cycling_Tex,SN048_A121573_Rep1,0.741433021806853,0.732558139534883,0.695890410958904
Cycling_Bgc,CD8_Cycling_Tex,SN048_A121573_Rep2,1.0,0.805084745762711,0.524350649350649
Cycling_Bgc,CD8_Cycling_Tex,SN048_A416371_Rep1,0.990950226244344,0.0,0.636215334420881
Cycling_Bgc,CD8_Cycling_Tex,SN048_A416371_Rep2,1.0,0.0,0.355421686746987
Cycling_Bgc,CD8_Cycling_Tex,SN123_A551763_Rep1,1.0,1.0,0.224358974358974
Cycling_Bgc,CD8_Cycling_Tex,SN123_A595688_Rep1,0.870748299319727,0.7,0.456876456876456
Cycling_Bgc,CD8_Cycling_Tex,SN123_A938797_Rep1_X,0.0,1.0,0.728882833787466
Cycling_Bgc,CD8_Cycling_Tex,SN124_A551763_Rep2,,,0.316901408450704
Cycling_Bgc,CD8_Cycling_Tex,SN124_A595688_Rep2,1.0,1.0,0.0
Cycling_Bgc,CD8_Cycling_Tex,SN124_A938797_Rep2,0.519607843137254,0.482142857142857,0.695721077654516
Cycling_Bgc,CD8_Cycling_Tex,SN84_A120838_Rep1,1.0,1.0,0.846846846846846
Cycling_Bgc,CD8_Cycling_Tex,SN84_A120838_Rep2,0.598837209302325,0.937984496124031,0.45125348189415
Cycling_Bgc,CD8_Cycling_Tex,V10F24-015_A1,0.0,0.0,0.215935334872979
Cycling_Bgc,CD8_Cycling_Tex,V10F24-015_B1,0.21081081081081,0.193548387096774,0.376008064516129
Cycling_Bgc,CD8_Cycling_Tex,V10F24-015_C1,0.138181818181818,0.410404624277456,0.294697903822441
Cycling_Bgc,CD8_Cycling_Tex,V10F24-015_D1,0.0,1.0,0.180836707152496
Cycling_Bgc,CD8_Cycling_Tex,V11A20-405_C1,0.240196078431372,0.866666666666666,0.135294117647058
Cycling_Bgc,CD8_Cycling_Tex,V11A20-405_D1,0.334042553191489,0.69298245614035,0.239514348785871
Cycling_Bgc,CD8_Cycling_Tex,V11M22-349_C1,0.308441558441558,0.873737373737373,0.362989323843416
Cycling_Bgc,CD8_Cycling_Tex,V11M22-349_D1,1.0,0.754601226993865,0.326596604688763
Cycling_Bgc,CD8_Cycling_Tex,V1_Breast_Cancer_Block_A_Section_2_200623,0.0,0.25943396226415,0.161073825503355
Cycling_Bgc,CD8_Cycling_Tex,V1_Human_Invasive_Ductal_Carcinoma_210511,0.0,0.212121212121212,0.0641210374639769
Cycling_Bgc,CD8_Cycling_Tex,Visium_FFPE_Human_Intestinal_Cancer_220329,0.556776556776556,0.784256559766763,0.426315789473684
Cycling_Bgc,CD8_Cycling_Tex,Visium_FFPE_Human_Ovarian_Cancer_220329,0.433931484502447,0.308068459657701,0.355339805825242
Cycling_Bgc,CD8_Cycling_Tex,Visium_FFPE_Human_Prostate_Acinar_Cell_Carcinoma_211009,0.268722466960352,1.0,0.450625869262865
Cycling_Bgc,CD8_Cycling_Tex,Visium_FFPE_Human_Prostate_Cancer_210609,0.52772808586762,0.958041958041958,0.464646464646464
Cycling_Bgc,CD8_Cycling_Tex,Visium_FFPE_Human_Prostate_IF_220713,0.385714285714285,0.452380952380952,0.527777777777777
Cycling_Bgc,CD8_Cycling_Tex,Visium_Human_Breast_Cancer_220702,0.91796875,0.391891891891891,0.108726752503576
Cycling_Bgc,CD8_Cycling_Tex,WSSKNKCLsp12140270,1.0,0.869565217391304,0.267741935483871
Cycling_Bgc,CD8_Cycling_Tex,WSSKNKCLsp12140271,0.024390243902439,0.556603773584905,0.0362903225806451
Cycling_Bgc,CD8_Cycling_Tex,WSSKNKCLsp12140272,0.0,0.362068965517241,0.0612516644474034
Cycling_Bgc,CD8_Cycling_Tex,WSSKNKCLsp12140273,0.0,0.0,0.30410447761194
Cycling_Bgc,CD8_Cycling_Tex,WSSKNKCLsp12887267,1.0,0.807692307692307,0.113438045375218
Cycling_Bgc,CD8_Cycling_Tex,WSSKNKCLsp12887268,1.0,0.0,0.241830065359477
Cycling_Bgc,CD8_Cycling_Tex,WSSKNKCLsp12887269,1.0,0.0,0.102719033232628
Cycling_Bgc,CD8_Cycling_Tex,WSSKNKCLsp12887270,,0.0,0.0911458333333333
Cycling_Bgc,CD8_Cycling_Tex,Zenodo10119273_Tumor2,0.404109589041095,0.214876033057851,0.739043824701195
Cycling_Bgc,CD8_Cycling_Tex,scCRLM_Atlas_ST-colon1,0.266932270916334,0.341666666666666,0.602022058823529
Cycling_Bgc,CD8_Cycling_Tex,scCRLM_Atlas_ST-colon2,0.0,0.59375,0.566907775768535
Cycling_Bgc,CD8_Cycling_Tex,scCRLM_Atlas_ST-colon3,1.0,0.933333333333333,0.550625711035267
Cycling_Bgc,CD8_Cycling_Tex,scCRLM_Atlas_ST-colon4,0.562005277044854,0.904761904761904,0.366310160427807
Cycling_Bgc,CD4_Cycling_Treg,01_034_C1d1,0.0,0.0,0.0
Cycling_Bgc,CD4_Cycling_Treg,01_034_C3d1,0.476014760147601,0.543478260869565,0.53125
Cycling_Bgc,CD4_Cycling_Treg,01_039_C1d1,0.387323943661971,0.945945945945946,0.377672209026128
Cycling_Bgc,CD4_Cycling_Treg,01_039_C3d1,0.688679245283018,0.44927536231884,0.299533799533799
Cycling_Bgc,CD4_Cycling_Treg,1142243F,1.0,0.827906976744186,0.127900059488399
Cycling_Bgc,CD4_Cycling_Treg,A_955_OvarianTumor,0.274647887323943,0.7875,0.438144329896907
Cycling_Bgc,CD4_Cycling_Treg,A_GTFB1154_OvarianCancerTumor,0.0,0.462184873949579,0.483271375464684
Cycling_Bgc,CD4_Cycling_Treg,Ajou_Visium_P1,0.780918727915194,0.803571428571428,0.419266055045871
Cycling_Bgc,CD4_Cycling_Treg,Ajou_Visium_P2,0.50943396226415,0.833333333333333,0.173661360347322
Cycling_Bgc,CD4_Cycling_Treg,Ajou_Visium_P3,,,0.381337252020573
Cycling_Bgc,CD4_Cycling_Treg,Ajou_Visium_P4,0.504155124653739,0.3248730964467,0.45336481700118
Cycling_Bgc,CD4_Cycling_Treg,B_GTFB1191_OvarianCancerTumor,0.366197183098591,0.585106382978723,0.405339805825242
Cycling_Bgc,CD4_Cycling_Treg,CID4290,0.453947368421052,0.387878787878787,0.17249154453213
Cycling_Bgc,CD4_Cycling_Treg,CID4465,1.0,0.494623655913978,0.555555555555555
Cycling_Bgc,CD4_Cycling_Treg,C_GTFB1170_SmallCellOvarianCancer,0.42,0.48695652173913,0.416141235813367
Cycling_Bgc,CD4_Cycling_Treg,Colon_10x_Visium_SampleP2_CRC,0.280346820809248,0.654618473895582,0.269794721407624
Cycling_Bgc,CD4_Cycling_Treg,CytAssist_11mm_FFPE_Human_Lung_Cancer_230214,0.278730703259005,0.576107899807321,0.479465138490926
Cycling_Bgc,CD4_Cycling_Treg,CytAssist_11mm_FFPE_Human_Ovarian_Carcinoma_220715,0.308510638297872,0.669565217391304,0.104755341144038
Cycling_Bgc,CD4_Cycling_Treg,CytAssist_FFPE_Human_Lung_Squamous_Cell_Carcinoma_220714,0.438202247191011,0.644490644490644,0.378930817610062
Cycling_Bgc,CD4_Cycling_Treg,D_GTFB1170_SmallCellOvarianCancer,0.234285714285714,1.0,0.310866574965612
Cycling_Bgc,CD4_Cycling_Treg,D_GTFB_1230_OvarianTumor,0.0,0.256410256410256,0.219788519637462
Cycling_Bgc,CD4_Cycling_Treg,E_MTAB_13530_P10_T1,0.551204819277108,0.607438016528925,0.315463917525773
Cycling_Bgc,CD4_Cycling_Treg,E_MTAB_13530_P10_T2,0.448979591836734,0.597989949748743,0.335443037974683
Cycling_Bgc,CD4_Cycling_Treg,E_MTAB_13530_P10_T3,0.811188811188811,0.0,0.19947848761408
Cycling_Bgc,CD4_Cycling_Treg,E_MTAB_13530_P10_T4,0.342696629213483,0.763440860215053,0.31985294117647
Cycling_Bgc,CD4_Cycling_Treg,E_MTAB_13530_P11_T1,0.34,0.394160583941605,0.435185185185185
Cycling_Bgc,CD4_Cycling_Treg,E_MTAB_13530_P11_T2,0.755555555555555,0.0,0.44017094017094
Cycling_Bgc,CD4_Cycling_Treg,E_MTAB_13530_P11_T3,0.0,1.0,0.458955223880597
Cycling_Bgc,CD4_Cycling_Treg,E_MTAB_13530_P11_T4,0.0,1.0,0.546689303904923
Cycling_Bgc,CD4_Cycling_Treg,E_MTAB_13530_P15_T1,0.562753036437247,0.509333333333333,0.445692883895131
Cycling_Bgc,CD4_Cycling_Treg,E_MTAB_13530_P15_T2,0.608108108108108,0.238202247191011,0.4
Cycling_Bgc,CD4_Cycling_Treg,E_MTAB_13530_P16_T1,0.32258064516129,0.526785714285714,0.44328097731239
Cycling_Bgc,CD4_Cycling_Treg,E_MTAB_13530_P16_T2,0.0,0.432692307692307,0.2992
Cycling_Bgc,CD4_Cycling_Treg,E_MTAB_13530_P17_T1,0.473477406679764,0.584745762711864,0.334552102376599
Cycling_Bgc,CD4_Cycling_Treg,E_MTAB_13530_P17_T2,0.580865603644646,0.454242928452579,0.342762063227953
Cycling_Bgc,CD4_Cycling_Treg,E_MTAB_13530_P19_T1,0.584848484848484,0.703045685279187,0.612334801762114
Cycling_Bgc,CD4_Cycling_Treg,E_MTAB_13530_P19_T2,0.582397003745318,0.634408602150537,0.824524312896405
Cycling_Bgc,CD4_Cycling_Treg,E_MTAB_13530_P24_T1,0.381443298969072,0.0,0.176123802505526
Cycling_Bgc,CD4_Cycling_Treg,E_MTAB_13530_P24_T2,0.442857142857142,0.349397590361445,0.224471830985915
Cycling_Bgc,CD4_Cycling_Treg,E_MTAB_13530_P25_T1,0.259259259259259,0.661654135338345,0.399122807017543
Cycling_Bgc,CD4_Cycling_Treg,E_MTAB_13530_P25_T2,0.490566037735849,0.552238805970149,0.397626112759643
Cycling_Bgc,CD4_Cycling_Treg,GSE144239_GSM4565823,0.0,1.0,0.329519450800915
Cycling_Bgc,CD4_Cycling_Treg,GSE144239_GSM4565824,0.0,,0.119601328903654
Cycling_Bgc,CD4_Cycling_Treg,GSE144239_GSM4565825,0.884955752212389,0.779904306220095,0.1
Cycling_Bgc,CD4_Cycling_Treg,GSE144239_GSM4565826,0.0,0.0,0.186619718309859
Cycling_Bgc,CD4_Cycling_Treg,GSE251950_20_00331_LI_SING,0.425655976676384,0.5125,0.123404255319148
Cycling_Bgc,CD4_Cycling_Treg,GSE251950_21_00731_LI_SING,0.33649289099526,0.904109589041095,0.231800766283524
Cycling_Bgc,CD4_Cycling_Treg,GSE251950_21_00732_LI_SING,0.169230769230769,0.80188679245283,0.149859943977591
Cycling_Bgc,CD4_Cycling_Treg,GSE251950_21_00733_LI_SING,0.0,0.267605633802816,0.123262279888785
Cycling_Bgc,CD4_Cycling_Treg,GSE251950_21_00734_LI_SING,0.299242424242424,0.478527607361963,0.162626262626262
Cycling_Bgc,CD4_Cycling_Treg,GSE251950_21_01251_LI_SING,0.0788043478260869,0.202643171806167,0.485632183908045
Cycling_Bgc,CD4_Cycling_Treg,GSE251950_21_01253_LI_SING,0.416988416988417,0.56910569105691,0.165151515151515
Cycling_Bgc,CD4_Cycling_Treg,GSE251950_21_01254_LI_SING,0.573248407643312,0.548837209302325,0.221092757306226
Cycling_Bgc,CD4_Cycling_Treg,GSE251950_21_01675_LI_SING,0.323076923076923,0.329411764705882,0.349349349349349
Cycling_Bgc,CD4_Cycling_Treg,GSM5494475_HNSCC201125T04,1.0,0.0,0.43097643097643
Cycling_Bgc,CD4_Cycling_Treg,GSM5494476_HNSCC201125T05,0.307142857142857,0.929577464788732,0.722222222222222
Cycling_Bgc,CD4_Cycling_Treg,GSM5494477_HNSCC201125T07,0.0,0.0,0.344352617079889
Cycling_Bgc,CD4_Cycling_Treg,GSM5494478_HNSCC201125T10,0.0,0.258823529411764,0.303317535545023
Cycling_Bgc,CD4_Cycling_Treg,GSM5494479_P210325T1,,1.0,0.419294990723562
Cycling_Bgc,CD4_Cycling_Treg,GSM5494480_P210325T3,1.0,0.866666666666666,0.462585034013605
Cycling_Bgc,CD4_Cycling_Treg,GSM5494481_P210325T5,0.0,1.0,0.541595925297113
Cycling_Bgc,CD4_Cycling_Treg,GSM5494482_P210325T6,0.0,0.0,0.395638629283489
Cycling_Bgc,CD4_Cycling_Treg,GSM5924030_ffpe_c_2,0.847176079734219,0.60576923076923,0.294761532447224
Cycling_Bgc,CD4_Cycling_Treg,GSM5924031_ffpe_c_3,0.459821428571428,0.750741839762611,0.472938144329896
Cycling_Bgc,CD4_Cycling_Treg,GSM5924032_ffpe_c_4,0.636815920398009,0.490566037735849,0.735714285714285
Cycling_Bgc,CD4_Cycling_Treg,GSM5924033_ffpe_c_7,0.65566037735849,0.801418439716312,0.628965517241379
Cycling_Bgc,CD4_Cycling_Treg,GSM5924034_ffpe_c_10,0.4126213592233,0.84,0.559338521400778
Cycling_Bgc,CD4_Cycling_Treg,GSM5924035_ffpe_c_20,0.723175965665236,0.840116279069767,0.517307692307692
Cycling_Bgc,CD4_Cycling_Treg,GSM5924036_ffpe_c_21,0.58252427184466,0.876543209876543,0.513117283950617
Cycling_Bgc,CD4_Cycling_Treg,GSM5924037_ffpe_c_34,0.488687782805429,1.0,0.634408602150537
Cycling_Bgc,CD4_Cycling_Treg,GSM5924038_ffpe_c_36,0.604166666666666,0.817518248175182,0.41625
Cycling_Bgc,CD4_Cycling_Treg,GSM5924039_ffpe_c_39,0.602139037433155,0.733695652173913,0.787709497206703
Cycling_Bgc,CD4_Cycling_Treg,GSM5924040_ffpe_c_45,0.569090909090909,1.0,0.794188861985472
Cycling_Bgc,CD4_Cycling_Treg,GSM5924041_ffpe_c_51,0.467948717948717,0.433333333333333,0.638863428047662
Cycling_Bgc,CD4_Cycling_Treg,GSM5924042_frozen_a_1,0.594594594594594,0.923076923076923,0.328828828828828
Cycling_Bgc,CD4_Cycling_Treg,GSM5924043_frozen_a_3,0.506527415143603,0.0,0.216300940438871
Cycling_Bgc,CD4_Cycling_Treg,GSM5924044_frozen_a_15,0.287257019438444,0.613138686131386,0.615925058548009
Cycling_Bgc,CD4_Cycling_Treg,GSM5924045_frozen_a_17,0.0,1.0,0.474737845567206
Cycling_Bgc,CD4_Cycling_Treg,GSM5924046_frozen_b_1,0.0,0.433734939759036,0.297619047619047
Cycling_Bgc,CD4_Cycling_Treg,GSM5924048_frozen_b_13,0.771186440677966,0.671641791044776,0.491620111731843
Cycling_Bgc,CD4_Cycling_Treg,GSM5924049_frozen_b_18,0.541666666666666,0.698529411764705,0.361702127659574
Cycling_Bgc,CD4_Cycling_Treg,GSM5924050_frozen_c_2,0.560747663551401,1.0,0.160756501182033
Cycling_Bgc,CD4_Cycling_Treg,GSM5924051_frozen_c_5,1.0,0.577777777777777,0.674616695059625
Cycling_Bgc,CD4_Cycling_Treg,GSM5924052_frozen_c_23,0.280597014925373,0.635,0.505119453924914
Cycling_Bgc,CD4_Cycling_Treg,GSM5924053_frozen_c_57,,0.857142857142857,0.572815533980582
Cycling_Bgc,CD4_Cycling_Treg,GSM6030901_patient_1,0.316326530612244,0.544642857142857,0.357142857142857
Cycling_Bgc,CD4_Cycling_Treg,GSM6030902_patient_2,0.0,1.0,0.533596837944664
Cycling_Bgc,CD4_Cycling_Treg,GSM6177607_NYU_GIST1_Vis,0.0,0.301255230125523,0.391480730223123
Cycling_Bgc,CD4_Cycling_Treg,GSM6177609_NYU_GIST2_Vis,,,0.325272067714631
Cycling_Bgc,CD4_Cycling_Treg,GSM6177612_NYU_LIHC1_Vis,1.0,0.208333333333333,0.504225352112676
Cycling_Bgc,CD4_Cycling_Treg,GSM6177614_NYU_OVCA1_Vis,0.620967741935483,0.670886075949367,0.376893939393939
Cycling_Bgc,CD4_Cycling_Treg,GSM6177617_NYU_OVCA3_Vis,0.387096774193548,0.372881355932203,0.247035573122529
Cycling_Bgc,CD4_Cycling_Treg,GSM6177618_NYU_PDAC1_Vis,0.837837837837837,0.239057239057239,0.283333333333333
Cycling_Bgc,CD4_Cycling_Treg,GSM6177623_NYU_UCEC3_Vis,0.659663865546218,0.655172413793103,0.190023752969121
Cycling_Bgc,CD4_Cycling_Treg,GSM6339631_s1,1.0,1.0,0.733333333333333
Cycling_Bgc,CD4_Cycling_Treg,GSM6339632_s2,0.412811387900355,0.807407407407407,0.663742690058479
Cycling_Bgc,CD4_Cycling_Treg,GSM6339633_s3,0.519148936170212,1.0,0.735751295336787
Cycling_Bgc,CD4_Cycling_Treg,GSM6339634_s4,0.0,0.0,0.305381727158948
Cycling_Bgc,CD4_Cycling_Treg,GSM6339635_s5,0.0,0.691489361702127,0.221719457013574
Cycling_Bgc,CD4_Cycling_Treg,GSM6339636_s6,1.0,1.0,0.236472945891783
Cycling_Bgc,CD4_Cycling_Treg,GSM6339637_s7,,,0.230254350736278
Cycling_Bgc,CD4_Cycling_Treg,GSM6339638_s8,,0.0,0.139767054908485
Cycling_Bgc,CD4_Cycling_Treg,GSM6339639_s9,,0.0,0.396407185628742
Cycling_Bgc,CD4_Cycling_Treg,GSM6339640_s10,1.0,0.379746835443038,0.494082840236686
Cycling_Bgc,CD4_Cycling_Treg,GSM6339641_s11,0.0,0.263636363636363,0.196620583717357
Cycling_Bgc,CD4_Cycling_Treg,GSM6339642_s12,0.421052631578947,1.0,0.261954261954261
Cycling_Bgc,CD4_Cycling_Treg,GSM6433585_092A,0.265873015873015,0.438356164383561,0.117505995203836
Cycling_Bgc,CD4_Cycling_Treg,GSM6433589_093C,0.564171122994652,0.735905044510385,0.425474254742547
Cycling_Bgc,CD4_Cycling_Treg,GSM6433591_094A,,1.0,0.276139410187667
Cycling_Bgc,CD4_Cycling_Treg,GSM6433594_094D,0.0,0.682926829268292,0.221223021582733
Cycling_Bgc,CD4_Cycling_Treg,GSM6433600_117E,0.594512195121951,0.0,0.611650485436893
Cycling_Bgc,CD4_Cycling_Treg,GSM6433603_118D,1.0,1.0,0.189010989010989
Cycling_Bgc,CD4_Cycling_Treg,GSM6433605_119B,1.0,0.0,0.553571428571428
Cycling_Bgc,CD4_Cycling_Treg,GSM6433610_120C,0.153179190751445,0.349514563106796,0.139285714285714
Cycling_Bgc,CD4_Cycling_Treg,GSM6433611_120D,0.422018348623853,0.484848484848484,0.441527446300716
Cycling_Bgc,CD4_Cycling_Treg,GSM6433612_120E,,1.0,0.274553571428571
Cycling_Bgc,CD4_Cycling_Treg,GSM6433615_395C,0.491071428571428,0.0,0.148026315789473
Cycling_Bgc,CD4_Cycling_Treg,GSM6433620_397A,1.0,1.0,0.5814696485623
Cycling_Bgc,CD4_Cycling_Treg,GSM6433621_397B,0.900763358778626,1.0,0.127659574468085
Cycling_Bgc,CD4_Cycling_Treg,GSM6505133_DonorA,0.0,0.464285714285714,0.366666666666666
Cycling_Bgc,CD4_Cycling_Treg,GSM6505134_DonorB,0.373205741626794,0.470238095238095,0.295427901524032
Cycling_Bgc,CD4_Cycling_Treg,GSM6505135_DonorC,0.497076023391812,0.4,0.0831408775981524
Cycling_Bgc,CD4_Cycling_Treg,GSM6506110_SP1,0.155586987270155,0.201986754966887,0.428007889546351
Cycling_Bgc,CD4_Cycling_Treg,GSM6506111_SP2,0.0,0.0,0.0709342560553633
Cycling_Bgc,CD4_Cycling_Treg,GSM6506112_SP3,0.0,0.0,0.278582930756843
Cycling_Bgc,CD4_Cycling_Treg,GSM6506113_SP4,0.637305699481865,0.711340206185567,0.221468926553672
Cycling_Bgc,CD4_Cycling_Treg,GSM6506114_SP5,0.0,0.0,0.0771889400921659
Cycling_Bgc,CD4_Cycling_Treg,GSM6506115_SP6,0.611111111111111,0.188524590163934,0.143338954468802
Cycling_Bgc,CD4_Cycling_Treg,GSM6506116_SP7,0.53862660944206,0.421701602959309,0.337066069428891
Cycling_Bgc,CD4_Cycling_Treg,GSM6506117_SP8,0.692810457516339,0.418181818181818,0.361256544502617
Cycling_Bgc,CD4_Cycling_Treg,GSM6833484_Patient1,0.348235294117647,0.48578811369509,0.435862068965517
Cycling_Bgc,CD4_Cycling_Treg,GSM6833485_Patient2,0.267515923566879,0.3,0.213133640552995
Cycling_Bgc,CD4_Cycling_Treg,GSM6833486_Patient3,0.0,1.0,0.205497382198952
Cycling_Bgc,CD4_Cycling_Treg,GSM6833487_Patient4,0.433489827856025,0.566218809980806,0.526411657559198
Cycling_Bgc,CD4_Cycling_Treg,GSM7019835_OCCR2v,0.181818181818181,0.388157894736842,0.179871520342612
Cycling_Bgc,CD4_Cycling_Treg,GSM7019836_OCCS3v,1.0,0.467105263157894,0.3485254691689
Cycling_Bgc,CD4_Cycling_Treg,GSM7058756,0.175105485232067,0.659685863874345,0.385542168674698
Cycling_Bgc,CD4_Cycling_Treg,GSM7058757,0.446115288220551,0.714285714285714,0.510585305105853
Cycling_Bgc,CD4_Cycling_Treg,GSM7058758,0.0,0.9375,0.498525073746312
Cycling_Bgc,CD4_Cycling_Treg,GSM7058759,0.385593220338983,0.587719298245614,0.269759450171821
Cycling_Bgc,CD4_Cycling_Treg,GSM7090086_NextSeq2000,0.373546511627907,1.0,0.430722891566265
Cycling_Bgc,CD4_Cycling_Treg,GSM7090087_NextSeq2000,1.0,0.881118881118881,0.333778371161548
Cycling_Bgc,CD4_Cycling_Treg,GSM7090088_NextSeq2000,1.0,0.4375,0.129511677282377
Cycling_Bgc,CD4_Cycling_Treg,GSM7211257_EHU-W3,0.217228464419475,0.366013071895424,0.27379949452401
Cycling_Bgc,CD4_Cycling_Treg,GSM7421790_PDAC_1,1.0,0.0,0.548532731376975
Cycling_Bgc,CD4_Cycling_Treg,GSM7421791_PDAC_2,0.447368421052631,0.0,0.267857142857142
Cycling_Bgc,CD4_Cycling_Treg,GSM7421792_PDAC_3,0.5,0.0,0.111455108359133
Cycling_Bgc,CD4_Cycling_Treg,GSM7498811_SS1905133,0.879194630872483,0.5,0.258573388203017
Cycling_Bgc,CD4_Cycling_Treg,GSM7498812_SS1923404,0.736842105263157,0.0,0.373983739837398
Cycling_Bgc,CD4_Cycling_Treg,GSM7498813_SS1945070,0.0,0.0,0.142857142857142
Cycling_Bgc,CD4_Cycling_Treg,GSM7498814_SS1960050,0.0,0.420560747663551,0.330385852090032
Cycling_Bgc,CD4_Cycling_Treg,GSM7498815_SS2002154,0.405643738977072,0.16030534351145,0.215559157212317
Cycling_Bgc,CD4_Cycling_Treg,GSM7498816_SS2005094,0.204379562043795,0.234567901234567,0.0862453531598513
Cycling_Bgc,CD4_Cycling_Treg,GSM7498817_SS2021309,0.0,1.0,0.351016799292661
Cycling_Bgc,CD4_Cycling_Treg,GSM7757970_R1-S1,0.176271186440677,0.0,0.30229746070133
Cycling_Bgc,CD4_Cycling_Treg,GSM7757973_R1-S4,0.4818401937046,0.548076923076923,0.314606741573033
Cycling_Bgc,CD4_Cycling_Treg,GSM7757975_R1-S6,0.551304347826087,0.588888888888888,0.125534950071326
Cycling_Bgc,CD4_Cycling_Treg,GSM7757976_R2-S1,0.368544600938967,0.23394495412844,0.126074498567335
Cycling_Bgc,CD4_Cycling_Treg,GSM7757977_R2-S2,0.446428571428571,0.270742358078602,0.496314496314496
Cycling_Bgc,CD4_Cycling_Treg,GSM7757979_R2-S4,0.340425531914893,1.0,0.312676056338028
Cycling_Bgc,CD4_Cycling_Treg,GSM7757980_R2-S5,0.251798561151079,1.0,0.432692307692307
Cycling_Bgc,CD4_Cycling_Treg,GSM7757983_R3-S3,0.0,0.0,0.0532544378698224
Cycling_Bgc,CD4_Cycling_Treg,GSM7757984_R3-S4,0.327309236947791,0.449074074074074,0.476359338061465
Cycling_Bgc,CD4_Cycling_Treg,GSM7777522_C1,0.202797202797202,0.372093023255813,0.544554455445544
Cycling_Bgc,CD4_Cycling_Treg,GSM7850822_CHC20,0.641891891891891,1.0,0.269113149847094
Cycling_Bgc,CD4_Cycling_Treg,HCC1R,0.616352201257861,0.0,0.394863563402889
Cycling_Bgc,CD4_Cycling_Treg,HCC3R,0.811224489795918,1.0,0.765171503957783
Cycling_Bgc,CD4_Cycling_Treg,HCC4R,0.751111111111111,0.543046357615894,0.217948717948717
Cycling_Bgc,CD4_Cycling_Treg,HCC6NR,1.0,0.721014492753623,0.623503808487486
Cycling_Bgc,CD4_Cycling_Treg,HCC7NR,0.565420560747663,0.389170896785109,1.0
Cycling_Bgc,CD4_Cycling_Treg,HRA000437_HCC-1T,0.426829268292682,1.0,0.265981735159817
Cycling_Bgc,CD4_Cycling_Treg,HRA000437_HCC-2T,0.441679626749611,0.461643835616438,0.464712269272529
Cycling_Bgc,CD4_Cycling_Treg,HRA000437_HCC-3T,1.0,0.777419354838709,0.5
Cycling_Bgc,CD4_Cycling_Treg,HRA000437_HCC-4T,0.557575757575757,0.276923076923076,0.432699619771863
Cycling_Bgc,CD4_Cycling_Treg,Parent_Visium_Human_BreastCancer_201027,0.672811059907834,0.551111111111111,0.417910447761194
Cycling_Bgc,CD4_Cycling_Treg,Parent_Visium_Human_ColorectalCancer_201027,0.763157894736842,0.0930232558139534,0.470464135021097
Cycling_Bgc,CD4_Cycling_Treg,Parent_Visium_Human_OvarianCancer_201027,0.283621837549933,0.49364406779661,0.0581222056631892
Cycling_Bgc,CD4_Cycling_Treg,S16_43398,0.754166666666666,1.0,0.58090909090909
Cycling_Bgc,CD4_Cycling_Treg,S20_47598,0.370919881305637,0.508474576271186,0.345659163987138
Cycling_Bgc,CD4_Cycling_Treg,S20_61122,0.924050632911392,1.0,0.624375624375624
Cycling_Bgc,CD4_Cycling_Treg,S20_63981,0.426877470355731,0.60655737704918,0.454476479514415
Cycling_Bgc,CD4_Cycling_Treg,S21_10267,0.481536189069423,0.607329842931937,0.643312101910828
Cycling_Bgc,CD4_Cycling_Treg,SN048_A121573_Rep1,0.445190156599552,0.684782608695652,0.631578947368421
Cycling_Bgc,CD4_Cycling_Treg,SN048_A121573_Rep2,0.837320574162679,1.0,0.486068111455108
Cycling_Bgc,CD4_Cycling_Treg,SN048_A416371_Rep1,0.454545454545454,0.0,0.514619883040935
Cycling_Bgc,CD4_Cycling_Treg,SN048_A416371_Rep2,0.0,0.0,0.271604938271604
Cycling_Bgc,CD4_Cycling_Treg,SN123_A551763_Rep1,1.0,1.0,0.191304347826086
Cycling_Bgc,CD4_Cycling_Treg,SN123_A595688_Rep1,0.816993464052287,0.292517006802721,0.358050847457627
Cycling_Bgc,CD4_Cycling_Treg,SN123_A938797_Rep1_X,0.0,0.385416666666666,0.664914586070959
Cycling_Bgc,CD4_Cycling_Treg,SN124_A551763_Rep2,,,0.293838862559241
Cycling_Bgc,CD4_Cycling_Treg,SN124_A595688_Rep2,1.0,1.0,0.0
Cycling_Bgc,CD4_Cycling_Treg,SN124_A938797_Rep2,0.398496240601503,0.638497652582159,0.724867724867724
Cycling_Bgc,CD4_Cycling_Treg,SN84_A120838_Rep1,1.0,1.0,0.824074074074074
Cycling_Bgc,CD4_Cycling_Treg,SN84_A120838_Rep2,0.598837209302325,0.852713178294573,0.538983050847457
Cycling_Bgc,CD4_Cycling_Treg,V10F24-015_A1,0.0,0.0,0.19031903190319
Cycling_Bgc,CD4_Cycling_Treg,V10F24-015_B1,0.0,0.146341463414634,0.426595744680851
Cycling_Bgc,CD4_Cycling_Treg,V10F24-015_C1,0.199312714776632,0.401129943502824,0.299123904881101
Cycling_Bgc,CD4_Cycling_Treg,V10F24-015_D1,0.0,1.0,0.200520833333333
Cycling_Bgc,CD4_Cycling_Treg,V11A20-405_C1,0.299043062200956,0.866666666666666,0.110320284697508
Cycling_Bgc,CD4_Cycling_Treg,V11A20-405_D1,0.358108108108108,0.68859649122807,0.170789163722025
Cycling_Bgc,CD4_Cycling_Treg,V11M22-349_C1,0.383480825958702,0.860962566844919,0.327402135231316
Cycling_Bgc,CD4_Cycling_Treg,V11M22-349_D1,1.0,0.744047619047619,0.179549114331723
Cycling_Bgc,CD4_Cycling_Treg,V1_Breast_Cancer_Block_A_Section_2_200623,0.0,0.149038461538461,0.109646079111727
Cycling_Bgc,CD4_Cycling_Treg,V1_Human_Invasive_Ductal_Carcinoma_210511,0.0,0.212121212121212,0.0392156862745098
Cycling_Bgc,CD4_Cycling_Treg,Visium_FFPE_Human_Intestinal_Cancer_220329,0.834745762711864,0.593908629441624,0.43351548269581
Cycling_Bgc,CD4_Cycling_Treg,Visium_FFPE_Human_Ovarian_Cancer_220329,0.396610169491525,0.353603603603603,0.128695652173913
Cycling_Bgc,CD4_Cycling_Treg,Visium_FFPE_Human_Prostate_Acinar_Cell_Carcinoma_211009,0.282296650717703,1.0,0.277966101694915
Cycling_Bgc,CD4_Cycling_Treg,Visium_FFPE_Human_Prostate_Cancer_210609,0.406909788867562,0.985611510791366,0.416523235800344
Cycling_Bgc,CD4_Cycling_Treg,Visium_FFPE_Human_Prostate_IF_220713,0.385714285714285,0.452380952380952,0.452534562211981
Cycling_Bgc,CD4_Cycling_Treg,Visium_Human_Breast_Cancer_220702,0.709734513274336,0.33069306930693,0.114624505928853
Cycling_Bgc,CD4_Cycling_Treg,WSSKNKCLsp12140270,1.0,0.0,0.245901639344262
Cycling_Bgc,CD4_Cycling_Treg,WSSKNKCLsp12140271,0.0491803278688524,0.573770491803278,0.0392561983471074
Cycling_Bgc,CD4_Cycling_Treg,WSSKNKCLsp12140272,0.0,0.488372093023255,0.0906555090655509
Cycling_Bgc,CD4_Cycling_Treg,WSSKNKCLsp12140273,0.0,0.0,0.263910969793322
Cycling_Bgc,CD4_Cycling_Treg,WSSKNKCLsp12887267,1.0,0.875,0.183035714285714
Cycling_Bgc,CD4_Cycling_Treg,WSSKNKCLsp12887268,0.0,0.0,0.282051282051282
Cycling_Bgc,CD4_Cycling_Treg,WSSKNKCLsp12887269,1.0,0.0,0.144356955380577
Cycling_Bgc,CD4_Cycling_Treg,WSSKNKCLsp12887270,,0.0,0.0808988764044943
Cycling_Bgc,CD4_Cycling_Treg,Zenodo10119273_Tumor2,0.473029045643153,0.225,0.759414225941422
Cycling_Bgc,CD4_Cycling_Treg,scCRLM_Atlas_ST-colon1,0.496,0.253846153846153,0.609958506224066
Cycling_Bgc,CD4_Cycling_Treg,scCRLM_Atlas_ST-colon2,0.0,0.59375,0.459029435163086
Cycling_Bgc,CD4_Cycling_Treg,scCRLM_Atlas_ST-colon3,0.721153846153846,0.933333333333333,0.40546875
Cycling_Bgc,CD4_Cycling_Treg,scCRLM_Atlas_ST-colon4,0.433014354066985,0.88095238095238,0.405545927209705
Cycling_Bgc,Plasmablast,01_034_C1d1,0.0,0.0,0.329896907216494
Cycling_Bgc,Plasmablast,01_034_C3d1,0.586538461538461,0.543478260869565,0.46875
Cycling_Bgc,Plasmablast,01_039_C1d1,0.633333333333333,0.0,0.241895261845386
Cycling_Bgc,Plasmablast,01_039_C3d1,0.392523364485981,0.522522522522522,0.363241678726483
Cycling_Bgc,Plasmablast,1142243F,1.0,0.833333333333333,0.26510989010989
Cycling_Bgc,Plasmablast,A_955_OvarianTumor,0.283132530120481,0.43659420289855,0.483437779767233
Cycling_Bgc,Plasmablast,A_GTFB1154_OvarianCancerTumor,0.0,0.310126582278481,0.335656213704994
Cycling_Bgc,Plasmablast,Ajou_Visium_P1,0.532374100719424,0.514492753623188,0.583955223880597
Cycling_Bgc,Plasmablast,Ajou_Visium_P2,0.61503416856492,0.643274853801169,0.138805970149253
Cycling_Bgc,Plasmablast,Ajou_Visium_P3,,,0.405425219941348
Cycling_Bgc,Plasmablast,Ajou_Visium_P4,0.785454545454545,0.258771929824561,0.497647058823529
Cycling_Bgc,Plasmablast,B_GTFB1191_OvarianCancerTumor,0.49500998003992,0.4037558685446,0.434589800443458
Cycling_Bgc,Plasmablast,CID4290,1.0,0.623287671232876,0.22840909090909
Cycling_Bgc,Plasmablast,CID4465,1.0,0.567567567567567,0.335820895522388
Cycling_Bgc,Plasmablast,C_GTFB1170_SmallCellOvarianCancer,0.308823529411764,0.426086956521739,0.386946386946386
Cycling_Bgc,Plasmablast,Colon_10x_Visium_SampleP2_CRC,0.432213209733487,0.877049180327868,0.514900662251655
Cycling_Bgc,Plasmablast,CytAssist_11mm_FFPE_Human_Lung_Cancer_230214,0.204931972789115,0.565862708719851,0.593716143011917
Cycling_Bgc,Plasmablast,CytAssist_11mm_FFPE_Human_Ovarian_Carcinoma_220715,0.344660194174757,0.716981132075471,0.141263940520446
Cycling_Bgc,Plasmablast,CytAssist_FFPE_Human_Lung_Squamous_Cell_Carcinoma_220714,0.353115727002967,0.526838966202783,0.311909262759924
Cycling_Bgc,Plasmablast,D_GTFB1170_SmallCellOvarianCancer,0.240356083086053,1.0,0.28526645768025
Cycling_Bgc,Plasmablast,D_GTFB_1230_OvarianTumor,0.0,0.256410256410256,0.198494182067077
Cycling_Bgc,Plasmablast,E_MTAB_13530_P10_T1,0.341098169717138,0.327868852459016,0.47072072072072
Cycling_Bgc,Plasmablast,E_MTAB_13530_P10_T2,0.278787878787878,0.426086956521739,0.229122055674518
Cycling_Bgc,Plasmablast,E_MTAB_13530_P10_T3,0.852760736196319,0.0,0.195258019525801
Cycling_Bgc,Plasmablast,E_MTAB_13530_P10_T4,0.307359307359307,0.663265306122448,0.245934959349593
Cycling_Bgc,Plasmablast,E_MTAB_13530_P11_T1,0.566666666666666,0.707317073170731,0.422442244224422
Cycling_Bgc,Plasmablast,E_MTAB_13530_P11_T2,0.723404255319149,0.266129032258064,0.329238329238329
Cycling_Bgc,Plasmablast,E_MTAB_13530_P11_T3,0.0,0.878378378378378,0.403292181069958
Cycling_Bgc,Plasmablast,E_MTAB_13530_P11_T4,0.0,0.0,0.317147192716236
Cycling_Bgc,Plasmablast,E_MTAB_13530_P15_T1,0.65137614678899,0.398692810457516,0.463786531130876
Cycling_Bgc,Plasmablast,E_MTAB_13530_P15_T2,0.4875,0.520094562647754,0.405515832482124
Cycling_Bgc,Plasmablast,E_MTAB_13530_P16_T1,0.713178294573643,0.526785714285714,0.413237924865831
Cycling_Bgc,Plasmablast,E_MTAB_13530_P16_T2,0.0,0.432692307692307,0.332794830371567
Cycling_Bgc,Plasmablast,E_MTAB_13530_P17_T1,0.381338742393509,0.697104677060133,0.29867674858223
Cycling_Bgc,Plasmablast,E_MTAB_13530_P17_T2,0.783549783549783,0.488095238095238,0.415887850467289
Cycling_Bgc,Plasmablast,E_MTAB_13530_P19_T1,0.372602739726027,0.658163265306122,0.609004739336492
Cycling_Bgc,Plasmablast,E_MTAB_13530_P19_T2,0.488255033557046,0.643391521197007,0.774193548387096
Cycling_Bgc,Plasmablast,E_MTAB_13530_P24_T1,0.387096774193548,0.0,0.125686813186813
Cycling_Bgc,Plasmablast,E_MTAB_13530_P24_T2,0.360248447204968,0.450184501845018,0.255523535062439
Cycling_Bgc,Plasmablast,E_MTAB_13530_P25_T1,0.198581560283687,0.448275862068965,0.2
Cycling_Bgc,Plasmablast,E_MTAB_13530_P25_T2,0.244239631336405,0.552238805970149,0.159235668789808
Cycling_Bgc,Plasmablast,GSE144239_GSM4565823,1.0,0.0714285714285714,0.593457943925233
Cycling_Bgc,Plasmablast,GSE144239_GSM4565824,0.0,,0.375739644970414
Cycling_Bgc,Plasmablast,GSE144239_GSM4565825,0.762013729977116,0.266968325791855,0.0534591194968553
Cycling_Bgc,Plasmablast,GSE144239_GSM4565826,0.0,0.867924528301886,0.110795454545454
Cycling_Bgc,Plasmablast,GSE251950_20_00331_LI_SING,0.378472222222222,0.508474576271186,0.35127478753541
Cycling_Bgc,Plasmablast,GSE251950_21_00731_LI_SING,0.504587155963302,0.4,0.327705295471987
Cycling_Bgc,Plasmablast,GSE251950_21_00732_LI_SING,0.258258258258258,0.393700787401574,0.301388888888888
Cycling_Bgc,Plasmablast,GSE251950_21_00733_LI_SING,0.0,0.0,0.09568345323741
Cycling_Bgc,Plasmablast,GSE251950_21_00734_LI_SING,0.454326923076923,0.968992248062015,0.45666235446313
Cycling_Bgc,Plasmablast,GSE251950_21_01251_LI_SING,0.563517915309446,0.336448598130841,0.443396226415094
Cycling_Bgc,Plasmablast,GSE251950_21_01253_LI_SING,0.596026490066225,0.981981981981982,0.621794871794871
Cycling_Bgc,Plasmablast,GSE251950_21_01254_LI_SING,0.573248407643312,0.530516431924882,0.513978494623656
Cycling_Bgc,Plasmablast,GSE251950_21_01675_LI_SING,0.346938775510204,0.795,0.469055374592833
Cycling_Bgc,Plasmablast,GSM5494475_HNSCC201125T04,0.670588235294117,0.0,0.214463840399002
Cycling_Bgc,Plasmablast,GSM5494476_HNSCC201125T05,0.0,0.558333333333333,0.388
Cycling_Bgc,Plasmablast,GSM5494477_HNSCC201125T07,0.0,0.0,0.448441247002398
Cycling_Bgc,Plasmablast,GSM5494478_HNSCC201125T10,1.0,0.25287356321839,0.637614678899082
Cycling_Bgc,Plasmablast,GSM5494479_P210325T1,,1.0,0.105651105651105
Cycling_Bgc,Plasmablast,GSM5494480_P210325T3,1.0,0.818181818181818,0.11036339165545
Cycling_Bgc,Plasmablast,GSM5494481_P210325T5,0.0,0.473684210526315,0.0325900514579759
Cycling_Bgc,Plasmablast,GSM5494482_P210325T6,0.0,0.0,0.184652278177458
Cycling_Bgc,Plasmablast,GSM5924030_ffpe_c_2,0.844884488448844,0.669683257918552,0.325905292479108
Cycling_Bgc,Plasmablast,GSM5924031_ffpe_c_3,0.512345679012345,0.460559796437659,0.289385474860335
Cycling_Bgc,Plasmablast,GSM5924032_ffpe_c_4,0.707885304659498,0.661016949152542,0.6431718061674
Cycling_Bgc,Plasmablast,GSM5924033_ffpe_c_7,0.545454545454545,0.814545454545454,0.549842602308499
Cycling_Bgc,Plasmablast,GSM5924034_ffpe_c_10,1.0,0.446808510638297,0.479065238558909
Cycling_Bgc,Plasmablast,GSM5924035_ffpe_c_20,0.751054852320675,0.857142857142857,0.447774750227066
Cycling_Bgc,Plasmablast,GSM5924036_ffpe_c_21,0.760714285714285,0.91358024691358,0.416666666666666
Cycling_Bgc,Plasmablast,GSM5924037_ffpe_c_34,0.606837606837606,0.69047619047619,0.372034956304619
Cycling_Bgc,Plasmablast,GSM5924038_ffpe_c_36,1.0,0.896,0.405555555555555
Cycling_Bgc,Plasmablast,GSM5924039_ffpe_c_39,0.507590132827324,0.910761154855643,0.674937965260546
Cycling_Bgc,Plasmablast,GSM5924040_ffpe_c_45,0.603539823008849,0.98,0.744755244755244
Cycling_Bgc,Plasmablast,GSM5924041_ffpe_c_51,0.45798319327731,0.444444444444444,0.595427435387674
Cycling_Bgc,Plasmablast,GSM5924042_frozen_a_1,0.594594594594594,0.0,0.353603603603603
Cycling_Bgc,Plasmablast,GSM5924043_frozen_a_3,0.503916449086161,0.0,0.215625
Cycling_Bgc,Plasmablast,GSM5924044_frozen_a_15,0.287698412698412,0.53072625698324,0.604878048780487
Cycling_Bgc,Plasmablast,GSM5924045_frozen_a_17,1.0,1.0,0.461442786069651
Cycling_Bgc,Plasmablast,GSM5924046_frozen_b_1,0.0,0.455696202531645,0.232558139534883
Cycling_Bgc,Plasmablast,GSM5924048_frozen_b_13,0.794642857142857,1.0,0.5489443378119
Cycling_Bgc,Plasmablast,GSM5924049_frozen_b_18,0.64625850340136,0.313513513513513,0.37062937062937
Cycling_Bgc,Plasmablast,GSM5924050_frozen_c_2,0.551401869158878,0.696969696969697,0.422174840085287
Cycling_Bgc,Plasmablast,GSM5924051_frozen_c_5,1.0,0.577777777777777,0.452229299363057
Cycling_Bgc,Plasmablast,GSM5924052_frozen_c_23,0.308681672025723,0.599056603773584,0.542857142857142
Cycling_Bgc,Plasmablast,GSM5924053_frozen_c_57,,1.0,0.532894736842105
Cycling_Bgc,Plasmablast,GSM6030901_patient_1,0.420454545454545,0.0,0.0909090909090909
Cycling_Bgc,Plasmablast,GSM6030902_patient_2,0.0,0.0,0.477521263669501
Cycling_Bgc,Plasmablast,GSM6177607_NYU_GIST1_Vis,0.666666666666666,0.649819494584837,0.788056206088993
Cycling_Bgc,Plasmablast,GSM6177609_NYU_GIST2_Vis,,,0.43360433604336
Cycling_Bgc,Plasmablast,GSM6177612_NYU_LIHC1_Vis,0.603174603174603,1.0,0.205314009661835
Cycling_Bgc,Plasmablast,GSM6177614_NYU_OVCA1_Vis,0.653225806451612,0.802168021680216,0.376838235294117
Cycling_Bgc,Plasmablast,GSM6177617_NYU_OVCA3_Vis,0.30379746835443,0.265060240963855,0.207815275310834
Cycling_Bgc,Plasmablast,GSM6177618_NYU_PDAC1_Vis,0.688888888888888,0.328859060402684,0.414141414141414
Cycling_Bgc,Plasmablast,GSM6177623_NYU_UCEC3_Vis,0.702830188679245,1.0,0.464831804281345
Cycling_Bgc,Plasmablast,GSM6339631_s1,1.0,0.0,0.148775894538606
Cycling_Bgc,Plasmablast,GSM6339632_s2,0.316964285714285,0.745614035087719,0.115473441108545
Cycling_Bgc,Plasmablast,GSM6339633_s3,0.11453744493392,0.0,0.602272727272727
Cycling_Bgc,Plasmablast,GSM6339634_s4,0.0,1.0,0.162901307966706
Cycling_Bgc,Plasmablast,GSM6339635_s5,1.0,0.956521739130434,0.495850622406639
Cycling_Bgc,Plasmablast,GSM6339636_s6,1.0,1.0,0.488590604026845
Cycling_Bgc,Plasmablast,GSM6339637_s7,,,0.191542288557213
Cycling_Bgc,Plasmablast,GSM6339638_s8,,0.0,0.274278215223097
Cycling_Bgc,Plasmablast,GSM6339639_s9,,0.0,0.178205128205128
Cycling_Bgc,Plasmablast,GSM6339640_s10,0.733333333333333,0.372093023255813,0.24393063583815
Cycling_Bgc,Plasmablast,GSM6339641_s11,1.0,0.569767441860465,0.177133655394524
Cycling_Bgc,Plasmablast,GSM6339642_s12,0.222222222222222,0.0,0.175475687103594
Cycling_Bgc,Plasmablast,GSM6433585_092A,0.528301886792452,0.5,0.284132841328413
Cycling_Bgc,Plasmablast,GSM6433589_093C,0.48237885462555,0.963503649635036,0.712530712530712
Cycling_Bgc,Plasmablast,GSM6433591_094A,,1.0,0.373271889400921
Cycling_Bgc,Plasmablast,GSM6433594_094D,0.0,0.268292682926829,0.162324649298597
Cycling_Bgc,Plasmablast,GSM6433600_117E,0.853968253968253,0.0,1.0
Cycling_Bgc,Plasmablast,GSM6433603_118D,0.0,0.8,0.389587073608617
Cycling_Bgc,Plasmablast,GSM6433605_119B,1.0,0.0,0.142414860681114
Cycling_Bgc,Plasmablast,GSM6433610_120C,0.234567901234567,0.0947368421052631,0.0659722222222222
Cycling_Bgc,Plasmablast,GSM6433611_120D,0.422018348623853,0.668639053254437,0.680851063829787
Cycling_Bgc,Plasmablast,GSM6433612_120E,,1.0,0.710743801652892
Cycling_Bgc,Plasmablast,GSM6433615_395C,1.0,0.0,0.130057803468208
Cycling_Bgc,Plasmablast,GSM6433620_397A,1.0,1.0,0.597902097902097
Cycling_Bgc,Plasmablast,GSM6433621_397B,0.860465116279069,1.0,0.127659574468085
Cycling_Bgc,Plasmablast,GSM6505133_DonorA,0.0,0.697841726618705,0.341689879294336
Cycling_Bgc,Plasmablast,GSM6505134_DonorB,0.55813953488372,0.68,0.252571428571428
Cycling_Bgc,Plasmablast,GSM6505135_DonorC,0.454285714285714,0.518518518518518,0.381818181818181
Cycling_Bgc,Plasmablast,GSM6506110_SP1,0.0853146853146853,0.177852348993288,0.509554140127388
Cycling_Bgc,Plasmablast,GSM6506111_SP2,0.0,0.0,0.0838117106773823
Cycling_Bgc,Plasmablast,GSM6506112_SP3,0.0,0.0,0.265337423312883
Cycling_Bgc,Plasmablast,GSM6506113_SP4,0.637305699481865,0.577319587628865,0.19226750261233
Cycling_Bgc,Plasmablast,GSM6506114_SP5,0.0,0.0,0.0833333333333333
Cycling_Bgc,Plasmablast,GSM6506115_SP6,0.611111111111111,0.393442622950819,0.123655913978494
Cycling_Bgc,Plasmablast,GSM6506116_SP7,0.522483940042826,0.357682619647355,0.346465816917728
Cycling_Bgc,Plasmablast,GSM6506117_SP8,0.232026143790849,0.370967741935483,0.421982335623159
Cycling_Bgc,Plasmablast,GSM6833484_Patient1,0.264994547437295,0.487870619946091,0.211068211068211
Cycling_Bgc,Plasmablast,GSM6833485_Patient2,0.693693693693693,0.32258064516129,0.187129551227773
Cycling_Bgc,Plasmablast,GSM6833486_Patient3,0.471698113207547,1.0,0.313576843556168
Cycling_Bgc,Plasmablast,GSM6833487_Patient4,0.347551342812006,0.543478260869565,0.207505518763796
Cycling_Bgc,Plasmablast,GSM7019835_OCCR2v,0.494117647058823,0.385620915032679,0.228438228438228
Cycling_Bgc,Plasmablast,GSM7019836_OCCS3v,0.734042553191489,0.932773109243697,0.408945686900958
Cycling_Bgc,Plasmablast,GSM7058756,0.251521298174442,0.8125,0.516666666666666
Cycling_Bgc,Plasmablast,GSM7058757,0.501204819277108,1.0,0.61504424778761
Cycling_Bgc,Plasmablast,GSM7058758,0.592592592592592,1.0,0.596026490066225
Cycling_Bgc,Plasmablast,GSM7058759,0.407801418439716,0.656716417910447,0.532867132867132
Cycling_Bgc,Plasmablast,GSM7090086_NextSeq2000,0.38283378746594,1.0,0.424698795180722
Cycling_Bgc,Plasmablast,GSM7090087_NextSeq2000,1.0,0.74820143884892,0.35180055401662
Cycling_Bgc,Plasmablast,GSM7090088_NextSeq2000,1.0,0.4375,0.0889423076923077
Cycling_Bgc,Plasmablast,GSM7211257_EHU-W3,0.260969976905311,0.855203619909502,0.420367534456355
Cycling_Bgc,Plasmablast,GSM7421790_PDAC_1,1.0,0.0,0.279678068410462
Cycling_Bgc,Plasmablast,GSM7421791_PDAC_2,0.478873239436619,0.0,0.541666666666666
Cycling_Bgc,Plasmablast,GSM7421792_PDAC_3,0.733333333333333,0.0,0.396782841823056
Cycling_Bgc,Plasmablast,GSM7498811_SS1905133,1.0,0.665094339622641,0.413741598207617
Cycling_Bgc,Plasmablast,GSM7498812_SS1923404,0.295454545454545,0.0,0.553990610328638
Cycling_Bgc,Plasmablast,GSM7498813_SS1945070,0.0,0.0,0.255161023947151
Cycling_Bgc,Plasmablast,GSM7498814_SS1960050,0.0,0.625,0.223648029330889
Cycling_Bgc,Plasmablast,GSM7498815_SS2002154,0.442495126705653,0.178082191780821,0.578680203045685
Cycling_Bgc,Plasmablast,GSM7498816_SS2005094,0.0,0.492537313432835,0.237223493516399
Cycling_Bgc,Plasmablast,GSM7498817_SS2021309,0.713043478260869,0.0,0.43500424808836
Cycling_Bgc,Plasmablast,GSM7757970_R1-S1,0.054054054054054,0.0,0.278350515463917
Cycling_Bgc,Plasmablast,GSM7757973_R1-S4,0.548387096774193,0.526785714285714,0.375
Cycling_Bgc,Plasmablast,GSM7757975_R1-S6,0.724202626641651,0.864077669902912,0.355477855477855
Cycling_Bgc,Plasmablast,GSM7757976_R2-S1,0.327695560253699,0.270408163265306,0.072463768115942
Cycling_Bgc,Plasmablast,GSM7757977_R2-S2,0.306122448979591,0.40983606557377,0.534105534105534
Cycling_Bgc,Plasmablast,GSM7757979_R2-S4,0.23444976076555,1.0,0.424107142857142
Cycling_Bgc,Plasmablast,GSM7757980_R2-S5,0.467625899280575,1.0,0.485016648168701
Cycling_Bgc,Plasmablast,GSM7757983_R3-S3,0.0,0.0,0.183252427184466
Cycling_Bgc,Plasmablast,GSM7757984_R3-S4,0.673758865248226,0.49438202247191,0.237333333333333
Cycling_Bgc,Plasmablast,GSM7777522_C1,0.555555555555555,0.516129032258064,0.292035398230088
Cycling_Bgc,Plasmablast,GSM7850822_CHC20,0.127659574468085,1.0,0.367132867132867
Cycling_Bgc,Plasmablast,HCC1R,0.81858407079646,1.0,0.205925925925925
Cycling_Bgc,Plasmablast,HCC3R,0.362880886426592,0.545454545454545,0.56578947368421
Cycling_Bgc,Plasmablast,HCC4R,0.751111111111111,0.725663716814159,0.475839475839475
Cycling_Bgc,Plasmablast,HCC6NR,1.0,0.735507246376811,0.746113989637305
Cycling_Bgc,Plasmablast,HCC7NR,0.635294117647058,0.653421633554083,0.35268817204301
Cycling_Bgc,Plasmablast,HRA000437_HCC-1T,0.544776119402985,1.0,0.107784431137724
Cycling_Bgc,Plasmablast,HRA000437_HCC-2T,0.385786802030456,0.66295707472178,0.604395604395604
Cycling_Bgc,Plasmablast,HRA000437_HCC-3T,1.0,0.853146853146853,0.541304347826086
Cycling_Bgc,Plasmablast,HRA000437_HCC-4T,0.662921348314606,0.614906832298136,0.307888040712468
Cycling_Bgc,Plasmablast,Parent_Visium_Human_BreastCancer_201027,0.793023255813953,0.701986754966887,0.499172185430463
Cycling_Bgc,Plasmablast,Parent_Visium_Human_ColorectalCancer_201027,0.825136612021858,1.0,0.668839634941329
Cycling_Bgc,Plasmablast,Parent_Visium_Human_OvarianCancer_201027,0.193362193362193,0.322834645669291,0.104874446085672
Cycling_Bgc,Plasmablast,S16_43398,0.50314465408805,0.642335766423357,0.342701014832162
Cycling_Bgc,Plasmablast,S20_47598,0.690839694656488,0.718213058419244,0.339211618257261
Cycling_Bgc,Plasmablast,S20_61122,0.302238805970149,0.573333333333333,0.269914926527455
Cycling_Bgc,Plasmablast,S20_63981,0.254237288135593,0.309160305343511,0.199415631848064
Cycling_Bgc,Plasmablast,S21_10267,0.17,0.273684210526315,0.0
Cycling_Bgc,Plasmablast,SN048_A121573_Rep1,0.782608695652174,0.752941176470588,0.36504854368932
Cycling_Bgc,Plasmablast,SN048_A121573_Rep2,1.0,0.669014084507042,0.706618962432915
Cycling_Bgc,Plasmablast,SN048_A416371_Rep1,0.309090909090909,0.0,0.756855575868372
Cycling_Bgc,Plasmablast,SN048_A416371_Rep2,1.0,0.0,0.534562211981566
Cycling_Bgc,Plasmablast,SN123_A551763_Rep1,1.0,1.0,0.7
Cycling_Bgc,Plasmablast,SN123_A595688_Rep1,0.876712328767123,0.25287356321839,0.754950495049505
Cycling_Bgc,Plasmablast,SN123_A938797_Rep1_X,0.0,0.217647058823529,0.746010638297872
Cycling_Bgc,Plasmablast,SN124_A551763_Rep2,,,0.539170506912442
Cycling_Bgc,Plasmablast,SN124_A595688_Rep2,0.473282442748091,1.0,1.0
Cycling_Bgc,Plasmablast,SN124_A938797_Rep2,0.46078431372549,0.561475409836065,0.235185185185185
Cycling_Bgc,Plasmablast,SN84_A120838_Rep1,0.903225806451612,1.0,0.0
Cycling_Bgc,Plasmablast,SN84_A120838_Rep2,1.0,0.944881889763779,0.412568306010929
Cycling_Bgc,Plasmablast,V10F24-015_A1,1.0,1.0,0.195
Cycling_Bgc,Plasmablast,V10F24-015_B1,0.835106382978723,0.492307692307692,0.459016393442622
Cycling_Bgc,Plasmablast,V10F24-015_C1,0.835978835978835,0.514492753623188,0.377862595419847
Cycling_Bgc,Plasmablast,V10F24-015_D1,0.0,0.368421052631578,0.454404945904173
Cycling_Bgc,Plasmablast,V11A20-405_C1,0.329966329966329,0.86,0.473429951690821
Cycling_Bgc,Plasmablast,V11A20-405_D1,0.611738148984198,0.864077669902912,0.315653298835705
Cycling_Bgc,Plasmablast,V11M22-349_C1,0.569696969696969,0.469696969696969,0.374845869297164
Cycling_Bgc,Plasmablast,V11M22-349_D1,1.0,0.382716049382716,0.244897959183673
Cycling_Bgc,Plasmablast,V1_Breast_Cancer_Block_A_Section_2_200623,0.0867768595041322,0.351219512195121,0.204225352112676
Cycling_Bgc,Plasmablast,V1_Human_Invasive_Ductal_Carcinoma_210511,0.580246913580246,0.779661016949152,0.235294117647058
Cycling_Bgc,Plasmablast,Visium_FFPE_Human_Intestinal_Cancer_220329,0.477477477477477,0.391684901531728,0.475555555555555
Cycling_Bgc,Plasmablast,Visium_FFPE_Human_Ovarian_Cancer_220329,0.386885245901639,0.248878923766816,0.307692307692307
Cycling_Bgc,Plasmablast,Visium_FFPE_Human_Prostate_Acinar_Cell_Carcinoma_211009,0.702380952380952,0.193798449612403,0.19612314709236
Cycling_Bgc,Plasmablast,Visium_FFPE_Human_Prostate_Cancer_210609,0.305454545454545,0.344660194174757,0.334040296924708
Cycling_Bgc,Plasmablast,Visium_FFPE_Human_Prostate_IF_220713,1.0,0.166666666666666,0.206743566992014
Cycling_Bgc,Plasmablast,Visium_Human_Breast_Cancer_220702,0.783739837398373,0.345724907063197,0.132409545804464
Cycling_Bgc,Plasmablast,WSSKNKCLsp12140270,0.479166666666666,0.0,0.102803738317757
Cycling_Bgc,Plasmablast,WSSKNKCLsp12140271,0.632911392405063,0.48,0.0592334494773519
Cycling_Bgc,Plasmablast,WSSKNKCLsp12140272,0.0,0.488372093023255,0.0692076228686058
Cycling_Bgc,Plasmablast,WSSKNKCLsp12140273,0.0,0.0,0.151712887438825
Cycling_Bgc,Plasmablast,WSSKNKCLsp12887267,0.173076923076923,0.875,0.052823315118397
Cycling_Bgc,Plasmablast,WSSKNKCLsp12887268,1.0,0.0,0.0843023255813953
Cycling_Bgc,Plasmablast,WSSKNKCLsp12887269,0.348214285714285,1.0,0.150753768844221
Cycling_Bgc,Plasmablast,WSSKNKCLsp12887270,,0.0,0.137481910274963
Cycling_Bgc,Plasmablast,Zenodo10119273_Tumor2,0.403174603174603,0.471264367816091,0.0894736842105263
Cycling_Bgc,Plasmablast,scCRLM_Atlas_ST-colon1,0.699248120300751,0.55813953488372,0.664136622390891
Cycling_Bgc,Plasmablast,scCRLM_Atlas_ST-colon2,0.0,0.0,0.644177449168207
Cycling_Bgc,Plasmablast,scCRLM_Atlas_ST-colon3,1.0,0.636363636363636,0.453917050691244
Cycling_Bgc,Plasmablast,scCRLM_Atlas_ST-colon4,0.753886010362694,0.550802139037433,0.397777777777777
Cycling_Bgc,SPP1+_cycMacro,01_034_C1d1,0.0,0.0,0.012396694214876
Cycling_Bgc,SPP1+_cycMacro,01_034_C3d1,0.386986301369863,0.543478260869565,0.53125
Cycling_Bgc,SPP1+_cycMacro,01_039_C1d1,0.387323943661971,0.435294117647058,0.273869346733668
Cycling_Bgc,SPP1+_cycMacro,01_039_C3d1,0.522123893805309,0.478260869565217,0.268557130942452
Cycling_Bgc,SPP1+_cycMacro,1142243F,1.0,0.853535353535353,0.185396463205932
Cycling_Bgc,SPP1+_cycMacro,A_955_OvarianTumor,0.0,0.539047619047619,0.458
Cycling_Bgc,SPP1+_cycMacro,A_GTFB1154_OvarianCancerTumor,0.0,0.663716814159292,0.470517448856799
Cycling_Bgc,SPP1+_cycMacro,Ajou_Visium_P1,0.297468354430379,0.713432835820895,0.444843049327354
Cycling_Bgc,SPP1+_cycMacro,Ajou_Visium_P2,0.449244060475161,0.616666666666666,0.0644567219152854
Cycling_Bgc,SPP1+_cycMacro,Ajou_Visium_P3,,,0.394736842105263
Cycling_Bgc,SPP1+_cycMacro,Ajou_Visium_P4,0.498607242339832,0.384279475982532,0.4598623853211
Cycling_Bgc,SPP1+_cycMacro,B_GTFB1191_OvarianCancerTumor,0.661257606490872,0.682795698924731,0.531353135313531
Cycling_Bgc,SPP1+_cycMacro,CID4290,0.453947368421052,0.387878787878787,0.0891364902506963
Cycling_Bgc,SPP1+_cycMacro,CID4465,1.0,0.389162561576354,0.30281690140845
Cycling_Bgc,SPP1+_cycMacro,C_GTFB1170_SmallCellOvarianCancer,0.0,1.0,0.339428571428571
Cycling_Bgc,SPP1+_cycMacro,Colon_10x_Visium_SampleP2_CRC,0.225746268656716,0.741444866920152,0.101851851851851
Cycling_Bgc,SPP1+_cycMacro,CytAssist_11mm_FFPE_Human_Lung_Cancer_230214,0.435420743639921,0.738775510204081,0.457274826789838
Cycling_Bgc,SPP1+_cycMacro,CytAssist_11mm_FFPE_Human_Ovarian_Carcinoma_220715,0.482954545454545,0.695652173913043,0.220170454545454
Cycling_Bgc,SPP1+_cycMacro,CytAssist_FFPE_Human_Lung_Squamous_Cell_Carcinoma_220714,0.36943231441048,0.493601462522851,0.191946308724832
Cycling_Bgc,SPP1+_cycMacro,D_GTFB1170_SmallCellOvarianCancer,0.433333333333333,1.0,0.290423861852433
Cycling_Bgc,SPP1+_cycMacro,D_GTFB_1230_OvarianTumor,1.0,0.256410256410256,0.243537414965986
Cycling_Bgc,SPP1+_cycMacro,E_MTAB_13530_P10_T1,0.443693693693693,0.711026615969581,0.330827067669172
Cycling_Bgc,SPP1+_cycMacro,E_MTAB_13530_P10_T2,0.666666666666666,0.809090909090909,0.215116279069767
Cycling_Bgc,SPP1+_cycMacro,E_MTAB_13530_P10_T3,0.785714285714285,0.729729729729729,0.187810945273631
Cycling_Bgc,SPP1+_cycMacro,E_MTAB_13530_P10_T4,0.605714285714285,0.805128205128205,0.347262247838616
Cycling_Bgc,SPP1+_cycMacro,E_MTAB_13530_P11_T1,0.48780487804878,0.50625,0.360465116279069
Cycling_Bgc,SPP1+_cycMacro,E_MTAB_13530_P11_T2,0.0,0.723404255319149,0.33009708737864
Cycling_Bgc,SPP1+_cycMacro,E_MTAB_13530_P11_T3,0.215686274509803,0.63076923076923,0.344347826086956
Cycling_Bgc,SPP1+_cycMacro,E_MTAB_13530_P11_T4,1.0,0.0,0.366459627329192
Cycling_Bgc,SPP1+_cycMacro,E_MTAB_13530_P15_T1,0.815533980582524,0.46774193548387,0.47940074906367
Cycling_Bgc,SPP1+_cycMacro,E_MTAB_13530_P15_T2,0.665198237885462,0.470588235294117,0.448587570621468
Cycling_Bgc,SPP1+_cycMacro,E_MTAB_13530_P16_T1,0.884615384615384,0.415492957746478,0.390648567119155
Cycling_Bgc,SPP1+_cycMacro,E_MTAB_13530_P16_T2,0.0,0.478723404255319,0.251366120218579
Cycling_Bgc,SPP1+_cycMacro,E_MTAB_13530_P17_T1,0.570850202429149,0.453781512605042,0.358181818181818
Cycling_Bgc,SPP1+_cycMacro,E_MTAB_13530_P17_T2,0.626315789473684,0.680250783699059,0.455311973018549
Cycling_Bgc,SPP1+_cycMacro,E_MTAB_13530_P19_T1,0.925081433224755,0.884726224783861,0.686800894854586
Cycling_Bgc,SPP1+_cycMacro,E_MTAB_13530_P19_T2,0.650582362728785,0.693370165745856,0.875264270613107
Cycling_Bgc,SPP1+_cycMacro,E_MTAB_13530_P24_T1,0.372340425531914,0.0,0.269736842105263
Cycling_Bgc,SPP1+_cycMacro,E_MTAB_13530_P24_T2,0.323529411764705,0.457013574660633,0.371069182389937
Cycling_Bgc,SPP1+_cycMacro,E_MTAB_13530_P25_T1,0.329411764705882,0.297468354430379,0.287037037037037
Cycling_Bgc,SPP1+_cycMacro,E_MTAB_13530_P25_T2,0.490566037735849,1.0,0.167155425219941
Cycling_Bgc,SPP1+_cycMacro,GSE144239_GSM4565823,0.0,1.0,0.50261780104712
Cycling_Bgc,SPP1+_cycMacro,GSE144239_GSM4565824,0.0,,0.115384615384615
Cycling_Bgc,SPP1+_cycMacro,GSE144239_GSM4565825,0.805309734513274,0.913978494623656,0.121786197564276
Cycling_Bgc,SPP1+_cycMacro,GSE144239_GSM4565826,0.0,0.0,0.296743063932448
Cycling_Bgc,SPP1+_cycMacro,GSE251950_20_00331_LI_SING,0.390282131661442,0.5125,0.0993975903614457
Cycling_Bgc,SPP1+_cycMacro,GSE251950_21_00731_LI_SING,0.355329949238578,0.676767676767676,0.117036011080332
Cycling_Bgc,SPP1+_cycMacro,GSE251950_21_00732_LI_SING,0.1975,0.849557522123893,0.112694300518134
Cycling_Bgc,SPP1+_cycMacro,GSE251950_21_00733_LI_SING,0.0,0.502347417840375,0.0890052356020942
Cycling_Bgc,SPP1+_cycMacro,GSE251950_21_00734_LI_SING,0.298319327731092,0.669291338582677,0.271229404309252
Cycling_Bgc,SPP1+_cycMacro,GSE251950_21_01251_LI_SING,0.407725321888412,0.269076305220883,0.377837116154873
Cycling_Bgc,SPP1+_cycMacro,GSE251950_21_01253_LI_SING,0.486486486486486,0.357798165137614,0.0982839313572542
Cycling_Bgc,SPP1+_cycMacro,GSE251950_21_01254_LI_SING,0.123778501628664,0.747706422018348,0.181975736568457
Cycling_Bgc,SPP1+_cycMacro,GSE251950_21_01675_LI_SING,0.411764705882352,0.64,0.302727272727272
Cycling_Bgc,SPP1+_cycMacro,GSM5494475_HNSCC201125T04,1.0,0.0,0.444933920704845
Cycling_Bgc,SPP1+_cycMacro,GSM5494476_HNSCC201125T05,0.357894736842105,0.804878048780487,0.745833333333333
Cycling_Bgc,SPP1+_cycMacro,GSM5494477_HNSCC201125T07,0.0,0.0,0.275280898876404
Cycling_Bgc,SPP1+_cycMacro,GSM5494478_HNSCC201125T10,1.0,1.0,0.384364820846905
Cycling_Bgc,SPP1+_cycMacro,GSM5494479_P210325T1,,1.0,0.442655935613682
Cycling_Bgc,SPP1+_cycMacro,GSM5494480_P210325T3,1.0,0.896551724137931,0.432098765432098
Cycling_Bgc,SPP1+_cycMacro,GSM5494481_P210325T5,0.0,1.0,0.544871794871794
Cycling_Bgc,SPP1+_cycMacro,GSM5494482_P210325T6,0.0,0.0,0.430167597765363
Cycling_Bgc,SPP1+_cycMacro,GSM5924030_ffpe_c_2,0.833887043189368,0.512562814070351,0.136865342163355
Cycling_Bgc,SPP1+_cycMacro,GSM5924031_ffpe_c_3,0.616104868913857,0.664473684210526,0.467598475222363
Cycling_Bgc,SPP1+_cycMacro,GSM5924032_ffpe_c_4,0.335664335664335,0.355140186915887,0.16093229744728
Cycling_Bgc,SPP1+_cycMacro,GSM5924033_ffpe_c_7,0.61877667140825,0.741818181818181,0.619444444444444
Cycling_Bgc,SPP1+_cycMacro,GSM5924034_ffpe_c_10,0.4126213592233,0.477272727272727,0.283346487766377
Cycling_Bgc,SPP1+_cycMacro,GSM5924035_ffpe_c_20,0.365724381625441,0.548717948717948,0.219336219336219
Cycling_Bgc,SPP1+_cycMacro,GSM5924036_ffpe_c_21,0.57051282051282,0.627659574468085,0.762662807525325
Cycling_Bgc,SPP1+_cycMacro,GSM5924037_ffpe_c_34,0.608272506082725,1.0,0.216949152542372
Cycling_Bgc,SPP1+_cycMacro,GSM5924038_ffpe_c_36,0.737179487179487,0.615384615384615,0.313527180783817
Cycling_Bgc,SPP1+_cycMacro,GSM5924039_ffpe_c_39,0.444128787878787,0.813648293963254,0.445812807881773
Cycling_Bgc,SPP1+_cycMacro,GSM5924040_ffpe_c_45,0.435726210350584,0.548611111111111,0.508165225744476
Cycling_Bgc,SPP1+_cycMacro,GSM5924041_ffpe_c_51,0.523076923076923,0.285714285714285,0.180613668061366
Cycling_Bgc,SPP1+_cycMacro,GSM5924042_frozen_a_1,0.797297297297297,1.0,0.0901960784313725
Cycling_Bgc,SPP1+_cycMacro,GSM5924043_frozen_a_3,0.36150234741784,0.0,0.336363636363636
Cycling_Bgc,SPP1+_cycMacro,GSM5924044_frozen_a_15,0.457692307692307,0.5859375,0.305460750853242
Cycling_Bgc,SPP1+_cycMacro,GSM5924045_frozen_a_17,0.0,1.0,0.185747663551401
Cycling_Bgc,SPP1+_cycMacro,GSM5924046_frozen_b_1,0.0,0.544303797468354,0.191387559808612
Cycling_Bgc,SPP1+_cycMacro,GSM5924048_frozen_b_13,0.4453125,0.516853932584269,0.0665859564164648
Cycling_Bgc,SPP1+_cycMacro,GSM5924049_frozen_b_18,0.541666666666666,0.664285714285714,0.339578454332552
Cycling_Bgc,SPP1+_cycMacro,GSM5924050_frozen_c_2,1.0,0.696969696969697,0.247987117552334
Cycling_Bgc,SPP1+_cycMacro,GSM5924051_frozen_c_5,1.0,1.0,0.424107142857142
Cycling_Bgc,SPP1+_cycMacro,GSM5924052_frozen_c_23,0.270547945205479,0.497326203208556,0.302583025830258
Cycling_Bgc,SPP1+_cycMacro,GSM5924053_frozen_c_57,,0.857142857142857,0.615234375
Cycling_Bgc,SPP1+_cycMacro,GSM6030901_patient_1,0.279279279279279,0.432624113475177,0.311320754716981
Cycling_Bgc,SPP1+_cycMacro,GSM6030902_patient_2,0.0,0.523076923076923,0.620331950207468
Cycling_Bgc,SPP1+_cycMacro,GSM6177607_NYU_GIST1_Vis,1.0,0.471428571428571,0.454646017699115
Cycling_Bgc,SPP1+_cycMacro,GSM6177609_NYU_GIST2_Vis,,,0.23953488372093
Cycling_Bgc,SPP1+_cycMacro,GSM6177612_NYU_LIHC1_Vis,1.0,0.208333333333333,0.426426426426426
Cycling_Bgc,SPP1+_cycMacro,GSM6177614_NYU_OVCA1_Vis,0.653225806451612,0.675879396984924,0.389328063241106
Cycling_Bgc,SPP1+_cycMacro,GSM6177617_NYU_OVCA3_Vis,0.436363636363636,0.372881355932203,0.303964757709251
Cycling_Bgc,SPP1+_cycMacro,GSM6177618_NYU_PDAC1_Vis,0.96875,0.159420289855072,0.31578947368421
Cycling_Bgc,SPP1+_cycMacro,GSM6177623_NYU_UCEC3_Vis,0.421800947867298,1.0,0.160493827160493
Cycling_Bgc,SPP1+_cycMacro,GSM6339631_s1,1.0,1.0,0.383673469387755
Cycling_Bgc,SPP1+_cycMacro,GSM6339632_s2,0.614583333333333,0.601769911504424,0.616045845272206
Cycling_Bgc,SPP1+_cycMacro,GSM6339633_s3,0.497854077253218,0.702702702702702,0.605504587155963
Cycling_Bgc,SPP1+_cycMacro,GSM6339634_s4,0.0,0.0,0.375921375921375
Cycling_Bgc,SPP1+_cycMacro,GSM6339635_s5,0.0,0.892473118279569,0.253456221198156
Cycling_Bgc,SPP1+_cycMacro,GSM6339636_s6,1.0,1.0,0.276356192425793
Cycling_Bgc,SPP1+_cycMacro,GSM6339637_s7,,,0.299202127659574
Cycling_Bgc,SPP1+_cycMacro,GSM6339638_s8,,0.0,0.360056258790436
Cycling_Bgc,SPP1+_cycMacro,GSM6339639_s9,,0.0,0.416581371545547
Cycling_Bgc,SPP1+_cycMacro,GSM6339640_s10,1.0,0.379746835443038,0.385826771653543
Cycling_Bgc,SPP1+_cycMacro,GSM6339641_s11,1.0,0.583333333333333,0.281345565749235
Cycling_Bgc,SPP1+_cycMacro,GSM6339642_s12,0.487179487179487,0.0,0.193473193473193
Cycling_Bgc,SPP1+_cycMacro,GSM6433585_092A,0.234875444839857,0.5,0.0138888888888888
Cycling_Bgc,SPP1+_cycMacro,GSM6433589_093C,0.305609284332688,0.364444444444444,0.265625
Cycling_Bgc,SPP1+_cycMacro,GSM6433591_094A,,1.0,0.187667560321715
Cycling_Bgc,SPP1+_cycMacro,GSM6433594_094D,0.0,0.682926829268292,0.254196642685851
Cycling_Bgc,SPP1+_cycMacro,GSM6433600_117E,0.636942675159235,0.0,0.611650485436893
Cycling_Bgc,SPP1+_cycMacro,GSM6433603_118D,0.0,0.0,0.23076923076923
Cycling_Bgc,SPP1+_cycMacro,GSM6433605_119B,0.0,0.0,0.136498516320474
Cycling_Bgc,SPP1+_cycMacro,GSM6433610_120C,0.141891891891891,0.0,0.154362416107382
Cycling_Bgc,SPP1+_cycMacro,GSM6433611_120D,0.422018348623853,0.559523809523809,0.459954233409611
Cycling_Bgc,SPP1+_cycMacro,GSM6433612_120E,,1.0,0.293877551020408
Cycling_Bgc,SPP1+_cycMacro,GSM6433615_395C,1.0,0.0,0.286802030456852
Cycling_Bgc,SPP1+_cycMacro,GSM6433620_397A,1.0,1.0,0.324022346368715
Cycling_Bgc,SPP1+_cycMacro,GSM6433621_397B,0.658823529411764,0.826086956521739,0.127659574468085
Cycling_Bgc,SPP1+_cycMacro,GSM6505133_DonorA,0.0,0.311926605504587,0.13735691987513
Cycling_Bgc,SPP1+_cycMacro,GSM6505134_DonorB,0.447115384615384,0.443037974683544,0.17445185891325
Cycling_Bgc,SPP1+_cycMacro,GSM6505135_DonorC,0.362606232294617,0.621428571428571,0.0939759036144578
Cycling_Bgc,SPP1+_cycMacro,GSM6506110_SP1,0.218424962852897,0.2248322147651,0.485169491525423
Cycling_Bgc,SPP1+_cycMacro,GSM6506111_SP2,0.0,0.0,0.0892857142857142
Cycling_Bgc,SPP1+_cycMacro,GSM6506112_SP3,0.0,0.186666666666666,0.235294117647058
Cycling_Bgc,SPP1+_cycMacro,GSM6506113_SP4,0.176165803108808,0.697916666666666,0.427240977881257
Cycling_Bgc,SPP1+_cycMacro,GSM6506114_SP5,0.0,0.0,0.0774818401937046
Cycling_Bgc,SPP1+_cycMacro,GSM6506115_SP6,1.0,0.188524590163934,0.145038167938931
Cycling_Bgc,SPP1+_cycMacro,GSM6506116_SP7,0.62929061784897,0.397946084724005,0.401727861771058
Cycling_Bgc,SPP1+_cycMacro,GSM6506117_SP8,0.290849673202614,0.389830508474576,0.505971769815418
Cycling_Bgc,SPP1+_cycMacro,GSM6833484_Patient1,0.259559675550405,0.405275779376498,0.349455864570737
Cycling_Bgc,SPP1+_cycMacro,GSM6833485_Patient2,0.371681415929203,0.307453416149068,0.137391304347826
Cycling_Bgc,SPP1+_cycMacro,GSM6833486_Patient3,0.0,1.0,0.205544286680189
Cycling_Bgc,SPP1+_cycMacro,GSM6833487_Patient4,0.487730061349693,0.329113924050632,0.261904761904761
Cycling_Bgc,SPP1+_cycMacro,GSM7019835_OCCR2v,0.854838709677419,0.342857142857142,0.197080291970802
Cycling_Bgc,SPP1+_cycMacro,GSM7019836_OCCS3v,1.0,0.261437908496732,0.370689655172413
Cycling_Bgc,SPP1+_cycMacro,GSM7058756,0.133501259445843,0.595238095238095,0.327659574468085
Cycling_Bgc,SPP1+_cycMacro,GSM7058757,0.333333333333333,0.869230769230769,0.403582718651211
Cycling_Bgc,SPP1+_cycMacro,GSM7058758,0.329608938547486,0.9375,0.406866952789699
Cycling_Bgc,SPP1+_cycMacro,GSM7058759,0.48728813559322,0.744444444444444,0.20073664825046
Cycling_Bgc,SPP1+_cycMacro,GSM7090086_NextSeq2000,0.384279475982532,1.0,0.395189003436426
Cycling_Bgc,SPP1+_cycMacro,GSM7090087_NextSeq2000,1.0,0.74820143884892,0.324621733149931
Cycling_Bgc,SPP1+_cycMacro,GSM7090088_NextSeq2000,1.0,0.4375,0.115281501340482
Cycling_Bgc,SPP1+_cycMacro,GSM7211257_EHU-W3,0.197969543147208,0.776371308016877,0.387563268257411
Cycling_Bgc,SPP1+_cycMacro,GSM7421790_PDAC_1,1.0,0.0,0.0869047619047619
Cycling_Bgc,SPP1+_cycMacro,GSM7421791_PDAC_2,0.478873239436619,0.0,0.0621621621621621
Cycling_Bgc,SPP1+_cycMacro,GSM7421792_PDAC_3,0.5,0.0,0.144578313253012
Cycling_Bgc,SPP1+_cycMacro,GSM7498811_SS1905133,0.0,0.571929824561403,0.1565749235474
Cycling_Bgc,SPP1+_cycMacro,GSM7498812_SS1923404,0.24074074074074,0.0,0.0915371329879101
Cycling_Bgc,SPP1+_cycMacro,GSM7498813_SS1945070,0.0,0.0,0.104254044337926
Cycling_Bgc,SPP1+_cycMacro,GSM7498814_SS1960050,0.0,0.333333333333333,0.115151515151515
Cycling_Bgc,SPP1+_cycMacro,GSM7498815_SS2002154,0.319915254237288,0.194444444444444,0.282014388489208
Cycling_Bgc,SPP1+_cycMacro,GSM7498816_SS2005094,0.10126582278481,0.36,0.0153374233128834
Cycling_Bgc,SPP1+_cycMacro,GSM7498817_SS2021309,0.0,0.23076923076923,0.0988620199146514
Cycling_Bgc,SPP1+_cycMacro,GSM7757970_R1-S1,0.596153846153846,0.0,0.267123287671232
Cycling_Bgc,SPP1+_cycMacro,GSM7757973_R1-S4,0.427947598253275,0.491803278688524,0.200230149597238
Cycling_Bgc,SPP1+_cycMacro,GSM7757975_R1-S6,0.336805555555555,0.6,0.143478260869565
Cycling_Bgc,SPP1+_cycMacro,GSM7757976_R2-S1,0.205583756345177,0.589595375722543,0.0697674418604651
Cycling_Bgc,SPP1+_cycMacro,GSM7757977_R2-S2,0.536723163841808,0.192170818505338,0.326424870466321
Cycling_Bgc,SPP1+_cycMacro,GSM7757979_R2-S4,0.166172106824925,0.596153846153846,0.546558704453441
Cycling_Bgc,SPP1+_cycMacro,GSM7757980_R2-S5,0.251798561151079,0.0,0.306378132118451
Cycling_Bgc,SPP1+_cycMacro,GSM7757983_R3-S3,0.0,0.0,0.0357142857142857
Cycling_Bgc,SPP1+_cycMacro,GSM7757984_R3-S4,0.433333333333333,0.528535980148883,0.160576923076923
Cycling_Bgc,SPP1+_cycMacro,GSM7777522_C1,0.349152542372881,0.516129032258064,0.0
Cycling_Bgc,SPP1+_cycMacro,GSM7850822_CHC20,0.534246575342465,1.0,0.10042735042735
Cycling_Bgc,SPP1+_cycMacro,HCC1R,0.622222222222222,0.0,0.378086419753086
Cycling_Bgc,SPP1+_cycMacro,HCC3R,0.234375,1.0,0.803108808290155
Cycling_Bgc,SPP1+_cycMacro,HCC4R,0.751111111111111,0.543046357615894,0.19047619047619
Cycling_Bgc,SPP1+_cycMacro,HCC6NR,1.0,0.585365853658536,0.384955752212389
Cycling_Bgc,SPP1+_cycMacro,HCC7NR,0.667638483965014,0.277504105090312,1.0
Cycling_Bgc,SPP1+_cycMacro,HRA000437_HCC-1T,0.295454545454545,1.0,0.312339331619537
Cycling_Bgc,SPP1+_cycMacro,HRA000437_HCC-2T,0.357229647630619,0.462576687116564,0.353794642857142
Cycling_Bgc,SPP1+_cycMacro,HRA000437_HCC-3T,1.0,0.759375,0.418786692759295
Cycling_Bgc,SPP1+_cycMacro,HRA000437_HCC-4T,0.378723404255319,0.388535031847133,0.255263157894736
Cycling_Bgc,SPP1+_cycMacro,Parent_Visium_Human_BreastCancer_201027,0.492600422832981,0.534749034749034,0.1760391198044
Cycling_Bgc,SPP1+_cycMacro,Parent_Visium_Human_ColorectalCancer_201027,0.775956284153005,0.0,0.471774193548387
Cycling_Bgc,SPP1+_cycMacro,Parent_Visium_Human_OvarianCancer_201027,0.230434782608695,0.460850111856823,0.0681458003169572
Cycling_Bgc,SPP1+_cycMacro,S16_43398,0.401606425702811,0.700729927007299,0.16804979253112
Cycling_Bgc,SPP1+_cycMacro,S20_47598,0.389473684210526,0.77906976744186,0.297440423654015
Cycling_Bgc,SPP1+_cycMacro,S20_61122,0.434666666666666,0.35920177383592,0.139747191011235
Cycling_Bgc,SPP1+_cycMacro,S20_63981,0.15079365079365,0.174273858921161,0.24835646457268
Cycling_Bgc,SPP1+_cycMacro,S21_10267,0.159770114942528,0.505154639175257,0.501089324618736
Cycling_Bgc,SPP1+_cycMacro,SN048_A121573_Rep1,0.721712538226299,0.719101123595505,0.302431610942249
Cycling_Bgc,SPP1+_cycMacro,SN048_A121573_Rep2,1.0,1.0,0.385542168674698
Cycling_Bgc,SPP1+_cycMacro,SN048_A416371_Rep1,0.381818181818181,0.0,0.559748427672956
Cycling_Bgc,SPP1+_cycMacro,SN048_A416371_Rep2,0.571428571428571,0.0,0.234536082474226
Cycling_Bgc,SPP1+_cycMacro,SN123_A551763_Rep1,1.0,1.0,0.204651162790697
Cycling_Bgc,SPP1+_cycMacro,SN123_A595688_Rep1,0.478947368421052,0.445652173913043,0.389610389610389
Cycling_Bgc,SPP1+_cycMacro,SN123_A938797_Rep1_X,0.0,0.274074074074074,0.522222222222222
Cycling_Bgc,SPP1+_cycMacro,SN124_A551763_Rep2,,,0.263513513513513
Cycling_Bgc,SPP1+_cycMacro,SN124_A595688_Rep2,1.0,1.0,0.0
Cycling_Bgc,SPP1+_cycMacro,SN124_A938797_Rep2,0.36551724137931,0.241379310344827,0.574614065180102
Cycling_Bgc,SPP1+_cycMacro,SN84_A120838_Rep1,1.0,0.416666666666666,0.621212121212121
Cycling_Bgc,SPP1+_cycMacro,SN84_A120838_Rep2,0.598837209302325,0.890510948905109,0.412868632707774
Cycling_Bgc,SPP1+_cycMacro,V10F24-015_A1,0.0,0.5625,0.164217804667242
Cycling_Bgc,SPP1+_cycMacro,V10F24-015_B1,0.0,0.193548387096774,0.376050420168067
Cycling_Bgc,SPP1+_cycMacro,V10F24-015_C1,0.122257053291536,0.401129943502824,0.275229357798165
Cycling_Bgc,SPP1+_cycMacro,V10F24-015_D1,0.0,0.0,0.0711610486891385
Cycling_Bgc,SPP1+_cycMacro,V11A20-405_C1,0.25760649087221,0.614285714285714,0.219620958751393
Cycling_Bgc,SPP1+_cycMacro,V11A20-405_D1,0.375227686703096,0.594936708860759,0.245376078914919
Cycling_Bgc,SPP1+_cycMacro,V11M22-349_C1,0.518950437317784,0.775401069518716,0.380520951302378
Cycling_Bgc,SPP1+_cycMacro,V11M22-349_D1,1.0,0.773006134969325,0.286499215070643
Cycling_Bgc,SPP1+_cycMacro,V1_Breast_Cancer_Block_A_Section_2_200623,0.134387351778656,0.617977528089887,0.210970464135021
Cycling_Bgc,SPP1+_cycMacro,V1_Human_Invasive_Ductal_Carcinoma_210511,0.427272727272727,0.779661016949152,0.116987179487179
Cycling_Bgc,SPP1+_cycMacro,Visium_FFPE_Human_Intestinal_Cancer_220329,0.503676470588235,0.367588932806324,0.222857142857142
Cycling_Bgc,SPP1+_cycMacro,Visium_FFPE_Human_Ovarian_Cancer_220329,0.483805668016194,0.305454545454545,0.196808510638297
Cycling_Bgc,SPP1+_cycMacro,Visium_FFPE_Human_Prostate_Acinar_Cell_Carcinoma_211009,0.282051282051282,1.0,0.432907348242811
Cycling_Bgc,SPP1+_cycMacro,Visium_FFPE_Human_Prostate_Cancer_210609,0.492248062015503,0.964788732394366,0.580427446569178
Cycling_Bgc,SPP1+_cycMacro,Visium_FFPE_Human_Prostate_IF_220713,0.385714285714285,0.428571428571428,0.516003879728419
Cycling_Bgc,SPP1+_cycMacro,Visium_Human_Breast_Cancer_220702,0.685279187817258,0.506607929515418,0.21578947368421
Cycling_Bgc,SPP1+_cycMacro,WSSKNKCLsp12140270,0.520833333333333,1.0,0.159021406727828
Cycling_Bgc,SPP1+_cycMacro,WSSKNKCLsp12140271,0.0,0.603896103896103,0.119047619047619
Cycling_Bgc,SPP1+_cycMacro,WSSKNKCLsp12140272,0.0,0.488372093023255,0.0574098798397863
Cycling_Bgc,SPP1+_cycMacro,WSSKNKCLsp12140273,0.0,0.0,0.263066202090592
Cycling_Bgc,SPP1+_cycMacro,WSSKNKCLsp12887267,0.0,0.0,0.193277310924369
Cycling_Bgc,SPP1+_cycMacro,WSSKNKCLsp12887268,0.0,0.0,0.198433420365535
Cycling_Bgc,SPP1+_cycMacro,WSSKNKCLsp12887269,1.0,0.0,0.0666666666666666
Cycling_Bgc,SPP1+_cycMacro,WSSKNKCLsp12887270,,0.0,0.021551724137931
Cycling_Bgc,SPP1+_cycMacro,Zenodo10119273_Tumor2,0.288209606986899,0.514563106796116,0.467289719626168
Cycling_Bgc,SPP1+_cycMacro,scCRLM_Atlas_ST-colon1,0.238317757009345,0.20886075949367,0.517842981760507
Cycling_Bgc,SPP1+_cycMacro,scCRLM_Atlas_ST-colon2,0.0,0.59375,0.304560260586319
Cycling_Bgc,SPP1+_cycMacro,scCRLM_Atlas_ST-colon3,0.850961538461538,0.933333333333333,0.374625374625374
Cycling_Bgc,SPP1+_cycMacro,scCRLM_Atlas_ST-colon4,0.618483412322274,0.898809523809523,0.394898856640281
Cycling_Bgc,ABC,01_034_C1d1,0.0,0.511627906976744,0.250859106529209
Cycling_Bgc,ABC,01_034_C3d1,0.369175627240143,0.543478260869565,0.0
Cycling_Bgc,ABC,01_039_C1d1,0.387323943661971,0.948717948717948,0.539840637450199
Cycling_Bgc,ABC,01_039_C3d1,0.342465753424657,0.311688311688311,0.216427640156453
Cycling_Bgc,ABC,1142243F,0.758389261744966,0.691964285714285,0.0910273081924577
Cycling_Bgc,ABC,A_955_OvarianTumor,0.605633802816901,0.685770750988142,0.244916820702402
Cycling_Bgc,ABC,A_GTFB1154_OvarianCancerTumor,0.0,0.286549707602339,0.380434782608695
Cycling_Bgc,ABC,Ajou_Visium_P1,0.777777777777777,0.835329341317365,0.579004329004329
Cycling_Bgc,ABC,Ajou_Visium_P2,0.550898203592814,0.979591836734694,0.83267716535433
Cycling_Bgc,ABC,Ajou_Visium_P3,,,0.503454231433506
Cycling_Bgc,ABC,Ajou_Visium_P4,0.485915492957746,0.492890995260663,0.6775956284153
Cycling_Bgc,ABC,B_GTFB1191_OvarianCancerTumor,0.576612903225806,0.297169811320754,0.480791618160651
Cycling_Bgc,ABC,CID4290,0.0,0.575757575757575,0.272613065326633
Cycling_Bgc,ABC,CID4465,0.642857142857142,0.405857740585774,0.5
Cycling_Bgc,ABC,C_GTFB1170_SmallCellOvarianCancer,0.0,0.434782608695652,0.379350348027842
Cycling_Bgc,ABC,Colon_10x_Visium_SampleP2_CRC,0.315282791817087,0.822222222222222,0.434325744308231
Cycling_Bgc,ABC,CytAssist_11mm_FFPE_Human_Lung_Cancer_230214,0.160033869602032,0.572265625,0.357012750455373
Cycling_Bgc,ABC,CytAssist_11mm_FFPE_Human_Ovarian_Carcinoma_220715,0.357142857142857,0.777777777777777,0.0845771144278607
Cycling_Bgc,ABC,CytAssist_FFPE_Human_Lung_Squamous_Cell_Carcinoma_220714,0.235772357723577,0.679245283018867,0.47804054054054
Cycling_Bgc,ABC,D_GTFB1170_SmallCellOvarianCancer,0.236467236467236,1.0,0.297902097902097
Cycling_Bgc,ABC,D_GTFB_1230_OvarianTumor,0.0,0.256410256410256,0.234086242299794
Cycling_Bgc,ABC,E_MTAB_13530_P10_T1,0.498207885304659,0.809716599190283,0.641584158415841
Cycling_Bgc,ABC,E_MTAB_13530_P10_T2,0.446601941747572,0.48051948051948,0.228878648233486
Cycling_Bgc,ABC,E_MTAB_13530_P10_T3,0.601190476190476,0.0,0.141025641025641
Cycling_Bgc,ABC,E_MTAB_13530_P10_T4,0.314009661835748,0.360995850622406,0.352622061482821
Cycling_Bgc,ABC,E_MTAB_13530_P11_T1,0.491071428571428,0.384057971014492,0.74537037037037
Cycling_Bgc,ABC,E_MTAB_13530_P11_T2,0.790697674418604,0.603448275862069,0.595307917888563
Cycling_Bgc,ABC,E_MTAB_13530_P11_T3,0.0,1.0,0.542074363992172
Cycling_Bgc,ABC,E_MTAB_13530_P11_T4,0.0,0.0,0.614736842105263
Cycling_Bgc,ABC,E_MTAB_13530_P15_T1,0.562753036437247,0.476070528967254,0.529488859764089
Cycling_Bgc,ABC,E_MTAB_13530_P15_T2,0.275092936802974,0.356031128404669,0.42085308056872
Cycling_Bgc,ABC,E_MTAB_13530_P16_T1,0.324324324324324,0.526785714285714,0.345637583892617
Cycling_Bgc,ABC,E_MTAB_13530_P16_T2,0.0,0.188976377952755,0.366666666666666
Cycling_Bgc,ABC,E_MTAB_13530_P17_T1,0.256055363321799,0.440928270042194,0.249572649572649
Cycling_Bgc,ABC,E_MTAB_13530_P17_T2,0.40275387263339,0.410339256865912,0.221337579617834
Cycling_Bgc,ABC,E_MTAB_13530_P19_T1,0.400584795321637,0.593908629441624,0.538461538461538
Cycling_Bgc,ABC,E_MTAB_13530_P19_T2,0.473404255319148,0.533692722371967,0.824524312896405
Cycling_Bgc,ABC,E_MTAB_13530_P24_T1,0.367816091954023,0.0,0.118110236220472
Cycling_Bgc,ABC,E_MTAB_13530_P24_T2,0.377551020408163,0.282894736842105,0.208561020036429
Cycling_Bgc,ABC,E_MTAB_13530_P25_T1,0.259259259259259,0.669117647058823,0.362105263157894
Cycling_Bgc,ABC,E_MTAB_13530_P25_T2,0.490566037735849,0.513888888888888,0.468030690537084
Cycling_Bgc,ABC,GSE144239_GSM4565823,0.0,1.0,0.42004264392324
Cycling_Bgc,ABC,GSE144239_GSM4565824,0.0,,0.194610778443113
Cycling_Bgc,ABC,GSE144239_GSM4565825,0.842105263157894,0.66826923076923,0.0548469387755102
Cycling_Bgc,ABC,GSE144239_GSM4565826,0.0,0.0,0.0963963963963964
Cycling_Bgc,ABC,GSE251950_20_00331_LI_SING,0.513513513513513,0.575342465753424,0.655870445344129
Cycling_Bgc,ABC,GSE251950_21_00731_LI_SING,0.36231884057971,0.71875,0.532342657342657
Cycling_Bgc,ABC,GSE251950_21_00732_LI_SING,0.244680851063829,0.909090909090909,0.553030303030303
Cycling_Bgc,ABC,GSE251950_21_00733_LI_SING,0.0,0.863157894736842,0.40356394129979
Cycling_Bgc,ABC,GSE251950_21_00734_LI_SING,0.237704918032786,0.0,0.278787878787878
Cycling_Bgc,ABC,GSE251950_21_01251_LI_SING,0.0714285714285714,0.0972222222222222,0.679878048780487
Cycling_Bgc,ABC,GSE251950_21_01253_LI_SING,0.411764705882352,0.56910569105691,0.333333333333333
Cycling_Bgc,ABC,GSE251950_21_01254_LI_SING,0.826315789473684,0.608888888888888,0.194174757281553
Cycling_Bgc,ABC,GSE251950_21_01675_LI_SING,0.408333333333333,0.361010830324909,0.612021857923497
Cycling_Bgc,ABC,GSM5494475_HNSCC201125T04,1.0,0.0,0.701195219123506
Cycling_Bgc,ABC,GSM5494476_HNSCC201125T05,0.236559139784946,0.957142857142857,0.831234256926952
Cycling_Bgc,ABC,GSM5494477_HNSCC201125T07,0.0,0.0,0.457765667574931
Cycling_Bgc,ABC,GSM5494478_HNSCC201125T10,0.0,0.0,0.247030878859857
Cycling_Bgc,ABC,GSM5494479_P210325T1,,1.0,0.441707717569786
Cycling_Bgc,ABC,GSM5494480_P210325T3,1.0,0.818181818181818,0.224537037037037
Cycling_Bgc,ABC,GSM5494481_P210325T5,0.0,1.0,0.592511013215859
Cycling_Bgc,ABC,GSM5494482_P210325T6,0.0,0.0,0.371345029239766
Cycling_Bgc,ABC,GSM5924030_ffpe_c_2,0.808571428571428,0.708333333333333,0.492256637168141
Cycling_Bgc,ABC,GSM5924031_ffpe_c_3,0.183050847457627,0.523341523341523,0.0366666666666666
Cycling_Bgc,ABC,GSM5924032_ffpe_c_4,0.52588996763754,0.66824644549763,0.547747747747747
Cycling_Bgc,ABC,GSM5924033_ffpe_c_7,0.231522707034728,0.646067415730337,0.180795847750865
Cycling_Bgc,ABC,GSM5924034_ffpe_c_10,1.0,0.0,0.359887535145267
Cycling_Bgc,ABC,GSM5924035_ffpe_c_20,0.721491228070175,0.708683473389355,0.438009049773755
Cycling_Bgc,ABC,GSM5924036_ffpe_c_21,0.311158798283261,0.519774011299435,0.0162846803377563
Cycling_Bgc,ABC,GSM5924037_ffpe_c_34,0.103715170278637,0.164705882352941,0.641089108910891
Cycling_Bgc,ABC,GSM5924038_ffpe_c_36,0.152777777777777,0.327586206896551,0.312554872695346
Cycling_Bgc,ABC,GSM5924039_ffpe_c_39,0.285389856169568,0.66093366093366,0.378205128205128
Cycling_Bgc,ABC,GSM5924040_ffpe_c_45,0.435185185185185,0.335365853658536,0.717250324254215
Cycling_Bgc,ABC,GSM5924041_ffpe_c_51,0.1125,0.43010752688172,0.544666088464874
Cycling_Bgc,ABC,GSM5924042_frozen_a_1,1.0,1.0,0.578125
Cycling_Bgc,ABC,GSM5924043_frozen_a_3,0.329870129870129,0.0,0.333333333333333
Cycling_Bgc,ABC,GSM5924044_frozen_a_15,0.245614035087719,0.590062111801242,0.477317554240631
Cycling_Bgc,ABC,GSM5924045_frozen_a_17,1.0,1.0,0.480722891566265
Cycling_Bgc,ABC,GSM5924046_frozen_b_1,0.0,0.455696202531645,0.123425692695214
Cycling_Bgc,ABC,GSM5924048_frozen_b_13,0.836065573770491,0.671641791044776,0.493693693693693
Cycling_Bgc,ABC,GSM5924049_frozen_b_18,0.664473684210526,0.443243243243243,0.393004115226337
Cycling_Bgc,ABC,GSM5924050_frozen_c_2,0.570093457943925,0.696969696969697,0.480369515011547
Cycling_Bgc,ABC,GSM5924051_frozen_c_5,0.362068965517241,0.409090909090909,0.328690807799442
Cycling_Bgc,ABC,GSM5924052_frozen_c_23,0.214723926380368,0.503184713375796,0.495934959349593
Cycling_Bgc,ABC,GSM5924053_frozen_c_57,,1.0,0.27027027027027
Cycling_Bgc,ABC,GSM6030901_patient_1,1.0,1.0,0.507430997876857
Cycling_Bgc,ABC,GSM6030902_patient_2,0.0,0.0,0.86864406779661
Cycling_Bgc,ABC,GSM6177607_NYU_GIST1_Vis,1.0,0.611814345991561,0.359375
Cycling_Bgc,ABC,GSM6177609_NYU_GIST2_Vis,,,0.506297229219143
Cycling_Bgc,ABC,GSM6177612_NYU_LIHC1_Vis,0.174603174603174,0.208333333333333,0.416
Cycling_Bgc,ABC,GSM6177614_NYU_OVCA1_Vis,0.653225806451612,0.669975186104218,0.469473684210526
Cycling_Bgc,ABC,GSM6177617_NYU_OVCA3_Vis,0.32,0.372881355932203,0.309859154929577
Cycling_Bgc,ABC,GSM6177618_NYU_PDAC1_Vis,1.0,0.321678321678321,0.590697674418604
Cycling_Bgc,ABC,GSM6177623_NYU_UCEC3_Vis,0.37065637065637,0.606382978723404,0.0447227191413237
Cycling_Bgc,ABC,GSM6339631_s1,1.0,1.0,0.86652078774617
Cycling_Bgc,ABC,GSM6339632_s2,0.407801418439716,0.76595744680851,0.509174311926605
Cycling_Bgc,ABC,GSM6339633_s3,0.53781512605042,1.0,0.73015873015873
Cycling_Bgc,ABC,GSM6339634_s4,0.0,0.0,0.310708898944193
Cycling_Bgc,ABC,GSM6339635_s5,0.0,0.489361702127659,0.232876712328767
Cycling_Bgc,ABC,GSM6339636_s6,1.0,1.0,0.188659793814432
Cycling_Bgc,ABC,GSM6339637_s7,,,0.184840425531914
Cycling_Bgc,ABC,GSM6339638_s8,,0.0,0.150442477876106
Cycling_Bgc,ABC,GSM6339639_s9,,0.0,0.379061371841155
Cycling_Bgc,ABC,GSM6339640_s10,1.0,0.936708860759493,0.51063829787234
Cycling_Bgc,ABC,GSM6339641_s11,0.0,0.268518518518518,0.13859910581222
Cycling_Bgc,ABC,GSM6339642_s12,0.421052631578947,1.0,0.336032388663967
Cycling_Bgc,ABC,GSM6433585_092A,0.45045045045045,0.5,0.0409207161125319
Cycling_Bgc,ABC,GSM6433589_093C,0.321942446043165,0.399497487437185,0.43019943019943
Cycling_Bgc,ABC,GSM6433591_094A,,0.88235294117647,0.0069930069930069
Cycling_Bgc,ABC,GSM6433594_094D,0.0,0.682926829268292,0.0266666666666666
Cycling_Bgc,ABC,GSM6433600_117E,0.667701863354037,0.0,1.0
Cycling_Bgc,ABC,GSM6433603_118D,0.0,0.459016393442622,0.163106796116504
Cycling_Bgc,ABC,GSM6433605_119B,1.0,0.0,0.145569620253164
Cycling_Bgc,ABC,GSM6433610_120C,0.0695876288659793,0.53731343283582,0.638157894736842
Cycling_Bgc,ABC,GSM6433611_120D,0.335329341317365,0.503030303030303,0.205417607223476
Cycling_Bgc,ABC,GSM6433612_120E,,1.0,0.222044728434504
Cycling_Bgc,ABC,GSM6433615_395C,0.0,0.466666666666666,0.12781954887218
Cycling_Bgc,ABC,GSM6433620_397A,0.0,0.321428571428571,0.282208588957055
Cycling_Bgc,ABC,GSM6433621_397B,0.0,0.0,0.147959183673469
Cycling_Bgc,ABC,GSM6505133_DonorA,0.0,0.6875,0.644859813084112
Cycling_Bgc,ABC,GSM6505134_DonorB,0.676923076923077,0.943548387096774,0.806078147612156
Cycling_Bgc,ABC,GSM6505135_DonorC,0.58204334365325,0.925233644859813,0.944237918215613
Cycling_Bgc,ABC,GSM6506110_SP1,0.187408491947291,0.219269102990033,0.485232067510548
Cycling_Bgc,ABC,GSM6506111_SP2,0.0,0.0,0.10499139414802
Cycling_Bgc,ABC,GSM6506112_SP3,0.0,0.0,0.240863787375415
Cycling_Bgc,ABC,GSM6506113_SP4,0.637305699481865,0.90721649484536,0.353881278538812
Cycling_Bgc,ABC,GSM6506114_SP5,0.0,0.0,0.073627844712182
Cycling_Bgc,ABC,GSM6506115_SP6,0.611111111111111,0.188524590163934,0.0566037735849056
Cycling_Bgc,ABC,GSM6506116_SP7,0.643497757847533,0.361538461538461,0.379835873388042
Cycling_Bgc,ABC,GSM6506117_SP8,0.624183006535947,0.442307692307692,0.463180362860192
Cycling_Bgc,ABC,GSM6833484_Patient1,0.388746803069053,0.548387096774193,0.499274310595065
Cycling_Bgc,ABC,GSM6833485_Patient2,0.477272727272727,0.289473684210526,0.388149939540507
Cycling_Bgc,ABC,GSM6833486_Patient3,0.0,1.0,0.261874197689345
Cycling_Bgc,ABC,GSM6833487_Patient4,0.471502590673575,0.801007556675063,0.628774422735346
Cycling_Bgc,ABC,GSM7019835_OCCR2v,0.181818181818181,0.325714285714285,0.172018348623853
Cycling_Bgc,ABC,GSM7019836_OCCS3v,0.734042553191489,1.0,0.363128491620111
Cycling_Bgc,ABC,GSM7058756,0.117478510028653,0.593457943925233,0.794797687861271
Cycling_Bgc,ABC,GSM7058757,0.407035175879396,1.0,0.624050632911392
Cycling_Bgc,ABC,GSM7058758,0.516778523489932,0.0,0.709914320685434
Cycling_Bgc,ABC,GSM7058759,0.48728813559322,0.632075471698113,0.430441898527004
Cycling_Bgc,ABC,GSM7090086_NextSeq2000,0.379310344827586,1.0,0.517133956386292
Cycling_Bgc,ABC,GSM7090087_NextSeq2000,1.0,0.794326241134751,0.353960396039603
Cycling_Bgc,ABC,GSM7090088_NextSeq2000,1.0,0.0,0.145833333333333
Cycling_Bgc,ABC,GSM7211257_EHU-W3,0.193602693602693,0.487068965517241,0.237678855325914
Cycling_Bgc,ABC,GSM7421790_PDAC_1,1.0,1.0,0.692164179104477
Cycling_Bgc,ABC,GSM7421791_PDAC_2,0.970588235294117,0.0,0.748743718592964
Cycling_Bgc,ABC,GSM7421792_PDAC_3,1.0,0.0,0.679389312977099
Cycling_Bgc,ABC,GSM7498811_SS1905133,1.0,0.624454148471615,0.93010752688172
Cycling_Bgc,ABC,GSM7498812_SS1923404,0.933333333333333,0.508474576271186,0.791563275434243
Cycling_Bgc,ABC,GSM7498813_SS1945070,1.0,0.0,0.597525473071324
Cycling_Bgc,ABC,GSM7498814_SS1960050,1.0,0.939393939393939,0.551724137931034
Cycling_Bgc,ABC,GSM7498815_SS2002154,0.878640776699029,0.561797752808988,0.677922077922077
Cycling_Bgc,ABC,GSM7498816_SS2005094,0.692307692307692,0.951219512195122,0.892045454545454
Cycling_Bgc,ABC,GSM7498817_SS2021309,1.0,1.0,0.899150743099787
Cycling_Bgc,ABC,GSM7757970_R1-S1,0.186746987951807,0.252747252747252,0.273516642547033
Cycling_Bgc,ABC,GSM7757973_R1-S4,0.430167597765363,0.391752577319587,0.300561797752809
Cycling_Bgc,ABC,GSM7757975_R1-S6,0.411247803163444,0.324137931034482,0.0
Cycling_Bgc,ABC,GSM7757976_R2-S1,0.127450980392156,0.245454545454545,0.0633116883116883
Cycling_Bgc,ABC,GSM7757977_R2-S2,0.169934640522875,0.301255230125523,0.262208067940552
Cycling_Bgc,ABC,GSM7757979_R2-S4,0.20855614973262,1.0,0.257777777777777
Cycling_Bgc,ABC,GSM7757980_R2-S5,0.74820143884892,0.389830508474576,0.184
Cycling_Bgc,ABC,GSM7757983_R3-S3,0.0,0.0,0.0421052631578947
Cycling_Bgc,ABC,GSM7757984_R3-S4,0.365269461077844,0.185643564356435,0.431788079470198
Cycling_Bgc,ABC,GSM7777522_C1,0.260714285714285,0.372093023255813,0.588235294117647
Cycling_Bgc,ABC,GSM7850822_CHC20,0.268571428571428,0.617647058823529,0.0
Cycling_Bgc,ABC,HCC1R,0.375,0.0,0.367758186397984
Cycling_Bgc,ABC,HCC3R,0.465986394557823,1.0,0.460144927536231
Cycling_Bgc,ABC,HCC4R,0.546666666666666,0.543046357615894,0.209550962223806
Cycling_Bgc,ABC,HCC6NR,0.777777777777777,0.35,0.321487603305785
Cycling_Bgc,ABC,HCC7NR,0.632311977715877,0.325722983257229,0.52127659574468
Cycling_Bgc,ABC,HRA000437_HCC-1T,0.181818181818181,0.490566037735849,0.203761755485893
Cycling_Bgc,ABC,HRA000437_HCC-2T,0.201814058956916,0.35659760087241,0.360619469026548
Cycling_Bgc,ABC,HRA000437_HCC-3T,0.307692307692307,0.595092024539877,0.177844762622456
Cycling_Bgc,ABC,HRA000437_HCC-4T,0.645714285714285,0.238805970149253,0.23337856173677
Cycling_Bgc,ABC,Parent_Visium_Human_BreastCancer_201027,0.615571776155717,0.525547445255474,0.375542691751085
Cycling_Bgc,ABC,Parent_Visium_Human_ColorectalCancer_201027,0.741379310344827,1.0,0.610719322990127
Cycling_Bgc,ABC,Parent_Visium_Human_OvarianCancer_201027,0.280958721704394,0.427061310782241,0.106927710843373
Cycling_Bgc,ABC,S16_43398,0.825471698113207,1.0,0.594671741198858
Cycling_Bgc,ABC,S20_47598,0.242038216560509,0.51864406779661,0.415011037527593
Cycling_Bgc,ABC,S20_61122,0.842553191489361,1.0,0.538782318598832
Cycling_Bgc,ABC,S20_63981,0.495575221238938,0.820689655172413,0.51040312093628
Cycling_Bgc,ABC,S21_10267,0.599700149925037,0.883040935672514,0.575297941495124
Cycling_Bgc,ABC,SN048_A121573_Rep1,0.711111111111111,0.732558139534883,0.824074074074074
Cycling_Bgc,ABC,SN048_A121573_Rep2,1.0,0.805084745762711,0.631477927063339
Cycling_Bgc,ABC,SN048_A416371_Rep1,0.986363636363636,0.0,0.58252427184466
Cycling_Bgc,ABC,SN048_A416371_Rep2,1.0,0.0,0.379310344827586
Cycling_Bgc,ABC,SN123_A551763_Rep1,1.0,1.0,0.220883534136546
Cycling_Bgc,ABC,SN123_A595688_Rep1,0.857142857142857,0.264367816091954,0.469626168224299
Cycling_Bgc,ABC,SN123_A938797_Rep1_X,0.0,0.0,0.884036144578313
Cycling_Bgc,ABC,SN124_A551763_Rep2,,,0.31758530183727
Cycling_Bgc,ABC,SN124_A595688_Rep2,1.0,1.0,1.0
Cycling_Bgc,ABC,SN124_A938797_Rep2,0.466165413533834,0.903061224489796,0.713576158940397
Cycling_Bgc,ABC,SN84_A120838_Rep1,0.903225806451612,1.0,0.82051282051282
Cycling_Bgc,ABC,SN84_A120838_Rep2,1.0,0.931297709923664,0.739766081871345
Cycling_Bgc,ABC,V10F24-015_A1,0.0,0.5625,0.130612244897959
Cycling_Bgc,ABC,V10F24-015_B1,0.231527093596059,0.462184873949579,0.456947162426614
Cycling_Bgc,ABC,V10F24-015_C1,0.120805369127516,0.152380952380952,0.345622119815668
Cycling_Bgc,ABC,V10F24-015_D1,0.0,0.0,0.198742138364779
Cycling_Bgc,ABC,V11A20-405_C1,0.243455497382198,0.846153846153846,0.079646017699115
Cycling_Bgc,ABC,V11A20-405_D1,0.380208333333333,0.416326530612244,0.146002317497103
Cycling_Bgc,ABC,V11M22-349_C1,0.336283185840708,0.74331550802139,0.0722021660649819
Cycling_Bgc,ABC,V11M22-349_D1,1.0,0.580246913580246,0.229933110367893
Cycling_Bgc,ABC,V1_Breast_Cancer_Block_A_Section_2_200623,0.0,0.145669291338582,0.0290611028315946
Cycling_Bgc,ABC,V1_Human_Invasive_Ductal_Carcinoma_210511,0.0742049469964664,0.0,0.0025657472738935
Cycling_Bgc,ABC,Visium_FFPE_Human_Intestinal_Cancer_220329,0.527472527472527,0.816816816816816,0.771349862258953
Cycling_Bgc,ABC,Visium_FFPE_Human_Ovarian_Cancer_220329,0.404220779220779,0.403361344537815,0.252727272727272
Cycling_Bgc,ABC,Visium_FFPE_Human_Prostate_Acinar_Cell_Carcinoma_211009,0.218009478672985,0.606060606060606,0.179924242424242
Cycling_Bgc,ABC,Visium_FFPE_Human_Prostate_Cancer_210609,0.434169278996865,0.271844660194174,0.314578005115089
Cycling_Bgc,ABC,Visium_FFPE_Human_Prostate_IF_220713,0.385714285714285,0.367816091954023,0.455615942028985
Cycling_Bgc,ABC,Visium_Human_Breast_Cancer_220702,0.336387434554973,0.217013888888888,0.0480895915678524
Cycling_Bgc,ABC,WSSKNKCLsp12140270,0.479166666666666,0.952380952380952,0.127167630057803
Cycling_Bgc,ABC,WSSKNKCLsp12140271,0.0,0.603896103896103,0.0694736842105263
Cycling_Bgc,ABC,WSSKNKCLsp12140272,0.0,0.511627906976744,0.0733788395904436
Cycling_Bgc,ABC,WSSKNKCLsp12140273,0.0,0.0,0.200564971751412
Cycling_Bgc,ABC,WSSKNKCLsp12887267,0.723076923076923,0.875,0.04631217838765
Cycling_Bgc,ABC,WSSKNKCLsp12887268,1.0,0.0,0.129930394431554
Cycling_Bgc,ABC,WSSKNKCLsp12887269,0.731958762886597,0.0,0.108571428571428
Cycling_Bgc,ABC,WSSKNKCLsp12887270,,0.0,0.10351201478743
Cycling_Bgc,ABC,Zenodo10119273_Tumor2,0.222222222222222,0.223140495867768,0.596
Cycling_Bgc,ABC,scCRLM_Atlas_ST-colon1,0.23046875,0.20886075949367,0.66520979020979
Cycling_Bgc,ABC,scCRLM_Atlas_ST-colon2,0.0,0.572916666666666,0.661596958174904
Cycling_Bgc,ABC,scCRLM_Atlas_ST-colon3,1.0,0.0,0.578327444051825
Cycling_Bgc,ABC,scCRLM_Atlas_ST-colon4,0.767379679144385,0.939024390243902,0.309183673469387
Cycling_Bgc,CD4_Tcm/Tn,01_034_C1d1,0.0,0.0,0.58267716535433
Cycling_Bgc,CD4_Tcm/Tn,01_034_C3d1,0.639575971731448,0.543478260869565,0.0
Cycling_Bgc,CD4_Tcm/Tn,01_039_C1d1,0.382716049382716,0.0813953488372093,0.31060606060606
Cycling_Bgc,CD4_Tcm/Tn,01_039_C3d1,0.376811594202898,0.157894736842105,0.05625
Cycling_Bgc,CD4_Tcm/Tn,1142243F,0.758389261744966,0.524663677130044,0.0923392612859097
Cycling_Bgc,CD4_Tcm/Tn,A_955_OvarianTumor,0.330985915492957,0.701375245579567,0.153225806451612
Cycling_Bgc,CD4_Tcm/Tn,A_GTFB1154_OvarianCancerTumor,0.0,0.298780487804878,0.341614906832298
Cycling_Bgc,CD4_Tcm/Tn,Ajou_Visium_P1,0.574675324675324,0.811940298507462,0.456427015250544
Cycling_Bgc,CD4_Tcm/Tn,Ajou_Visium_P2,0.572314049586776,0.993103448275862,0.28988326848249
Cycling_Bgc,CD4_Tcm/Tn,Ajou_Visium_P3,,,0.474100087796312
Cycling_Bgc,CD4_Tcm/Tn,Ajou_Visium_P4,0.457142857142857,0.604081632653061,0.620253164556962
Cycling_Bgc,CD4_Tcm/Tn,B_GTFB1191_OvarianCancerTumor,0.388888888888888,0.450704225352112,0.276315789473684
Cycling_Bgc,CD4_Tcm/Tn,CID4290,0.0,0.575757575757575,0.255689424364123
Cycling_Bgc,CD4_Tcm/Tn,CID4465,0.642857142857142,0.401673640167364,0.509505703422053
Cycling_Bgc,CD4_Tcm/Tn,C_GTFB1170_SmallCellOvarianCancer,0.0,0.704347826086956,0.32760736196319
Cycling_Bgc,CD4_Tcm/Tn,Colon_10x_Visium_SampleP2_CRC,0.20253164556962,0.84074074074074,0.417218543046357
Cycling_Bgc,CD4_Tcm/Tn,CytAssist_11mm_FFPE_Human_Lung_Cancer_230214,0.115107913669064,0.43189964157706,0.190517998244073
Cycling_Bgc,CD4_Tcm/Tn,CytAssist_11mm_FFPE_Human_Ovarian_Carcinoma_220715,0.847619047619047,0.692307692307692,0.0515390121689334
Cycling_Bgc,CD4_Tcm/Tn,CytAssist_FFPE_Human_Lung_Squamous_Cell_Carcinoma_220714,0.14691943127962,0.587188612099644,0.520338983050847
Cycling_Bgc,CD4_Tcm/Tn,D_GTFB1170_SmallCellOvarianCancer,0.185714285714285,1.0,0.269972451790633
Cycling_Bgc,CD4_Tcm/Tn,D_GTFB_1230_OvarianTumor,0.0,0.256410256410256,0.218702865761689
Cycling_Bgc,CD4_Tcm/Tn,E_MTAB_13530_P10_T1,0.50179211469534,0.762096774193548,0.675862068965517
Cycling_Bgc,CD4_Tcm/Tn,E_MTAB_13530_P10_T2,0.4,0.564766839378238,0.153846153846153
Cycling_Bgc,CD4_Tcm/Tn,E_MTAB_13530_P10_T3,0.587209302325581,0.0,0.131370328425821
Cycling_Bgc,CD4_Tcm/Tn,E_MTAB_13530_P10_T4,0.314720812182741,0.542857142857142,0.236294896030245
Cycling_Bgc,CD4_Tcm/Tn,E_MTAB_13530_P11_T1,0.327485380116959,0.810526315789473,0.719211822660098
Cycling_Bgc,CD4_Tcm/Tn,E_MTAB_13530_P11_T2,0.790697674418604,0.59322033898305,0.525280898876404
Cycling_Bgc,CD4_Tcm/Tn,E_MTAB_13530_P11_T3,0.0,1.0,0.554
Cycling_Bgc,CD4_Tcm/Tn,E_MTAB_13530_P11_T4,0.0,0.0,0.492871690427698
Cycling_Bgc,CD4_Tcm/Tn,E_MTAB_13530_P15_T1,0.309963099630996,0.404040404040404,0.529839883551674
Cycling_Bgc,CD4_Tcm/Tn,E_MTAB_13530_P15_T2,0.286259541984732,0.354297693920335,0.417910447761194
Cycling_Bgc,CD4_Tcm/Tn,E_MTAB_13530_P16_T1,0.324324324324324,0.473214285714285,0.318505338078291
Cycling_Bgc,CD4_Tcm/Tn,E_MTAB_13530_P16_T2,0.0,0.210526315789473,0.267543859649122
Cycling_Bgc,CD4_Tcm/Tn,E_MTAB_13530_P17_T1,0.311578947368421,0.509842519685039,0.243386243386243
Cycling_Bgc,CD4_Tcm/Tn,E_MTAB_13530_P17_T2,0.400770712909441,0.423809523809523,0.255384615384615
Cycling_Bgc,CD4_Tcm/Tn,E_MTAB_13530_P19_T1,0.505586592178771,0.642297650130548,0.592017738359201
Cycling_Bgc,CD4_Tcm/Tn,E_MTAB_13530_P19_T2,0.503472222222222,0.616402116402116,0.824524312896405
Cycling_Bgc,CD4_Tcm/Tn,E_MTAB_13530_P24_T1,0.564102564102564,0.0,0.137621540762902
Cycling_Bgc,CD4_Tcm/Tn,E_MTAB_13530_P24_T2,0.32,0.534136546184738,0.201499531396438
Cycling_Bgc,CD4_Tcm/Tn,E_MTAB_13530_P25_T1,0.259259259259259,0.688405797101449,0.463855421686747
Cycling_Bgc,CD4_Tcm/Tn,E_MTAB_13530_P25_T2,0.490566037735849,0.552238805970149,0.387409200968523
Cycling_Bgc,CD4_Tcm/Tn,GSE144239_GSM4565823,0.0,1.0,0.403973509933774
Cycling_Bgc,CD4_Tcm/Tn,GSE144239_GSM4565824,0.0,,0.263736263736263
Cycling_Bgc,CD4_Tcm/Tn,GSE144239_GSM4565825,0.553571428571428,0.693023255813953,0.0472972972972973
Cycling_Bgc,CD4_Tcm/Tn,GSE144239_GSM4565826,0.0,0.406779661016949,0.125335720680393
Cycling_Bgc,CD4_Tcm/Tn,GSE251950_20_00331_LI_SING,0.45273631840796,0.497716894977168,0.776699029126213
Cycling_Bgc,CD4_Tcm/Tn,GSE251950_21_00731_LI_SING,0.25615763546798,0.734042553191489,0.466612377850162
Cycling_Bgc,CD4_Tcm/Tn,GSE251950_21_00732_LI_SING,0.158273381294964,0.9,0.498947368421052
Cycling_Bgc,CD4_Tcm/Tn,GSE251950_21_00733_LI_SING,0.0,0.863157894736842,0.293388429752066
Cycling_Bgc,CD4_Tcm/Tn,GSE251950_21_00734_LI_SING,0.545454545454545,0.344444444444444,0.333333333333333
Cycling_Bgc,CD4_Tcm/Tn,GSE251950_21_01251_LI_SING,0.0714285714285714,0.381355932203389,0.734797297297297
Cycling_Bgc,CD4_Tcm/Tn,GSE251950_21_01253_LI_SING,0.704663212435233,0.353383458646616,0.350352112676056
Cycling_Bgc,CD4_Tcm/Tn,GSE251950_21_01254_LI_SING,0.83068783068783,0.617117117117117,0.229577464788732
Cycling_Bgc,CD4_Tcm/Tn,GSE251950_21_01675_LI_SING,0.384615384615384,0.351254480286738,0.630580357142857
Cycling_Bgc,CD4_Tcm/Tn,GSM5494475_HNSCC201125T04,1.0,0.0,0.359102244389027
Cycling_Bgc,CD4_Tcm/Tn,GSM5494476_HNSCC201125T05,0.262569832402234,0.496296296296296,0.689265536723163
Cycling_Bgc,CD4_Tcm/Tn,GSM5494477_HNSCC201125T07,0.0,0.0,0.533175355450237
Cycling_Bgc,CD4_Tcm/Tn,GSM5494478_HNSCC201125T10,1.0,0.611111111111111,0.554455445544554
Cycling_Bgc,CD4_Tcm/Tn,GSM5494479_P210325T1,,1.0,0.18010752688172
Cycling_Bgc,CD4_Tcm/Tn,GSM5494480_P210325T3,1.0,0.818181818181818,0.226415094339622
Cycling_Bgc,CD4_Tcm/Tn,GSM5494481_P210325T5,0.0,1.0,0.54326923076923
Cycling_Bgc,CD4_Tcm/Tn,GSM5494482_P210325T6,0.0,0.0,0.31845238095238
Cycling_Bgc,CD4_Tcm/Tn,GSM5924030_ffpe_c_2,0.843843843843843,0.708333333333333,0.345622119815668
Cycling_Bgc,CD4_Tcm/Tn,GSM5924031_ffpe_c_3,0.0934426229508196,0.522613065326633,0.0256410256410256
Cycling_Bgc,CD4_Tcm/Tn,GSM5924032_ffpe_c_4,0.512931034482758,0.666666666666666,0.554083885209713
Cycling_Bgc,CD4_Tcm/Tn,GSM5924033_ffpe_c_7,0.170454545454545,0.719444444444444,0.136669874879692
Cycling_Bgc,CD4_Tcm/Tn,GSM5924034_ffpe_c_10,0.4126213592233,0.42,0.32483120780195
Cycling_Bgc,CD4_Tcm/Tn,GSM5924035_ffpe_c_20,0.73568281938326,0.694594594594594,0.48071495766698
Cycling_Bgc,CD4_Tcm/Tn,GSM5924036_ffpe_c_21,0.0837209302325581,0.508196721311475,0.0118343195266272
Cycling_Bgc,CD4_Tcm/Tn,GSM5924037_ffpe_c_34,0.0444810543657331,0.162790697674418,0.421923474663909
Cycling_Bgc,CD4_Tcm/Tn,GSM5924038_ffpe_c_36,0.139240506329113,0.335329341317365,0.207964601769911
Cycling_Bgc,CD4_Tcm/Tn,GSM5924039_ffpe_c_39,0.21580547112462,0.673965936739659,0.350187265917603
Cycling_Bgc,CD4_Tcm/Tn,GSM5924040_ffpe_c_45,0.425493716337522,0.303867403314917,0.656091370558375
Cycling_Bgc,CD4_Tcm/Tn,GSM5924041_ffpe_c_51,0.051490514905149,0.317073170731707,0.542477876106194
Cycling_Bgc,CD4_Tcm/Tn,GSM5924042_frozen_a_1,0.562091503267973,1.0,0.471264367816091
Cycling_Bgc,CD4_Tcm/Tn,GSM5924043_frozen_a_3,0.377049180327868,0.0,0.213541666666666
Cycling_Bgc,CD4_Tcm/Tn,GSM5924044_frozen_a_15,0.172506738544474,0.0975609756097561,0.503891050583657
Cycling_Bgc,CD4_Tcm/Tn,GSM5924045_frozen_a_17,1.0,0.0,0.398565573770491
Cycling_Bgc,CD4_Tcm/Tn,GSM5924046_frozen_b_1,0.0,0.455696202531645,0.138356164383561
Cycling_Bgc,CD4_Tcm/Tn,GSM5924048_frozen_b_13,0.822033898305084,0.671641791044776,0.491007194244604
Cycling_Bgc,CD4_Tcm/Tn,GSM5924049_frozen_b_18,0.609271523178808,0.443243243243243,0.374749498997996
Cycling_Bgc,CD4_Tcm/Tn,GSM5924050_frozen_c_2,0.467289719626168,0.696969696969697,0.463251670378619
Cycling_Bgc,CD4_Tcm/Tn,GSM5924051_frozen_c_5,0.362068965517241,0.210762331838565,0.220609579100145
Cycling_Bgc,CD4_Tcm/Tn,GSM5924052_frozen_c_23,0.233532934131736,0.694915254237288,0.422845691382765
Cycling_Bgc,CD4_Tcm/Tn,GSM5924053_frozen_c_57,,1.0,0.363779527559055
Cycling_Bgc,CD4_Tcm/Tn,GSM6030901_patient_1,0.420454545454545,0.451851851851851,0.282312925170068
Cycling_Bgc,CD4_Tcm/Tn,GSM6030902_patient_2,0.0,1.0,0.18664047151277
Cycling_Bgc,CD4_Tcm/Tn,GSM6177607_NYU_GIST1_Vis,0.836363636363636,0.62882096069869,0.37471783295711
Cycling_Bgc,CD4_Tcm/Tn,GSM6177609_NYU_GIST2_Vis,,,0.467362924281984
Cycling_Bgc,CD4_Tcm/Tn,GSM6177612_NYU_LIHC1_Vis,0.174603174603174,0.208333333333333,0.42063492063492
Cycling_Bgc,CD4_Tcm/Tn,GSM6177614_NYU_OVCA1_Vis,0.620967741935483,0.646596858638743,0.383367139959432
Cycling_Bgc,CD4_Tcm/Tn,GSM6177617_NYU_OVCA3_Vis,0.324324324324324,0.265060240963855,0.179924242424242
Cycling_Bgc,CD4_Tcm/Tn,GSM6177618_NYU_PDAC1_Vis,1.0,0.398190045248868,0.466257668711656
Cycling_Bgc,CD4_Tcm/Tn,GSM6177623_NYU_UCEC3_Vis,0.414096916299559,0.260869565217391,0.0163934426229508
Cycling_Bgc,CD4_Tcm/Tn,GSM6339631_s1,1.0,1.0,0.894977168949771
Cycling_Bgc,CD4_Tcm/Tn,GSM6339632_s2,0.411985018726591,0.789855072463768,0.533333333333333
Cycling_Bgc,CD4_Tcm/Tn,GSM6339633_s3,0.523012552301255,1.0,0.823834196891191
Cycling_Bgc,CD4_Tcm/Tn,GSM6339634_s4,0.0,1.0,0.263736263736263
Cycling_Bgc,CD4_Tcm/Tn,GSM6339635_s5,0.0,0.935483870967742,0.332512315270935
Cycling_Bgc,CD4_Tcm/Tn,GSM6339636_s6,1.0,1.0,0.42467718794835
Cycling_Bgc,CD4_Tcm/Tn,GSM6339637_s7,,,0.28337531486146
Cycling_Bgc,CD4_Tcm/Tn,GSM6339638_s8,,0.0,0.146987951807228
Cycling_Bgc,CD4_Tcm/Tn,GSM6339639_s9,,0.0,0.482573726541554
Cycling_Bgc,CD4_Tcm/Tn,GSM6339640_s10,1.0,0.974683544303797,0.55912408759124
Cycling_Bgc,CD4_Tcm/Tn,GSM6339641_s11,0.0,0.583333333333333,0.166134185303514
Cycling_Bgc,CD4_Tcm/Tn,GSM6339642_s12,0.901639344262295,1.0,0.395264116575591
Cycling_Bgc,CD4_Tcm/Tn,GSM6433585_092A,0.428571428571428,1.0,0.0460526315789473
Cycling_Bgc,CD4_Tcm/Tn,GSM6433589_093C,0.401023890784982,0.4321608040201,0.414772727272727
Cycling_Bgc,CD4_Tcm/Tn,GSM6433591_094A,,0.88235294117647,0.0033670033670033
Cycling_Bgc,CD4_Tcm/Tn,GSM6433594_094D,0.0,0.682926829268292,0.0239234449760765
Cycling_Bgc,CD4_Tcm/Tn,GSM6433600_117E,0.59375,0.0,1.0
Cycling_Bgc,CD4_Tcm/Tn,GSM6433603_118D,0.0,0.459016393442622,0.242738589211618
Cycling_Bgc,CD4_Tcm/Tn,GSM6433605_119B,1.0,0.0,0.169117647058823
Cycling_Bgc,CD4_Tcm/Tn,GSM6433610_120C,0.0695876288659793,0.53731343283582,0.625
Cycling_Bgc,CD4_Tcm/Tn,GSM6433611_120D,0.339393939393939,0.484848484848484,0.207674943566591
Cycling_Bgc,CD4_Tcm/Tn,GSM6433612_120E,,1.0,0.117894736842105
Cycling_Bgc,CD4_Tcm/Tn,GSM6433615_395C,0.0,0.466666666666666,0.128301886792452
Cycling_Bgc,CD4_Tcm/Tn,GSM6433620_397A,0.0,0.321428571428571,0.283667621776504
Cycling_Bgc,CD4_Tcm/Tn,GSM6433621_397B,0.0,0.0,0.134328358208955
Cycling_Bgc,CD4_Tcm/Tn,GSM6505133_DonorA,0.0,0.680555555555555,0.618090452261306
Cycling_Bgc,CD4_Tcm/Tn,GSM6505134_DonorB,0.585858585858585,0.935483870967742,0.857369255150554
Cycling_Bgc,CD4_Tcm/Tn,GSM6505135_DonorC,0.47962382445141,0.824074074074074,0.898181818181818
Cycling_Bgc,CD4_Tcm/Tn,GSM6506110_SP1,0.129850746268656,0.336633663366336,0.37391304347826
Cycling_Bgc,CD4_Tcm/Tn,GSM6506111_SP2,0.0,0.0,0.0708661417322834
Cycling_Bgc,CD4_Tcm/Tn,GSM6506112_SP3,0.0,0.0,0.207516339869281
Cycling_Bgc,CD4_Tcm/Tn,GSM6506113_SP4,0.637305699481865,0.354166666666666,0.119291705498602
Cycling_Bgc,CD4_Tcm/Tn,GSM6506114_SP5,0.0,0.0,0.0093209054593874
Cycling_Bgc,CD4_Tcm/Tn,GSM6506115_SP6,0.611111111111111,0.188524590163934,0.0961182994454713
Cycling_Bgc,CD4_Tcm/Tn,GSM6506116_SP7,0.41908713692946,0.40049751243781,0.380996309963099
Cycling_Bgc,CD4_Tcm/Tn,GSM6506117_SP8,0.333333333333333,0.0,0.27348643006263
Cycling_Bgc,CD4_Tcm/Tn,GSM6833484_Patient1,0.29126213592233,0.360881542699724,0.242142025611175
Cycling_Bgc,CD4_Tcm/Tn,GSM6833485_Patient2,0.477272727272727,0.576271186440678,0.31042654028436
Cycling_Bgc,CD4_Tcm/Tn,GSM6833486_Patient3,0.0,1.0,0.286082474226804
Cycling_Bgc,CD4_Tcm/Tn,GSM6833487_Patient4,0.414473684210526,0.836842105263157,0.356617647058823
Cycling_Bgc,CD4_Tcm/Tn,GSM7019835_OCCR2v,0.175757575757575,0.379679144385026,0.286127167630057
Cycling_Bgc,CD4_Tcm/Tn,GSM7019836_OCCS3v,0.734042553191489,0.424836601307189,0.415807560137457
Cycling_Bgc,CD4_Tcm/Tn,GSM7058756,0.319884726224783,0.807291666666666,0.635678391959799
Cycling_Bgc,CD4_Tcm/Tn,GSM7058757,0.43719806763285,1.0,0.579088471849866
Cycling_Bgc,CD4_Tcm/Tn,GSM7058758,0.81060606060606,1.0,0.708609271523178
Cycling_Bgc,CD4_Tcm/Tn,GSM7058759,0.48728813559322,0.634615384615384,0.504409171075837
Cycling_Bgc,CD4_Tcm/Tn,GSM7090086_NextSeq2000,0.402666666666666,1.0,0.527586206896551
Cycling_Bgc,CD4_Tcm/Tn,GSM7090087_NextSeq2000,1.0,0.51412429378531,0.345953002610966
Cycling_Bgc,CD4_Tcm/Tn,GSM7090088_NextSeq2000,1.0,0.0,0.138888888888888
Cycling_Bgc,CD4_Tcm/Tn,GSM7211257_EHU-W3,0.338983050847457,0.415094339622641,0.178400546821599
Cycling_Bgc,CD4_Tcm/Tn,GSM7421790_PDAC_1,1.0,1.0,0.290630975143403
Cycling_Bgc,CD4_Tcm/Tn,GSM7421791_PDAC_2,0.916666666666666,0.0,0.743718592964824
Cycling_Bgc,CD4_Tcm/Tn,GSM7421792_PDAC_3,1.0,0.0,0.650442477876106
Cycling_Bgc,CD4_Tcm/Tn,GSM7498811_SS1905133,0.458015267175572,0.556420233463035,0.863865546218487
Cycling_Bgc,CD4_Tcm/Tn,GSM7498812_SS1923404,1.0,0.508474576271186,0.869448183041722
Cycling_Bgc,CD4_Tcm/Tn,GSM7498813_SS1945070,1.0,0.0,0.547501759324419
Cycling_Bgc,CD4_Tcm/Tn,GSM7498814_SS1960050,1.0,0.939393939393939,0.432835820895522
Cycling_Bgc,CD4_Tcm/Tn,GSM7498815_SS2002154,0.608519269776876,0.561797752808988,0.487179487179487
Cycling_Bgc,CD4_Tcm/Tn,GSM7498816_SS2005094,0.552083333333333,1.0,0.892890995260663
Cycling_Bgc,CD4_Tcm/Tn,GSM7498817_SS2021309,0.713043478260869,1.0,0.83385579937304
Cycling_Bgc,CD4_Tcm/Tn,GSM7757970_R1-S1,0.190184049079754,0.252747252747252,0.16235294117647
Cycling_Bgc,CD4_Tcm/Tn,GSM7757973_R1-S4,0.218468468468468,0.416666666666666,0.304225352112676
Cycling_Bgc,CD4_Tcm/Tn,GSM7757975_R1-S6,0.257142857142857,0.171428571428571,0.001338688085676
Cycling_Bgc,CD4_Tcm/Tn,GSM7757976_R2-S1,0.137844611528822,0.235294117647058,0.0406654343807763
Cycling_Bgc,CD4_Tcm/Tn,GSM7757977_R2-S2,0.180555555555555,0.3,0.269372693726937
Cycling_Bgc,CD4_Tcm/Tn,GSM7757979_R2-S4,0.36734693877551,1.0,0.257777777777777
Cycling_Bgc,CD4_Tcm/Tn,GSM7757980_R2-S5,0.74820143884892,0.389830508474576,0.195754716981132
Cycling_Bgc,CD4_Tcm/Tn,GSM7757983_R3-S3,0.0,0.0,0.0412262156448203
Cycling_Bgc,CD4_Tcm/Tn,GSM7757984_R3-S4,0.363829787234042,0.190123456790123,0.441610738255033
Cycling_Bgc,CD4_Tcm/Tn,GSM7777522_C1,0.318181818181818,0.372093023255813,0.584158415841584
Cycling_Bgc,CD4_Tcm/Tn,GSM7850822_CHC20,0.289655172413793,0.617647058823529,0.0
Cycling_Bgc,CD4_Tcm/Tn,HCC1R,0.522388059701492,0.0,0.373096446700507
Cycling_Bgc,CD4_Tcm/Tn,HCC3R,0.491228070175438,1.0,0.475285171102661
Cycling_Bgc,CD4_Tcm/Tn,HCC4R,0.751111111111111,0.543046357615894,0.21551724137931
Cycling_Bgc,CD4_Tcm/Tn,HCC6NR,0.777777777777777,0.371052631578947,0.384550797649034
Cycling_Bgc,CD4_Tcm/Tn,HCC7NR,0.535433070866141,0.365777080062794,0.52127659574468
Cycling_Bgc,CD4_Tcm/Tn,HRA000437_HCC-1T,0.187935034802784,0.490566037735849,0.241339491916859
Cycling_Bgc,CD4_Tcm/Tn,HRA000437_HCC-2T,0.241721854304635,0.354347826086956,0.322322322322322
Cycling_Bgc,CD4_Tcm/Tn,HRA000437_HCC-3T,0.307692307692307,0.578461538461538,0.149710504549214
Cycling_Bgc,CD4_Tcm/Tn,HRA000437_HCC-4T,0.517441860465116,0.26,0.227946365561044
Cycling_Bgc,CD4_Tcm/Tn,Parent_Visium_Human_BreastCancer_201027,0.614190687361419,0.473347547974413,0.365501519756838
Cycling_Bgc,CD4_Tcm/Tn,Parent_Visium_Human_ColorectalCancer_201027,0.724137931034482,1.0,0.562182741116751
Cycling_Bgc,CD4_Tcm/Tn,Parent_Visium_Human_OvarianCancer_201027,0.281501340482573,0.307847082494969,0.038269550748752
Cycling_Bgc,CD4_Tcm/Tn,S16_43398,0.54326923076923,0.30625,0.338461538461538
Cycling_Bgc,CD4_Tcm/Tn,S20_47598,0.280130293159609,0.544117647058823,0.174311926605504
Cycling_Bgc,CD4_Tcm/Tn,S20_61122,0.837121212121212,0.466346153846153,0.44776119402985
Cycling_Bgc,CD4_Tcm/Tn,S20_63981,0.389240506329113,0.742424242424242,0.417104276069017
Cycling_Bgc,CD4_Tcm/Tn,S21_10267,0.494367959949937,0.723529411764705,0.42984693877551
Cycling_Bgc,CD4_Tcm/Tn,SN048_A121573_Rep1,0.712460063897763,0.984375,0.846368715083798
Cycling_Bgc,CD4_Tcm/Tn,SN048_A121573_Rep2,1.0,0.690647482014388,0.713043478260869
Cycling_Bgc,CD4_Tcm/Tn,SN048_A416371_Rep1,0.932432432432432,0.0,0.618473895582329
Cycling_Bgc,CD4_Tcm/Tn,SN048_A416371_Rep2,1.0,0.0,0.414634146341463
Cycling_Bgc,CD4_Tcm/Tn,SN123_A551763_Rep1,0.0,1.0,0.372093023255813
Cycling_Bgc,CD4_Tcm/Tn,SN123_A595688_Rep1,0.294117647058823,0.264367816091954,0.712401055408971
Cycling_Bgc,CD4_Tcm/Tn,SN123_A938797_Rep1_X,1.0,0.0,0.76529160739687
Cycling_Bgc,CD4_Tcm/Tn,SN124_A551763_Rep2,,,0.490118577075098
Cycling_Bgc,CD4_Tcm/Tn,SN124_A595688_Rep2,1.0,1.0,1.0
Cycling_Bgc,CD4_Tcm/Tn,SN124_A938797_Rep2,1.0,0.876237623762376,0.69335604770017
Cycling_Bgc,CD4_Tcm/Tn,SN84_A120838_Rep1,1.0,1.0,0.717948717948718
Cycling_Bgc,CD4_Tcm/Tn,SN84_A120838_Rep2,1.0,0.893617021276595,0.639097744360902
Cycling_Bgc,CD4_Tcm/Tn,V10F24-015_A1,0.0,0.520833333333333,0.238670694864048
Cycling_Bgc,CD4_Tcm/Tn,V10F24-015_B1,0.227272727272727,0.554140127388535,0.446211412535079
Cycling_Bgc,CD4_Tcm/Tn,V10F24-015_C1,0.127208480565371,0.20125786163522,0.39
Cycling_Bgc,CD4_Tcm/Tn,V10F24-015_D1,0.0,1.0,0.288209606986899
Cycling_Bgc,CD4_Tcm/Tn,V11A20-405_C1,0.241935483870967,0.505617977528089,0.0967379077615298
Cycling_Bgc,CD4_Tcm/Tn,V11A20-405_D1,0.329113924050632,0.40983606557377,0.141162514827995
Cycling_Bgc,CD4_Tcm/Tn,V11M22-349_C1,0.463949843260188,0.785,0.0943396226415094
Cycling_Bgc,CD4_Tcm/Tn,V11M22-349_D1,1.0,0.537037037037037,0.208791208791208
Cycling_Bgc,CD4_Tcm/Tn,V1_Breast_Cancer_Block_A_Section_2_200623,0.0,0.149606299212598,0.0294767870302137
Cycling_Bgc,CD4_Tcm/Tn,V1_Human_Invasive_Ductal_Carcinoma_210511,0.0857142857142857,0.0,0.0006910850034554
Cycling_Bgc,CD4_Tcm/Tn,Visium_FFPE_Human_Intestinal_Cancer_220329,0.503401360544217,0.608815426997245,0.686084142394822
Cycling_Bgc,CD4_Tcm/Tn,Visium_FFPE_Human_Ovarian_Cancer_220329,0.378071833648393,0.389130434782608,0.157635467980295
Cycling_Bgc,CD4_Tcm/Tn,Visium_FFPE_Human_Prostate_Acinar_Cell_Carcinoma_211009,0.245689655172413,0.620155038759689,0.207414829659318
Cycling_Bgc,CD4_Tcm/Tn,Visium_FFPE_Human_Prostate_Cancer_210609,0.35375191424196,0.468926553672316,0.204710144927536
Cycling_Bgc,CD4_Tcm/Tn,Visium_FFPE_Human_Prostate_IF_220713,0.5,0.356321839080459,0.43804537521815
Cycling_Bgc,CD4_Tcm/Tn,Visium_Human_Breast_Cancer_220702,0.346883468834688,0.213403880070546,0.0635619886721208
Cycling_Bgc,CD4_Tcm/Tn,WSSKNKCLsp12140270,1.0,1.0,0.0861111111111111
Cycling_Bgc,CD4_Tcm/Tn,WSSKNKCLsp12140271,0.516129032258064,0.552631578947368,0.0682730923694779
Cycling_Bgc,CD4_Tcm/Tn,WSSKNKCLsp12140272,1.0,0.511627906976744,0.0871021775544388
Cycling_Bgc,CD4_Tcm/Tn,WSSKNKCLsp12140273,0.0,0.0,0.171631205673758
Cycling_Bgc,CD4_Tcm/Tn,WSSKNKCLsp12887267,0.625,0.875,0.0843170320404721
Cycling_Bgc,CD4_Tcm/Tn,WSSKNKCLsp12887268,1.0,0.0,0.0708154506437768
Cycling_Bgc,CD4_Tcm/Tn,WSSKNKCLsp12887269,0.804123711340206,0.0,0.155807365439093
Cycling_Bgc,CD4_Tcm/Tn,WSSKNKCLsp12887270,,0.0,0.166311300639658
Cycling_Bgc,CD4_Tcm/Tn,Zenodo10119273_Tumor2,0.216417910447761,0.223140495867768,0.624472573839662
Cycling_Bgc,CD4_Tcm/Tn,scCRLM_Atlas_ST-colon1,0.354838709677419,0.610169491525423,0.523725834797891
Cycling_Bgc,CD4_Tcm/Tn,scCRLM_Atlas_ST-colon2,0.0,0.5625,0.595829195630585
Cycling_Bgc,CD4_Tcm/Tn,scCRLM_Atlas_ST-colon3,0.149038461538461,0.0,0.756425948592411
Cycling_Bgc,CD4_Tcm/Tn,scCRLM_Atlas_ST-colon4,0.742268041237113,0.518918918918919,0.544632768361581
Cycling_Bgc,CLEC9A+_cDC,01_034_C1d1,0.0,0.0,0.251700680272108
Cycling_Bgc,CLEC9A+_cDC,01_034_C3d1,0.389261744966442,0.543478260869565,0.22077922077922
Cycling_Bgc,CLEC9A+_cDC,01_039_C1d1,0.534482758620689,0.948717948717948,0.387163561076604
Cycling_Bgc,CLEC9A+_cDC,01_039_C3d1,0.45045045045045,0.36231884057971,0.248477466504263
Cycling_Bgc,CLEC9A+_cDC,1142243F,0.758389261744966,0.75,0.0853889943074003
Cycling_Bgc,CLEC9A+_cDC,A_955_OvarianTumor,0.0,0.625779625779625,0.366145354185832
Cycling_Bgc,CLEC9A+_cDC,A_GTFB1154_OvarianCancerTumor,0.0,0.659090909090909,0.313131313131313
Cycling_Bgc,CLEC9A+_cDC,Ajou_Visium_P1,0.6875,0.768072289156626,0.424954792043399
Cycling_Bgc,CLEC9A+_cDC,Ajou_Visium_P2,0.47084233261339,0.808641975308642,0.164835164835164
Cycling_Bgc,CLEC9A+_cDC,Ajou_Visium_P3,,,0.401273885350318
Cycling_Bgc,CLEC9A+_cDC,Ajou_Visium_P4,0.495774647887323,0.412060301507537,0.410080183276059
Cycling_Bgc,CLEC9A+_cDC,B_GTFB1191_OvarianCancerTumor,0.573304157549234,0.376344086021505,0.418934911242603
Cycling_Bgc,CLEC9A+_cDC,CID4290,1.0,0.387878787878787,0.125432525951557
Cycling_Bgc,CLEC9A+_cDC,CID4465,1.0,0.50204081632653,0.656652360515021
Cycling_Bgc,CLEC9A+_cDC,C_GTFB1170_SmallCellOvarianCancer,0.0,0.660869565217391,0.25741399762752
Cycling_Bgc,CLEC9A+_cDC,Colon_10x_Visium_SampleP2_CRC,0.215749730312837,0.778225806451612,0.16144578313253
Cycling_Bgc,CLEC9A+_cDC,CytAssist_11mm_FFPE_Human_Lung_Cancer_230214,0.162760416666666,0.553703703703703,0.374489795918367
Cycling_Bgc,CLEC9A+_cDC,CytAssist_11mm_FFPE_Human_Ovarian_Carcinoma_220715,0.473372781065088,0.669565217391304,0.106569343065693
Cycling_Bgc,CLEC9A+_cDC,CytAssist_FFPE_Human_Lung_Squamous_Cell_Carcinoma_220714,0.2267620020429,0.555772994129158,0.414790996784565
Cycling_Bgc,CLEC9A+_cDC,D_GTFB1170_SmallCellOvarianCancer,0.222784810126582,1.0,0.262839879154078
Cycling_Bgc,CLEC9A+_cDC,D_GTFB_1230_OvarianTumor,0.0,0.256410256410256,0.208023774145616
Cycling_Bgc,CLEC9A+_cDC,E_MTAB_13530_P10_T1,0.268211920529801,0.611570247933884,0.393881453154875
Cycling_Bgc,CLEC9A+_cDC,E_MTAB_13530_P10_T2,0.763157894736842,0.420091324200913,0.186385737439222
Cycling_Bgc,CLEC9A+_cDC,E_MTAB_13530_P10_T3,0.578034682080924,0.0,0.230125523012552
Cycling_Bgc,CLEC9A+_cDC,E_MTAB_13530_P10_T4,0.374468085106382,0.402489626556016,0.29090909090909
Cycling_Bgc,CLEC9A+_cDC,E_MTAB_13530_P11_T1,0.251851851851851,0.202898550724637,0.343406593406593
Cycling_Bgc,CLEC9A+_cDC,E_MTAB_13530_P11_T2,0.708333333333333,0.48076923076923,0.390532544378698
Cycling_Bgc,CLEC9A+_cDC,E_MTAB_13530_P11_T3,0.0,1.0,0.397260273972602
Cycling_Bgc,CLEC9A+_cDC,E_MTAB_13530_P11_T4,1.0,0.0,0.48458904109589
Cycling_Bgc,CLEC9A+_cDC,E_MTAB_13530_P15_T1,0.547244094488189,0.308235294117647,0.472496473906911
Cycling_Bgc,CLEC9A+_cDC,E_MTAB_13530_P15_T2,0.390243902439024,0.380368098159509,0.41851106639839
Cycling_Bgc,CLEC9A+_cDC,E_MTAB_13530_P16_T1,0.324324324324324,0.526785714285714,0.355400696864111
Cycling_Bgc,CLEC9A+_cDC,E_MTAB_13530_P16_T2,0.0,0.478723404255319,0.311377245508982
Cycling_Bgc,CLEC9A+_cDC,E_MTAB_13530_P17_T1,0.157718120805369,0.452,0.25557461406518
Cycling_Bgc,CLEC9A+_cDC,E_MTAB_13530_P17_T2,0.494176372712146,0.384858044164037,0.227848101265822
Cycling_Bgc,CLEC9A+_cDC,E_MTAB_13530_P19_T1,0.469168900804289,0.627296587926509,0.575280898876404
Cycling_Bgc,CLEC9A+_cDC,E_MTAB_13530_P19_T2,0.356807511737089,0.559139784946236,0.824524312896405
Cycling_Bgc,CLEC9A+_cDC,E_MTAB_13530_P24_T1,0.333333333333333,0.0,0.113685734974656
Cycling_Bgc,CLEC9A+_cDC,E_MTAB_13530_P24_T2,0.412060301507537,0.518072289156626,0.15133779264214
Cycling_Bgc,CLEC9A+_cDC,E_MTAB_13530_P25_T1,0.259259259259259,0.739837398373983,0.374501992031872
Cycling_Bgc,CLEC9A+_cDC,E_MTAB_13530_P25_T2,0.490566037735849,0.552238805970149,0.226506024096385
Cycling_Bgc,CLEC9A+_cDC,GSE144239_GSM4565823,0.0,0.0714285714285714,0.515463917525773
Cycling_Bgc,CLEC9A+_cDC,GSE144239_GSM4565824,1.0,,0.241847826086956
Cycling_Bgc,CLEC9A+_cDC,GSE144239_GSM4565825,0.584033613445378,0.626865671641791,0.0532786885245901
Cycling_Bgc,CLEC9A+_cDC,GSE144239_GSM4565826,0.0,0.0,0.110047846889952
Cycling_Bgc,CLEC9A+_cDC,GSE251950_20_00331_LI_SING,0.497504159733777,0.5125,0.111486486486486
Cycling_Bgc,CLEC9A+_cDC,GSE251950_21_00731_LI_SING,0.29326923076923,0.829268292682926,0.217100371747211
Cycling_Bgc,CLEC9A+_cDC,GSE251950_21_00732_LI_SING,0.146875,0.849557522123893,0.164197530864197
Cycling_Bgc,CLEC9A+_cDC,GSE251950_21_00733_LI_SING,0.0,0.502347417840375,0.0688622754491018
Cycling_Bgc,CLEC9A+_cDC,GSE251950_21_00734_LI_SING,0.424107142857142,0.968992248062015,0.138983050847457
Cycling_Bgc,CLEC9A+_cDC,GSE251950_21_01251_LI_SING,0.0798898071625344,0.260330578512396,0.347661188369153
Cycling_Bgc,CLEC9A+_cDC,GSE251950_21_01253_LI_SING,0.403587443946188,0.0,0.161290322580645
Cycling_Bgc,CLEC9A+_cDC,GSE251950_21_01254_LI_SING,0.573248407643312,0.703703703703703,0.214673913043478
Cycling_Bgc,CLEC9A+_cDC,GSE251950_21_01675_LI_SING,0.348148148148148,0.527093596059113,0.225074037512339
Cycling_Bgc,CLEC9A+_cDC,GSM5494475_HNSCC201125T04,1.0,0.0,0.446300715990453
Cycling_Bgc,CLEC9A+_cDC,GSM5494476_HNSCC201125T05,0.158357771260997,0.913043478260869,0.8125
Cycling_Bgc,CLEC9A+_cDC,GSM5494477_HNSCC201125T07,0.0,0.0,0.361904761904761
Cycling_Bgc,CLEC9A+_cDC,GSM5494478_HNSCC201125T10,1.0,0.0,0.174603174603174
Cycling_Bgc,CLEC9A+_cDC,GSM5494479_P210325T1,,1.0,0.51039697542533
Cycling_Bgc,CLEC9A+_cDC,GSM5494480_P210325T3,1.0,0.818181818181818,0.40625
Cycling_Bgc,CLEC9A+_cDC,GSM5494481_P210325T5,0.0,1.0,0.563492063492063
Cycling_Bgc,CLEC9A+_cDC,GSM5494482_P210325T6,0.0,0.0,0.350819672131147
Cycling_Bgc,CLEC9A+_cDC,GSM5924030_ffpe_c_2,0.916932907348242,0.855855855855855,0.236326109391124
Cycling_Bgc,CLEC9A+_cDC,GSM5924031_ffpe_c_3,0.722943722943722,0.771014492753623,0.427128427128427
Cycling_Bgc,CLEC9A+_cDC,GSM5924032_ffpe_c_4,0.573896353166986,0.715151515151515,0.291399229781771
Cycling_Bgc,CLEC9A+_cDC,GSM5924033_ffpe_c_7,0.442767295597484,0.72463768115942,0.615468409586056
Cycling_Bgc,CLEC9A+_cDC,GSM5924034_ffpe_c_10,1.0,1.0,0.446460980036297
Cycling_Bgc,CLEC9A+_cDC,GSM5924035_ffpe_c_20,0.813852813852813,0.804597701149425,0.541557305336832
Cycling_Bgc,CLEC9A+_cDC,GSM5924036_ffpe_c_21,0.553516819571865,0.942675159235668,0.28517682468021
Cycling_Bgc,CLEC9A+_cDC,GSM5924037_ffpe_c_34,0.289473684210526,1.0,0.725247524752475
Cycling_Bgc,CLEC9A+_cDC,GSM5924038_ffpe_c_36,0.111111111111111,0.732026143790849,0.424425634824667
Cycling_Bgc,CLEC9A+_cDC,GSM5924039_ffpe_c_39,0.531974050046339,0.860795454545454,0.769662921348314
Cycling_Bgc,CLEC9A+_cDC,GSM5924040_ffpe_c_45,0.54089219330855,0.473053892215568,0.526753864447086
Cycling_Bgc,CLEC9A+_cDC,GSM5924041_ffpe_c_51,0.440366972477064,0.95,0.334565619223659
Cycling_Bgc,CLEC9A+_cDC,GSM5924042_frozen_a_1,0.797297297297297,1.0,0.559808612440191
Cycling_Bgc,CLEC9A+_cDC,GSM5924043_frozen_a_3,0.540372670807453,0.0,0.559523809523809
Cycling_Bgc,CLEC9A+_cDC,GSM5924044_frozen_a_15,0.547884187082405,0.678571428571428,0.344036697247706
Cycling_Bgc,CLEC9A+_cDC,GSM5924045_frozen_a_17,1.0,1.0,0.398996235884567
Cycling_Bgc,CLEC9A+_cDC,GSM5924046_frozen_b_1,0.0,0.455696202531645,0.272189349112426
Cycling_Bgc,CLEC9A+_cDC,GSM5924048_frozen_b_13,0.523364485981308,0.42156862745098,0.367021276595744
Cycling_Bgc,CLEC9A+_cDC,GSM5924049_frozen_b_18,0.648809523809523,0.7265625,0.354755784061696
Cycling_Bgc,CLEC9A+_cDC,GSM5924050_frozen_c_2,1.0,1.0,0.230941704035874
Cycling_Bgc,CLEC9A+_cDC,GSM5924051_frozen_c_5,1.0,0.855555555555555,0.59731543624161
Cycling_Bgc,CLEC9A+_cDC,GSM5924052_frozen_c_23,0.321033210332103,0.586419753086419,0.473098330241187
Cycling_Bgc,CLEC9A+_cDC,GSM5924053_frozen_c_57,,0.771428571428571,0.523214285714285
Cycling_Bgc,CLEC9A+_cDC,GSM6030901_patient_1,0.326315789473684,0.432624113475177,0.32
Cycling_Bgc,CLEC9A+_cDC,GSM6030902_patient_2,0.0,0.523076923076923,0.785330948121645
Cycling_Bgc,CLEC9A+_cDC,GSM6177607_NYU_GIST1_Vis,0.807017543859649,0.509578544061302,0.285971223021582
Cycling_Bgc,CLEC9A+_cDC,GSM6177609_NYU_GIST2_Vis,,,0.2313769751693
Cycling_Bgc,CLEC9A+_cDC,GSM6177612_NYU_LIHC1_Vis,0.174603174603174,0.208333333333333,0.429362880886426
Cycling_Bgc,CLEC9A+_cDC,GSM6177614_NYU_OVCA1_Vis,0.377622377622377,0.671717171717171,0.423655913978494
Cycling_Bgc,CLEC9A+_cDC,GSM6177617_NYU_OVCA3_Vis,0.406779661016949,0.372881355932203,0.176954732510288
Cycling_Bgc,CLEC9A+_cDC,GSM6177618_NYU_PDAC1_Vis,0.837837837837837,0.573705179282868,0.321503131524008
Cycling_Bgc,CLEC9A+_cDC,GSM6177623_NYU_UCEC3_Vis,0.359223300970873,0.640449438202247,0.280487804878048
Cycling_Bgc,CLEC9A+_cDC,GSM6339631_s1,1.0,1.0,0.250585480093676
Cycling_Bgc,CLEC9A+_cDC,GSM6339632_s2,0.350746268656716,0.785714285714285,0.510022271714922
Cycling_Bgc,CLEC9A+_cDC,GSM6339633_s3,0.562231759656652,1.0,0.794736842105263
Cycling_Bgc,CLEC9A+_cDC,GSM6339634_s4,0.0,0.0,0.320054945054945
Cycling_Bgc,CLEC9A+_cDC,GSM6339635_s5,0.0,0.709677419354838,0.234597156398104
Cycling_Bgc,CLEC9A+_cDC,GSM6339636_s6,1.0,1.0,0.194764397905759
Cycling_Bgc,CLEC9A+_cDC,GSM6339637_s7,,,0.163292847503373
Cycling_Bgc,CLEC9A+_cDC,GSM6339638_s8,,0.0,0.141997593261131
Cycling_Bgc,CLEC9A+_cDC,GSM6339639_s9,,0.0,0.28
Cycling_Bgc,CLEC9A+_cDC,GSM6339640_s10,1.0,0.949367088607594,0.538343558282208
Cycling_Bgc,CLEC9A+_cDC,GSM6339641_s11,0.0,0.261261261261261,0.152269399707174
Cycling_Bgc,CLEC9A+_cDC,GSM6339642_s12,0.478991596638655,1.0,0.350980392156862
Cycling_Bgc,CLEC9A+_cDC,GSM6433585_092A,0.230240549828178,0.5,0.0749414519906323
Cycling_Bgc,CLEC9A+_cDC,GSM6433589_093C,0.330388692579505,0.442211055276381,0.362857142857142
Cycling_Bgc,CLEC9A+_cDC,GSM6433591_094A,,1.0,0.0231023102310231
Cycling_Bgc,CLEC9A+_cDC,GSM6433594_094D,0.0,0.682926829268292,0.109649122807017
Cycling_Bgc,CLEC9A+_cDC,GSM6433600_117E,0.489425981873111,0.0,0.611650485436893
Cycling_Bgc,CLEC9A+_cDC,GSM6433603_118D,0.0,0.459016393442622,0.248472505091649
Cycling_Bgc,CLEC9A+_cDC,GSM6433605_119B,0.0,0.0,0.31578947368421
Cycling_Bgc,CLEC9A+_cDC,GSM6433610_120C,0.0545977011494252,0.349514563106796,0.579545454545454
Cycling_Bgc,CLEC9A+_cDC,GSM6433611_120D,0.473684210526315,0.469879518072289,0.442211055276381
Cycling_Bgc,CLEC9A+_cDC,GSM6433612_120E,,1.0,0.266982622432859
Cycling_Bgc,CLEC9A+_cDC,GSM6433615_395C,1.0,0.0,0.0930232558139534
Cycling_Bgc,CLEC9A+_cDC,GSM6433620_397A,0.0,0.321428571428571,0.198879551820728
Cycling_Bgc,CLEC9A+_cDC,GSM6433621_397B,0.246376811594202,0.826086956521739,0.127659574468085
Cycling_Bgc,CLEC9A+_cDC,GSM6505133_DonorA,0.0,0.319444444444444,0.192059095106186
Cycling_Bgc,CLEC9A+_cDC,GSM6505134_DonorB,0.4375,0.539877300613496,0.306214689265536
Cycling_Bgc,CLEC9A+_cDC,GSM6505135_DonorC,0.471389645776566,0.425925925925925,0.405566600397614
Cycling_Bgc,CLEC9A+_cDC,GSM6506110_SP1,0.151382823871906,0.183333333333333,0.488664987405541
Cycling_Bgc,CLEC9A+_cDC,GSM6506111_SP2,0.0,0.0,0.0645756457564575
Cycling_Bgc,CLEC9A+_cDC,GSM6506112_SP3,0.0,0.0,0.248344370860927
Cycling_Bgc,CLEC9A+_cDC,GSM6506113_SP4,0.637305699481865,0.690721649484536,0.224330357142857
Cycling_Bgc,CLEC9A+_cDC,GSM6506114_SP5,0.0,0.0,0.0829918032786885
Cycling_Bgc,CLEC9A+_cDC,GSM6506115_SP6,0.611111111111111,0.188524590163934,0.192041522491349
Cycling_Bgc,CLEC9A+_cDC,GSM6506116_SP7,0.66369710467706,0.319444444444444,0.30115424973767
Cycling_Bgc,CLEC9A+_cDC,GSM6506117_SP8,0.362745098039215,0.0,0.352692713833157
Cycling_Bgc,CLEC9A+_cDC,GSM6833484_Patient1,0.425165562913907,0.538277511961722,0.608895705521472
Cycling_Bgc,CLEC9A+_cDC,GSM6833485_Patient2,0.336,0.451282051282051,0.162402669632925
Cycling_Bgc,CLEC9A+_cDC,GSM6833486_Patient3,0.0,1.0,0.300983606557377
Cycling_Bgc,CLEC9A+_cDC,GSM6833487_Patient4,0.540630182421227,0.686684073107049,0.43006993006993
Cycling_Bgc,CLEC9A+_cDC,GSM7019835_OCCR2v,0.181818181818181,0.323863636363636,0.163873370577281
Cycling_Bgc,CLEC9A+_cDC,GSM7019836_OCCS3v,1.0,0.448051948051948,0.361344537815126
Cycling_Bgc,CLEC9A+_cDC,GSM7058756,0.192567567567567,0.651282051282051,0.309794988610478
Cycling_Bgc,CLEC9A+_cDC,GSM7058757,0.4330900243309,0.896825396825396,0.494938132733408
Cycling_Bgc,CLEC9A+_cDC,GSM7058758,0.0,0.9375,0.480749219562955
Cycling_Bgc,CLEC9A+_cDC,GSM7058759,0.385593220338983,0.34020618556701,0.319544984488107
Cycling_Bgc,CLEC9A+_cDC,GSM7090086_NextSeq2000,0.375335120643431,1.0,0.517241379310344
Cycling_Bgc,CLEC9A+_cDC,GSM7090087_NextSeq2000,1.0,0.571428571428571,0.346260387811634
Cycling_Bgc,CLEC9A+_cDC,GSM7090088_NextSeq2000,1.0,0.4375,0.130252100840336
Cycling_Bgc,CLEC9A+_cDC,GSM7211257_EHU-W3,0.328389830508474,0.435483870967741,0.236120871398453
Cycling_Bgc,CLEC9A+_cDC,GSM7421790_PDAC_1,1.0,1.0,0.264014466546112
Cycling_Bgc,CLEC9A+_cDC,GSM7421791_PDAC_2,0.447368421052631,0.0,0.506224066390041
Cycling_Bgc,CLEC9A+_cDC,GSM7421792_PDAC_3,0.5,0.0,0.24375
Cycling_Bgc,CLEC9A+_cDC,GSM7498811_SS1905133,1.0,0.677884615384615,0.377416860015467
Cycling_Bgc,CLEC9A+_cDC,GSM7498812_SS1923404,0.8,0.0,0.520134228187919
Cycling_Bgc,CLEC9A+_cDC,GSM7498813_SS1945070,0.0,0.0,0.268694550063371
Cycling_Bgc,CLEC9A+_cDC,GSM7498814_SS1960050,0.0,0.632183908045977,0.0994724943481537
Cycling_Bgc,CLEC9A+_cDC,GSM7498815_SS2002154,0.399323181049069,0.390625,0.236559139784946
Cycling_Bgc,CLEC9A+_cDC,GSM7498816_SS2005094,0.03125,0.267605633802816,0.106531881804043
Cycling_Bgc,CLEC9A+_cDC,GSM7498817_SS2021309,0.713043478260869,0.0,0.325991189427312
Cycling_Bgc,CLEC9A+_cDC,GSM7757970_R1-S1,0.0711864406779661,0.0,0.24124513618677
Cycling_Bgc,CLEC9A+_cDC,GSM7757973_R1-S4,0.267139479905437,0.509090909090909,0.276960784313725
Cycling_Bgc,CLEC9A+_cDC,GSM7757975_R1-S6,0.243682310469314,0.375,0.0443896424167694
Cycling_Bgc,CLEC9A+_cDC,GSM7757976_R2-S1,0.208542713567839,0.237068965517241,0.0939716312056737
Cycling_Bgc,CLEC9A+_cDC,GSM7757977_R2-S2,0.305555555555555,0.335365853658536,0.308091286307053
Cycling_Bgc,CLEC9A+_cDC,GSM7757979_R2-S4,0.0,1.0,0.165217391304347
Cycling_Bgc,CLEC9A+_cDC,GSM7757980_R2-S5,0.74820143884892,0.389830508474576,0.206586826347305
Cycling_Bgc,CLEC9A+_cDC,GSM7757983_R3-S3,0.0,0.0,0.0651595744680851
Cycling_Bgc,CLEC9A+_cDC,GSM7757984_R3-S4,0.344398340248962,0.204690831556503,0.426303854875283
Cycling_Bgc,CLEC9A+_cDC,GSM7777522_C1,0.209302325581395,0.0,0.539215686274509
Cycling_Bgc,CLEC9A+_cDC,GSM7850822_CHC20,0.36231884057971,1.0,0.172736732570239
Cycling_Bgc,CLEC9A+_cDC,HCC1R,0.573573573573573,0.0,0.365139949109414
Cycling_Bgc,CLEC9A+_cDC,HCC3R,0.0702479338842975,1.0,0.532150776053215
Cycling_Bgc,CLEC9A+_cDC,HCC4R,0.751111111111111,0.543046357615894,0.194656488549618
Cycling_Bgc,CLEC9A+_cDC,HCC6NR,0.848484848484848,0.43103448275862,0.35958904109589
Cycling_Bgc,CLEC9A+_cDC,HCC7NR,0.511737089201877,0.330733229329173,1.0
Cycling_Bgc,CLEC9A+_cDC,HRA000437_HCC-1T,0.225464190981432,1.0,0.222351571594877
Cycling_Bgc,CLEC9A+_cDC,HRA000437_HCC-2T,0.297297297297297,0.401709401709401,0.377914110429447
Cycling_Bgc,CLEC9A+_cDC,HRA000437_HCC-3T,0.307692307692307,0.453125,0.19625520110957
Cycling_Bgc,CLEC9A+_cDC,HRA000437_HCC-4T,0.686046511627907,0.238805970149253,0.23103448275862
Cycling_Bgc,CLEC9A+_cDC,Parent_Visium_Human_BreastCancer_201027,0.651162790697674,0.523992322456813,0.238133547868061
Cycling_Bgc,CLEC9A+_cDC,Parent_Visium_Human_ColorectalCancer_201027,0.804232804232804,0.0930232558139534,0.436470588235294
Cycling_Bgc,CLEC9A+_cDC,Parent_Visium_Human_OvarianCancer_201027,0.2005772005772,0.3125,0.106446776611694
Cycling_Bgc,CLEC9A+_cDC,S16_43398,0.224489795918367,0.662068965517241,0.106835152211372
Cycling_Bgc,CLEC9A+_cDC,S20_47598,0.125423728813559,0.537414965986394,0.175021240441801
Cycling_Bgc,CLEC9A+_cDC,S20_61122,0.361477572559366,0.361233480176211,0.0908525202240199
Cycling_Bgc,CLEC9A+_cDC,S20_63981,0.450980392156862,0.656934306569343,0.309222423146473
Cycling_Bgc,CLEC9A+_cDC,S21_10267,0.309160305343511,0.371134020618556,0.359340659340659
Cycling_Bgc,CLEC9A+_cDC,SN048_A121573_Rep1,0.615384615384615,0.724137931034482,0.657303370786516
Cycling_Bgc,CLEC9A+_cDC,SN048_A121573_Rep2,0.717592592592592,0.822033898305084,0.415827338129496
Cycling_Bgc,CLEC9A+_cDC,SN048_A416371_Rep1,0.363636363636363,0.0,0.592233009708737
Cycling_Bgc,CLEC9A+_cDC,SN048_A416371_Rep2,0.571428571428571,0.0,0.189473684210526
Cycling_Bgc,CLEC9A+_cDC,SN123_A551763_Rep1,1.0,1.0,0.184873949579831
Cycling_Bgc,CLEC9A+_cDC,SN123_A595688_Rep1,0.623287671232876,0.488188976377952,0.38063063063063
Cycling_Bgc,CLEC9A+_cDC,SN123_A938797_Rep1_X,0.0,0.276119402985074,0.438375350140056
Cycling_Bgc,CLEC9A+_cDC,SN124_A551763_Rep2,,,0.297872340425531
Cycling_Bgc,CLEC9A+_cDC,SN124_A595688_Rep2,0.297709923664122,1.0,1.0
Cycling_Bgc,CLEC9A+_cDC,SN124_A938797_Rep2,0.509615384615384,0.262962962962962,0.766726943942133
Cycling_Bgc,CLEC9A+_cDC,SN84_A120838_Rep1,1.0,0.416666666666666,0.643939393939393
Cycling_Bgc,CLEC9A+_cDC,SN84_A120838_Rep2,0.598837209302325,0.878571428571428,0.424929178470254
Cycling_Bgc,CLEC9A+_cDC,V10F24-015_A1,0.0,0.5625,0.139878366637706
Cycling_Bgc,CLEC9A+_cDC,V10F24-015_B1,0.161616161616161,0.590604026845637,0.273180458624127
Cycling_Bgc,CLEC9A+_cDC,V10F24-015_C1,0.117283950617283,0.20125786163522,0.294981640146878
Cycling_Bgc,CLEC9A+_cDC,V10F24-015_D1,0.0,0.0,0.142857142857142
Cycling_Bgc,CLEC9A+_cDC,V11A20-405_C1,0.261386138613861,0.434108527131782,0.13029315960912
Cycling_Bgc,CLEC9A+_cDC,V11A20-405_D1,0.358267716535433,0.687258687258687,0.199367088607594
Cycling_Bgc,CLEC9A+_cDC,V11M22-349_C1,0.396984924623115,0.631016042780748,0.209150326797385
Cycling_Bgc,CLEC9A+_cDC,V11M22-349_D1,1.0,0.654320987654321,0.22560975609756
Cycling_Bgc,CLEC9A+_cDC,V1_Breast_Cancer_Block_A_Section_2_200623,0.0,0.130434782608695,0.0340993328391401
Cycling_Bgc,CLEC9A+_cDC,V1_Human_Invasive_Ductal_Carcinoma_210511,0.0742049469964664,0.0,0.003955174686882
Cycling_Bgc,CLEC9A+_cDC,Visium_FFPE_Human_Intestinal_Cancer_220329,0.540856031128404,0.646489104116222,0.318047337278106
Cycling_Bgc,CLEC9A+_cDC,Visium_FFPE_Human_Ovarian_Cancer_220329,0.541071428571428,0.450127877237851,0.259856630824372
Cycling_Bgc,CLEC9A+_cDC,Visium_FFPE_Human_Prostate_Acinar_Cell_Carcinoma_211009,0.175732217573221,0.606060606060606,0.182403433476394
Cycling_Bgc,CLEC9A+_cDC,Visium_FFPE_Human_Prostate_Cancer_210609,0.288052373158756,0.555555555555555,0.439
Cycling_Bgc,CLEC9A+_cDC,Visium_FFPE_Human_Prostate_IF_220713,0.385714285714285,0.0,0.473408892763731
Cycling_Bgc,CLEC9A+_cDC,Visium_Human_Breast_Cancer_220702,0.238985313751668,0.279857397504456,0.0657276995305164
Cycling_Bgc,CLEC9A+_cDC,WSSKNKCLsp12140270,0.396551724137931,0.0,0.165311653116531
Cycling_Bgc,CLEC9A+_cDC,WSSKNKCLsp12140271,0.0,0.551948051948052,0.0696202531645569
Cycling_Bgc,CLEC9A+_cDC,WSSKNKCLsp12140272,0.0,0.511627906976744,0.0677966101694915
Cycling_Bgc,CLEC9A+_cDC,WSSKNKCLsp12140273,0.0,0.0,0.160493827160493
Cycling_Bgc,CLEC9A+_cDC,WSSKNKCLsp12887267,0.876923076923076,0.875,0.122557726465364
Cycling_Bgc,CLEC9A+_cDC,WSSKNKCLsp12887268,0.0,0.0,0.141975308641975
Cycling_Bgc,CLEC9A+_cDC,WSSKNKCLsp12887269,0.855670103092783,0.0,0.152941176470588
Cycling_Bgc,CLEC9A+_cDC,WSSKNKCLsp12887270,,0.0,0.139931740614334
Cycling_Bgc,CLEC9A+_cDC,Zenodo10119273_Tumor2,0.248031496062992,0.672131147540983,0.531190926275992
Cycling_Bgc,CLEC9A+_cDC,scCRLM_Atlas_ST-colon1,0.191881918819188,0.20886075949367,0.556828193832599
Cycling_Bgc,CLEC9A+_cDC,scCRLM_Atlas_ST-colon2,0.0,0.59375,0.508393285371702
Cycling_Bgc,CLEC9A+_cDC,scCRLM_Atlas_ST-colon3,1.0,0.933333333333333,0.447994056463595
Cycling_Bgc,CLEC9A+_cDC,scCRLM_Atlas_ST-colon4,0.586283185840707,0.904761904761904,0.344182262001627
Cycling_Bgc,CD8_Tcm/Tn,01_034_C1d1,0.0,0.571428571428571,0.430232558139534
Cycling_Bgc,CD8_Tcm/Tn,01_034_C3d1,0.58284023668639,0.543478260869565,0.0
Cycling_Bgc,CD8_Tcm/Tn,01_039_C1d1,0.387323943661971,0.0813953488372093,0.294710327455919
Cycling_Bgc,CD8_Tcm/Tn,01_039_C3d1,0.12781954887218,0.0,0.173568281938326
Cycling_Bgc,CD8_Tcm/Tn,1142243F,0.147651006711409,0.520179372197309,0.127901468498342
Cycling_Bgc,CD8_Tcm/Tn,A_955_OvarianTumor,0.330985915492957,0.700787401574803,0.142857142857142
Cycling_Bgc,CD8_Tcm/Tn,A_GTFB1154_OvarianCancerTumor,0.0,0.295180722891566,0.319544984488107
Cycling_Bgc,CD8_Tcm/Tn,Ajou_Visium_P1,0.570491803278688,0.834834834834834,0.469273743016759
Cycling_Bgc,CD8_Tcm/Tn,Ajou_Visium_P2,0.424116424116424,0.979310344827586,0.737864077669902
Cycling_Bgc,CD8_Tcm/Tn,Ajou_Visium_P3,,,0.45
Cycling_Bgc,CD8_Tcm/Tn,Ajou_Visium_P4,0.457142857142857,0.584905660377358,0.574401664932362
Cycling_Bgc,CD8_Tcm/Tn,B_GTFB1191_OvarianCancerTumor,0.401408450704225,0.320675105485232,0.206388206388206
Cycling_Bgc,CD8_Tcm/Tn,CID4290,0.0,0.575757575757575,0.289910600255427
Cycling_Bgc,CD8_Tcm/Tn,CID4465,0.642857142857142,0.209205020920502,0.505703422053231
Cycling_Bgc,CD8_Tcm/Tn,C_GTFB1170_SmallCellOvarianCancer,0.0,0.660869565217391,0.351981351981352
Cycling_Bgc,CD8_Tcm/Tn,Colon_10x_Visium_SampleP2_CRC,0.2313769751693,0.772413793103448,0.365454545454545
Cycling_Bgc,CD8_Tcm/Tn,CytAssist_11mm_FFPE_Human_Lung_Cancer_230214,0.1359375,0.566600397614314,0.228212039532794
Cycling_Bgc,CD8_Tcm/Tn,CytAssist_11mm_FFPE_Human_Ovarian_Carcinoma_220715,0.646464646464646,0.695652173913043,0.0558659217877094
Cycling_Bgc,CD8_Tcm/Tn,CytAssist_FFPE_Human_Lung_Squamous_Cell_Carcinoma_220714,0.287441860465116,0.585227272727272,0.396383866481223
Cycling_Bgc,CD8_Tcm/Tn,D_GTFB1170_SmallCellOvarianCancer,0.298850574712643,1.0,0.256410256410256
Cycling_Bgc,CD8_Tcm/Tn,D_GTFB_1230_OvarianTumor,0.0,0.256410256410256,0.275971451229183
Cycling_Bgc,CD8_Tcm/Tn,E_MTAB_13530_P10_T1,0.518248175182481,0.612781954887218,0.67906976744186
Cycling_Bgc,CD8_Tcm/Tn,E_MTAB_13530_P10_T2,0.4,0.493392070484581,0.167530224525043
Cycling_Bgc,CD8_Tcm/Tn,E_MTAB_13530_P10_T3,0.461988304093567,0.0,0.149122807017543
Cycling_Bgc,CD8_Tcm/Tn,E_MTAB_13530_P10_T4,0.316326530612244,0.3625,0.260176991150442
Cycling_Bgc,CD8_Tcm/Tn,E_MTAB_13530_P11_T1,0.375722543352601,0.885057471264367,0.723809523809523
Cycling_Bgc,CD8_Tcm/Tn,E_MTAB_13530_P11_T2,0.790697674418604,0.561224489795918,0.552112676056338
Cycling_Bgc,CD8_Tcm/Tn,E_MTAB_13530_P11_T3,0.0,1.0,0.565126050420168
Cycling_Bgc,CD8_Tcm/Tn,E_MTAB_13530_P11_T4,0.0,0.0,0.59578947368421
Cycling_Bgc,CD8_Tcm/Tn,E_MTAB_13530_P15_T1,0.398523985239852,0.2890625,0.574127906976744
Cycling_Bgc,CD8_Tcm/Tn,E_MTAB_13530_P15_T2,0.284615384615384,0.338775510204081,0.426484907497565
Cycling_Bgc,CD8_Tcm/Tn,E_MTAB_13530_P16_T1,0.324324324324324,0.526785714285714,0.337308347529812
Cycling_Bgc,CD8_Tcm/Tn,E_MTAB_13530_P16_T2,0.0,0.210526315789473,0.38235294117647
Cycling_Bgc,CD8_Tcm/Tn,E_MTAB_13530_P17_T1,0.316666666666666,0.579710144927536,0.237170596393897
Cycling_Bgc,CD8_Tcm/Tn,E_MTAB_13530_P17_T2,0.36,0.444968553459119,0.268253968253968
Cycling_Bgc,CD8_Tcm/Tn,E_MTAB_13530_P19_T1,0.608187134502923,0.642857142857142,0.577092511013215
Cycling_Bgc,CD8_Tcm/Tn,E_MTAB_13530_P19_T2,0.500875656742557,0.536784741144414,0.824524312896405
Cycling_Bgc,CD8_Tcm/Tn,E_MTAB_13530_P24_T1,0.564102564102564,0.0,0.123719464144996
Cycling_Bgc,CD8_Tcm/Tn,E_MTAB_13530_P24_T2,0.426315789473684,0.53012048192771,0.170112781954887
Cycling_Bgc,CD8_Tcm/Tn,E_MTAB_13530_P25_T1,0.259259259259259,0.656934306569343,0.450980392156862
Cycling_Bgc,CD8_Tcm/Tn,E_MTAB_13530_P25_T2,0.490566037735849,0.513888888888888,0.504155124653739
Cycling_Bgc,CD8_Tcm/Tn,GSE144239_GSM4565823,1.0,0.0,0.614583333333333
Cycling_Bgc,CD8_Tcm/Tn,GSE144239_GSM4565824,1.0,,0.3248730964467
Cycling_Bgc,CD8_Tcm/Tn,GSE144239_GSM4565825,0.377272727272727,0.586538461538461,0.0274193548387096
Cycling_Bgc,CD8_Tcm/Tn,GSE144239_GSM4565826,0.0,0.423728813559322,0.16
Cycling_Bgc,CD8_Tcm/Tn,GSE251950_20_00331_LI_SING,0.265682656826568,0.575342465753424,0.30188679245283
Cycling_Bgc,CD8_Tcm/Tn,GSE251950_21_00731_LI_SING,0.251231527093596,0.896103896103896,0.415810276679841
Cycling_Bgc,CD8_Tcm/Tn,GSE251950_21_00732_LI_SING,0.326388888888888,0.854368932038834,0.468431771894093
Cycling_Bgc,CD8_Tcm/Tn,GSE251950_21_00733_LI_SING,0.0,0.863157894736842,0.161413562559694
Cycling_Bgc,CD8_Tcm/Tn,GSE251950_21_00734_LI_SING,0.485795454545454,0.789473684210526,0.263966480446927
Cycling_Bgc,CD8_Tcm/Tn,GSE251950_21_01251_LI_SING,0.702222222222222,0.185714285714285,0.211750305997552
Cycling_Bgc,CD8_Tcm/Tn,GSE251950_21_01253_LI_SING,0.248730964467005,0.481818181818181,0.441666666666666
Cycling_Bgc,CD8_Tcm/Tn,GSE251950_21_01254_LI_SING,1.0,0.563063063063063,0.228045325779036
Cycling_Bgc,CD8_Tcm/Tn,GSE251950_21_01675_LI_SING,0.372881355932203,0.421926910299003,0.301369863013698
Cycling_Bgc,CD8_Tcm/Tn,GSM5494475_HNSCC201125T04,1.0,0.0,0.256965944272445
Cycling_Bgc,CD8_Tcm/Tn,GSM5494476_HNSCC201125T05,0.271676300578034,0.5,0.702637889688249
Cycling_Bgc,CD8_Tcm/Tn,GSM5494477_HNSCC201125T07,0.0,0.0,0.347912524850894
Cycling_Bgc,CD8_Tcm/Tn,GSM5494478_HNSCC201125T10,0.0,0.275,0.541095890410959
Cycling_Bgc,CD8_Tcm/Tn,GSM5494479_P210325T1,,1.0,0.118872549019607
Cycling_Bgc,CD8_Tcm/Tn,GSM5494480_P210325T3,1.0,0.818181818181818,0.102204408817635
Cycling_Bgc,CD8_Tcm/Tn,GSM5494481_P210325T5,0.0,1.0,0.075
Cycling_Bgc,CD8_Tcm/Tn,GSM5494482_P210325T6,0.0,0.0,0.197674418604651
Cycling_Bgc,CD8_Tcm/Tn,GSM5924030_ffpe_c_2,0.829411764705882,0.708333333333333,0.34009009009009
Cycling_Bgc,CD8_Tcm/Tn,GSM5924031_ffpe_c_3,0.0996503496503496,0.520100502512562,0.024411508282476
Cycling_Bgc,CD8_Tcm/Tn,GSM5924032_ffpe_c_4,0.530405405405405,0.352941176470588,0.544419134396355
Cycling_Bgc,CD8_Tcm/Tn,GSM5924033_ffpe_c_7,0.16638795986622,0.695290858725761,0.166344294003868
Cycling_Bgc,CD8_Tcm/Tn,GSM5924034_ffpe_c_10,0.4126213592233,0.477272727272727,0.313643926788685
Cycling_Bgc,CD8_Tcm/Tn,GSM5924035_ffpe_c_20,0.730684326710816,0.710601719197707,0.423801369863013
Cycling_Bgc,CD8_Tcm/Tn,GSM5924036_ffpe_c_21,0.0756097560975609,0.508196721311475,0.0128205128205128
Cycling_Bgc,CD8_Tcm/Tn,GSM5924037_ffpe_c_34,0.0439024390243902,0.162790697674418,0.401430030643513
Cycling_Bgc,CD8_Tcm/Tn,GSM5924038_ffpe_c_36,0.139240506329113,0.337349397590361,0.288461538461538
Cycling_Bgc,CD8_Tcm/Tn,GSM5924039_ffpe_c_39,0.226635514018691,0.678048780487804,0.349019607843137
Cycling_Bgc,CD8_Tcm/Tn,GSM5924040_ffpe_c_45,0.416517055655296,0.303867403314917,0.692105263157894
Cycling_Bgc,CD8_Tcm/Tn,GSM5924041_ffpe_c_51,0.0533333333333333,0.36697247706422,0.555555555555555
Cycling_Bgc,CD8_Tcm/Tn,GSM5924042_frozen_a_1,0.562091503267973,1.0,0.469740634005763
Cycling_Bgc,CD8_Tcm/Tn,GSM5924043_frozen_a_3,0.345971563981042,0.0,0.207650273224043
Cycling_Bgc,CD8_Tcm/Tn,GSM5924044_frozen_a_15,0.174731182795698,0.252475247524752,0.453488372093023
Cycling_Bgc,CD8_Tcm/Tn,GSM5924045_frozen_a_17,0.0,0.0,0.399014778325123
Cycling_Bgc,CD8_Tcm/Tn,GSM5924046_frozen_b_1,0.0,0.455696202531645,0.134130146082337
Cycling_Bgc,CD8_Tcm/Tn,GSM5924048_frozen_b_13,0.793388429752066,0.671641791044776,0.491891891891891
Cycling_Bgc,CD8_Tcm/Tn,GSM5924049_frozen_b_18,0.631578947368421,0.443243243243243,0.377016129032258
Cycling_Bgc,CD8_Tcm/Tn,GSM5924050_frozen_c_2,0.495327102803738,0.696969696969697,0.476190476190476
Cycling_Bgc,CD8_Tcm/Tn,GSM5924051_frozen_c_5,0.362068965517241,0.448863636363636,0.275968992248062
Cycling_Bgc,CD8_Tcm/Tn,GSM5924052_frozen_c_23,0.224242424242424,0.72189349112426,0.439842209072978
Cycling_Bgc,CD8_Tcm/Tn,GSM5924053_frozen_c_57,,1.0,0.378670788253477
Cycling_Bgc,CD8_Tcm/Tn,GSM6030901_patient_1,0.313559322033898,0.0,0.268892794376098
Cycling_Bgc,CD8_Tcm/Tn,GSM6030902_patient_2,0.0,0.0,0.375579598145285
Cycling_Bgc,CD8_Tcm/Tn,GSM6177607_NYU_GIST1_Vis,0.891304347826086,0.536082474226804,0.163265306122448
Cycling_Bgc,CD8_Tcm/Tn,GSM6177609_NYU_GIST2_Vis,,,0.208333333333333
Cycling_Bgc,CD8_Tcm/Tn,GSM6177612_NYU_LIHC1_Vis,0.112820512820512,0.208333333333333,0.412698412698412
Cycling_Bgc,CD8_Tcm/Tn,GSM6177614_NYU_OVCA1_Vis,0.653225806451612,0.653225806451612,0.394456289978678
Cycling_Bgc,CD8_Tcm/Tn,GSM6177617_NYU_OVCA3_Vis,0.32,0.265060240963855,0.18695652173913
Cycling_Bgc,CD8_Tcm/Tn,GSM6177618_NYU_PDAC1_Vis,1.0,0.454901960784313,0.523404255319148
Cycling_Bgc,CD8_Tcm/Tn,GSM6177623_NYU_UCEC3_Vis,0.347490347490347,0.277777777777777,0.044776119402985
Cycling_Bgc,CD8_Tcm/Tn,GSM6339631_s1,1.0,1.0,0.228200371057513
Cycling_Bgc,CD8_Tcm/Tn,GSM6339632_s2,0.5625,0.447552447552447,0.43159922928709
Cycling_Bgc,CD8_Tcm/Tn,GSM6339633_s3,0.513725490196078,1.0,0.814634146341463
Cycling_Bgc,CD8_Tcm/Tn,GSM6339634_s4,0.0,0.0,0.229946524064171
Cycling_Bgc,CD8_Tcm/Tn,GSM6339635_s5,0.0,0.934782608695652,0.25
Cycling_Bgc,CD8_Tcm/Tn,GSM6339636_s6,1.0,1.0,0.282229965156794
Cycling_Bgc,CD8_Tcm/Tn,GSM6339637_s7,,,0.185185185185185
Cycling_Bgc,CD8_Tcm/Tn,GSM6339638_s8,,0.0,0.0842767295597484
Cycling_Bgc,CD8_Tcm/Tn,GSM6339639_s9,,0.0,0.409395973154362
Cycling_Bgc,CD8_Tcm/Tn,GSM6339640_s10,1.0,0.974683544303797,0.53415300546448
Cycling_Bgc,CD8_Tcm/Tn,GSM6339641_s11,1.0,0.583333333333333,0.182829888712241
Cycling_Bgc,CD8_Tcm/Tn,GSM6339642_s12,0.808823529411764,0.277777777777777,0.276635514018691
Cycling_Bgc,CD8_Tcm/Tn,GSM6433585_092A,0.444444444444444,1.0,0.0578313253012048
Cycling_Bgc,CD8_Tcm/Tn,GSM6433589_093C,0.398981324278438,0.399497487437185,0.430594900849858
Cycling_Bgc,CD8_Tcm/Tn,GSM6433591_094A,,0.88235294117647,0.003610108303249
Cycling_Bgc,CD8_Tcm/Tn,GSM6433594_094D,0.0,0.682926829268292,0.0260047281323877
Cycling_Bgc,CD8_Tcm/Tn,GSM6433600_117E,0.648902821316614,0.0,1.0
Cycling_Bgc,CD8_Tcm/Tn,GSM6433603_118D,0.0,0.459016393442622,0.283018867924528
Cycling_Bgc,CD8_Tcm/Tn,GSM6433605_119B,1.0,0.0,0.176245210727969
Cycling_Bgc,CD8_Tcm/Tn,GSM6433610_120C,0.0694087403598971,0.53731343283582,0.613496932515337
Cycling_Bgc,CD8_Tcm/Tn,GSM6433611_120D,0.422018348623853,0.484848484848484,0.212189616252821
Cycling_Bgc,CD8_Tcm/Tn,GSM6433612_120E,,1.0,0.12
Cycling_Bgc,CD8_Tcm/Tn,GSM6433615_395C,0.0,0.477272727272727,0.12781954887218
Cycling_Bgc,CD8_Tcm/Tn,GSM6433620_397A,0.0,0.321428571428571,0.287790697674418
Cycling_Bgc,CD8_Tcm/Tn,GSM6433621_397B,0.0,0.0,0.127450980392156
Cycling_Bgc,CD8_Tcm/Tn,GSM6505133_DonorA,0.0,0.584507042253521,0.589651022864019
Cycling_Bgc,CD8_Tcm/Tn,GSM6505134_DonorB,0.597883597883597,0.975609756097561,0.856
Cycling_Bgc,CD8_Tcm/Tn,GSM6505135_DonorC,0.342245989304812,0.824074074074074,0.892086330935251
Cycling_Bgc,CD8_Tcm/Tn,GSM6506110_SP1,0.1578231292517,0.220125786163522,0.38235294117647
Cycling_Bgc,CD8_Tcm/Tn,GSM6506111_SP2,0.0,0.0,0.0755102040816326
Cycling_Bgc,CD8_Tcm/Tn,GSM6506112_SP3,0.0,0.0,0.324758842443729
Cycling_Bgc,CD8_Tcm/Tn,GSM6506113_SP4,0.637305699481865,0.448,0.110714285714285
Cycling_Bgc,CD8_Tcm/Tn,GSM6506114_SP5,0.0,0.0,0.0887792848335388
Cycling_Bgc,CD8_Tcm/Tn,GSM6506115_SP6,0.611111111111111,0.188524590163934,0.181672025723472
Cycling_Bgc,CD8_Tcm/Tn,GSM6506116_SP7,0.425,0.401741293532338,0.349593495934959
Cycling_Bgc,CD8_Tcm/Tn,GSM6506117_SP8,0.598039215686274,0.0,0.298067141403865
Cycling_Bgc,CD8_Tcm/Tn,GSM6833484_Patient1,0.288977159880834,0.507075471698113,0.29405737704918
Cycling_Bgc,CD8_Tcm/Tn,GSM6833485_Patient2,0.477272727272727,0.485849056603773,0.298992161254199
Cycling_Bgc,CD8_Tcm/Tn,GSM6833486_Patient3,0.0,1.0,0.237386804657179
Cycling_Bgc,CD8_Tcm/Tn,GSM6833487_Patient4,0.415986949429037,0.64207650273224,0.23625
Cycling_Bgc,CD8_Tcm/Tn,GSM7019835_OCCR2v,0.163636363636363,0.381720430107526,0.268698060941828
Cycling_Bgc,CD8_Tcm/Tn,GSM7019836_OCCS3v,1.0,0.441558441558441,0.301158301158301
Cycling_Bgc,CD8_Tcm/Tn,GSM7058756,0.278195488721804,0.787234042553191,0.771186440677966
Cycling_Bgc,CD8_Tcm/Tn,GSM7058757,0.263305322128851,1.0,0.603217158176943
Cycling_Bgc,CD8_Tcm/Tn,GSM7058758,0.917355371900826,1.0,0.605729877216916
Cycling_Bgc,CD8_Tcm/Tn,GSM7058759,0.48728813559322,0.640776699029126,0.540337711069418
Cycling_Bgc,CD8_Tcm/Tn,GSM7090086_NextSeq2000,0.425141242937853,1.0,0.261580381471389
Cycling_Bgc,CD8_Tcm/Tn,GSM7090087_NextSeq2000,1.0,0.508474576271186,0.317419354838709
Cycling_Bgc,CD8_Tcm/Tn,GSM7090088_NextSeq2000,0.393939393939393,0.0,0.133603238866396
Cycling_Bgc,CD8_Tcm/Tn,GSM7211257_EHU-W3,0.277056277056277,0.402985074626865,0.198012775017743
Cycling_Bgc,CD8_Tcm/Tn,GSM7421790_PDAC_1,1.0,1.0,0.353053435114503
Cycling_Bgc,CD8_Tcm/Tn,GSM7421791_PDAC_2,0.916666666666666,0.0,0.74
Cycling_Bgc,CD8_Tcm/Tn,GSM7421792_PDAC_3,1.0,0.0,0.668161434977578
Cycling_Bgc,CD8_Tcm/Tn,GSM7498811_SS1905133,0.580152671755725,0.615384615384615,0.841798501248959
Cycling_Bgc,CD8_Tcm/Tn,GSM7498812_SS1923404,0.351351351351351,0.508474576271186,0.874833555259653
Cycling_Bgc,CD8_Tcm/Tn,GSM7498813_SS1945070,1.0,0.0,0.543921293042867
Cycling_Bgc,CD8_Tcm/Tn,GSM7498814_SS1960050,1.0,0.921875,0.432461873638344
Cycling_Bgc,CD8_Tcm/Tn,GSM7498815_SS2002154,0.690721649484536,0.550561797752809,0.577367205542725
Cycling_Bgc,CD8_Tcm/Tn,GSM7498816_SS2005094,0.674157303370786,0.975,0.88465204957102
Cycling_Bgc,CD8_Tcm/Tn,GSM7498817_SS2021309,0.713043478260869,1.0,0.865655471289274
Cycling_Bgc,CD8_Tcm/Tn,GSM7757970_R1-S1,0.187878787878787,0.252747252747252,0.131543624161073
Cycling_Bgc,CD8_Tcm/Tn,GSM7757973_R1-S4,0.37243947858473,0.395833333333333,0.302941176470588
Cycling_Bgc,CD8_Tcm/Tn,GSM7757975_R1-S6,0.43682310469314,0.177777777777777,0.0
Cycling_Bgc,CD8_Tcm/Tn,GSM7757976_R2-S1,0.16301703163017,0.236363636363636,0.039447731755424
Cycling_Bgc,CD8_Tcm/Tn,GSM7757977_R2-S2,0.186206896551724,0.301255230125523,0.26031746031746
Cycling_Bgc,CD8_Tcm/Tn,GSM7757979_R2-S4,0.363636363636363,1.0,0.261061946902654
Cycling_Bgc,CD8_Tcm/Tn,GSM7757980_R2-S5,0.74820143884892,0.389830508474576,0.186726659167604
Cycling_Bgc,CD8_Tcm/Tn,GSM7757983_R3-S3,0.0,0.0,0.0414012738853503
Cycling_Bgc,CD8_Tcm/Tn,GSM7757984_R3-S4,0.371549893842887,0.185185185185185,0.370454545454545
Cycling_Bgc,CD8_Tcm/Tn,GSM7777522_C1,0.275092936802974,0.372093023255813,0.584158415841584
Cycling_Bgc,CD8_Tcm/Tn,GSM7850822_CHC20,0.296296296296296,0.617647058823529,0.0154185022026431
Cycling_Bgc,CD8_Tcm/Tn,HCC1R,0.0189393939393939,0.0,0.369949494949495
Cycling_Bgc,CD8_Tcm/Tn,HCC3R,0.496453900709219,1.0,0.479087452471482
Cycling_Bgc,CD8_Tcm/Tn,HCC4R,0.751111111111111,0.543046357615894,0.214183381088825
Cycling_Bgc,CD8_Tcm/Tn,HCC6NR,0.777777777777777,0.352380952380952,0.379715004191114
Cycling_Bgc,CD8_Tcm/Tn,HCC7NR,0.672672672672672,0.371473354231974,0.52127659574468
Cycling_Bgc,CD8_Tcm/Tn,HRA000437_HCC-1T,0.184757505773672,0.490566037735849,0.24047619047619
Cycling_Bgc,CD8_Tcm/Tn,HRA000437_HCC-2T,0.246666666666666,0.389737991266375,0.324242424242424
Cycling_Bgc,CD8_Tcm/Tn,HRA000437_HCC-3T,0.307692307692307,0.584615384615384,0.180261011419249
Cycling_Bgc,CD8_Tcm/Tn,HRA000437_HCC-4T,0.526315789473684,0.26,0.231092436974789
Cycling_Bgc,CD8_Tcm/Tn,Parent_Visium_Human_BreastCancer_201027,0.657210401891252,0.341924398625429,0.348656294200848
Cycling_Bgc,CD8_Tcm/Tn,Parent_Visium_Human_ColorectalCancer_201027,0.71578947368421,1.0,0.582216808769793
Cycling_Bgc,CD8_Tcm/Tn,Parent_Visium_Human_OvarianCancer_201027,0.223765432098765,0.443254817987152,0.10305958132045
Cycling_Bgc,CD8_Tcm/Tn,S16_43398,0.447236180904522,0.6,0.3929173693086
Cycling_Bgc,CD8_Tcm/Tn,S20_47598,0.186495176848874,0.665413533834586,0.15261958997722
Cycling_Bgc,CD8_Tcm/Tn,S20_61122,0.872807017543859,0.9328165374677,0.438738738738738
Cycling_Bgc,CD8_Tcm/Tn,S20_63981,0.369281045751634,0.48087431693989,0.484639498432601
Cycling_Bgc,CD8_Tcm/Tn,S21_10267,0.572687224669603,0.680473372781065,0.368631368631368
Cycling_Bgc,CD8_Tcm/Tn,SN048_A121573_Rep1,0.534090909090909,1.0,0.745989304812834
Cycling_Bgc,CD8_Tcm/Tn,SN048_A121573_Rep2,1.0,0.805084745762711,0.659340659340659
Cycling_Bgc,CD8_Tcm/Tn,SN048_A416371_Rep1,0.945701357466063,0.0,0.6775956284153
Cycling_Bgc,CD8_Tcm/Tn,SN048_A416371_Rep2,1.0,0.0,0.418960244648318
Cycling_Bgc,CD8_Tcm/Tn,SN123_A551763_Rep1,0.0,1.0,0.403726708074534
Cycling_Bgc,CD8_Tcm/Tn,SN123_A595688_Rep1,0.294117647058823,0.264367816091954,0.791327913279132
Cycling_Bgc,CD8_Tcm/Tn,SN123_A938797_Rep1_X,1.0,0.0,0.832835820895522
Cycling_Bgc,CD8_Tcm/Tn,SN124_A551763_Rep2,,,0.459375
Cycling_Bgc,CD8_Tcm/Tn,SN124_A595688_Rep2,1.0,1.0,1.0
Cycling_Bgc,CD8_Tcm/Tn,SN124_A938797_Rep2,1.0,0.917073170731707,0.865828092243186
Cycling_Bgc,CD8_Tcm/Tn,SN84_A120838_Rep1,1.0,1.0,0.764705882352941
Cycling_Bgc,CD8_Tcm/Tn,SN84_A120838_Rep2,1.0,0.907142857142857,0.702185792349726
Cycling_Bgc,CD8_Tcm/Tn,V10F24-015_A1,0.0,0.875,0.193339500462534
Cycling_Bgc,CD8_Tcm/Tn,V10F24-015_B1,0.867924528301886,0.51063829787234,0.384331797235023
Cycling_Bgc,CD8_Tcm/Tn,V10F24-015_C1,0.122448979591836,0.514492753623188,0.21859296482412
Cycling_Bgc,CD8_Tcm/Tn,V10F24-015_D1,0.0,1.0,0.303468208092485
Cycling_Bgc,CD8_Tcm/Tn,V11A20-405_C1,0.20844327176781,0.866666666666666,0.145859085290482
Cycling_Bgc,CD8_Tcm/Tn,V11A20-405_D1,0.323017408123791,0.609561752988047,0.114216281895504
Cycling_Bgc,CD8_Tcm/Tn,V11M22-349_C1,0.326530612244897,0.8,0.099273607748184
Cycling_Bgc,CD8_Tcm/Tn,V11M22-349_D1,1.0,0.74074074074074,0.182214472537053
Cycling_Bgc,CD8_Tcm/Tn,V1_Breast_Cancer_Block_A_Section_2_200623,0.0,0.145669291338582,0.03125
Cycling_Bgc,CD8_Tcm/Tn,V1_Human_Invasive_Ductal_Carcinoma_210511,0.0857142857142857,0.0,0.0006825938566552
Cycling_Bgc,CD8_Tcm/Tn,Visium_FFPE_Human_Intestinal_Cancer_220329,0.511784511784511,0.696378830083565,0.698717948717948
Cycling_Bgc,CD8_Tcm/Tn,Visium_FFPE_Human_Ovarian_Cancer_220329,0.387832699619771,0.355658198614318,0.17964824120603
Cycling_Bgc,CD8_Tcm/Tn,Visium_FFPE_Human_Prostate_Acinar_Cell_Carcinoma_211009,0.217391304347826,1.0,0.194472876151484
Cycling_Bgc,CD8_Tcm/Tn,Visium_FFPE_Human_Prostate_Cancer_210609,0.43001443001443,0.440677966101694,0.442764578833693
Cycling_Bgc,CD8_Tcm/Tn,Visium_FFPE_Human_Prostate_IF_220713,0.385714285714285,0.362637362637362,0.457475380483437
Cycling_Bgc,CD8_Tcm/Tn,Visium_Human_Breast_Cancer_220702,0.342210386151797,0.213403880070546,0.0636420919974795
Cycling_Bgc,CD8_Tcm/Tn,WSSKNKCLsp12140270,0.520833333333333,1.0,0.0903954802259887
Cycling_Bgc,CD8_Tcm/Tn,WSSKNKCLsp12140271,0.549450549450549,0.457142857142857,0.103646833013435
Cycling_Bgc,CD8_Tcm/Tn,WSSKNKCLsp12140272,1.0,0.511627906976744,0.0434227330779054
Cycling_Bgc,CD8_Tcm/Tn,WSSKNKCLsp12140273,0.0,0.0,0.114779874213836
Cycling_Bgc,CD8_Tcm/Tn,WSSKNKCLsp12887267,0.625,0.538461538461538,0.129909365558912
Cycling_Bgc,CD8_Tcm/Tn,WSSKNKCLsp12887268,1.0,0.0,0.0466321243523316
Cycling_Bgc,CD8_Tcm/Tn,WSSKNKCLsp12887269,0.742268041237113,0.421052631578947,0.120204603580562
Cycling_Bgc,CD8_Tcm/Tn,WSSKNKCLsp12887270,,0.0,0.155088852988691
Cycling_Bgc,CD8_Tcm/Tn,Zenodo10119273_Tumor2,0.215613382899628,0.223140495867768,0.617647058823529
Cycling_Bgc,CD8_Tcm/Tn,scCRLM_Atlas_ST-colon1,0.354838709677419,0.610169491525423,0.517097581317764
Cycling_Bgc,CD8_Tcm/Tn,scCRLM_Atlas_ST-colon2,0.0,0.40625,0.732683982683982
Cycling_Bgc,CD8_Tcm/Tn,scCRLM_Atlas_ST-colon3,0.149038461538461,0.0,0.565469293163383
Cycling_Bgc,CD8_Tcm/Tn,scCRLM_Atlas_ST-colon4,0.766304347826086,0.745341614906832,0.636708860759493
Cycling_Bgc,Bn,01_034_C1d1,0.0,0.0,0.569230769230769
Cycling_Bgc,Bn,01_034_C3d1,0.53525641025641,0.543478260869565,0.0
Cycling_Bgc,Bn,01_039_C1d1,0.455882352941176,0.0813953488372093,0.226932668329177
Cycling_Bgc,Bn,01_039_C3d1,0.35251798561151,0.144736842105263,0.115338882282996
Cycling_Bgc,Bn,1142243F,0.439613526570048,0.529126213592233,0.0932982917214191
Cycling_Bgc,Bn,A_955_OvarianTumor,0.330985915492957,0.747433264887063,0.275348837209302
Cycling_Bgc,Bn,A_GTFB1154_OvarianCancerTumor,0.0,0.267080745341614,0.438337801608579
Cycling_Bgc,Bn,Ajou_Visium_P1,0.460264900662251,0.816816816816816,0.387733887733887
Cycling_Bgc,Bn,Ajou_Visium_P2,0.445628997867803,0.965986394557823,0.858024691358024
Cycling_Bgc,Bn,Ajou_Visium_P3,,,0.420683610867659
Cycling_Bgc,Bn,Ajou_Visium_P4,0.457142857142857,0.413385826771653,0.534465534465534
Cycling_Bgc,Bn,B_GTFB1191_OvarianCancerTumor,0.520754716981132,0.682795698924731,0.509225092250922
Cycling_Bgc,Bn,CID4290,1.0,0.575757575757575,0.281163434903047
Cycling_Bgc,Bn,CID4465,0.642857142857142,0.298507462686567,0.5
Cycling_Bgc,Bn,C_GTFB1170_SmallCellOvarianCancer,0.0,0.669565217391304,0.364928909952606
Cycling_Bgc,Bn,Colon_10x_Visium_SampleP2_CRC,0.2092004381161,0.776119402985074,0.395833333333333
Cycling_Bgc,Bn,CytAssist_11mm_FFPE_Human_Lung_Cancer_230214,0.119769119769119,0.432835820895522,0.251624883936861
Cycling_Bgc,Bn,CytAssist_11mm_FFPE_Human_Ovarian_Carcinoma_220715,0.691588785046728,0.692307692307692,0.0709275136399064
Cycling_Bgc,Bn,CytAssist_FFPE_Human_Lung_Squamous_Cell_Carcinoma_220714,0.18091809180918,0.543672014260249,0.668016194331983
Cycling_Bgc,Bn,D_GTFB1170_SmallCellOvarianCancer,0.329545454545454,1.0,0.319672131147541
Cycling_Bgc,Bn,D_GTFB_1230_OvarianTumor,0.0,0.256410256410256,0.310289389067524
Cycling_Bgc,Bn,E_MTAB_13530_P10_T1,0.496376811594202,0.714285714285714,0.560085836909871
Cycling_Bgc,Bn,E_MTAB_13530_P10_T2,0.4,0.538860103626943,0.0890052356020942
Cycling_Bgc,Bn,E_MTAB_13530_P10_T3,0.596385542168674,0.0,0.126021003500583
Cycling_Bgc,Bn,E_MTAB_13530_P10_T4,0.0,0.534136546184738,0.247844827586206
Cycling_Bgc,Bn,E_MTAB_13530_P11_T1,0.481132075471698,0.875,0.809782608695652
Cycling_Bgc,Bn,E_MTAB_13530_P11_T2,0.790697674418604,0.460526315789473,0.625874125874125
Cycling_Bgc,Bn,E_MTAB_13530_P11_T3,0.0,1.0,0.571428571428571
Cycling_Bgc,Bn,E_MTAB_13530_P11_T4,0.0,0.0,0.473568281938326
Cycling_Bgc,Bn,E_MTAB_13530_P15_T1,0.562753036437247,0.617283950617283,0.58590308370044
Cycling_Bgc,Bn,E_MTAB_13530_P15_T2,0.423868312757201,0.383233532934131,0.43078626799557
Cycling_Bgc,Bn,E_MTAB_13530_P16_T1,0.127853881278538,0.473214285714285,0.1657824933687
Cycling_Bgc,Bn,E_MTAB_13530_P16_T2,0.0,0.210526315789473,0.189393939393939
Cycling_Bgc,Bn,E_MTAB_13530_P17_T1,0.229779411764705,0.575892857142857,0.218958611481975
Cycling_Bgc,Bn,E_MTAB_13530_P17_T2,0.25563909774436,0.443381180223285,0.244336569579288
Cycling_Bgc,Bn,E_MTAB_13530_P19_T1,0.5,0.671641791044776,0.641379310344827
Cycling_Bgc,Bn,E_MTAB_13530_P19_T2,0.42530755711775,0.612466124661246,0.824524312896405
Cycling_Bgc,Bn,E_MTAB_13530_P24_T1,0.564102564102564,0.0,0.127753303964757
Cycling_Bgc,Bn,E_MTAB_13530_P24_T2,0.416243654822335,0.540322580645161,0.193364928909952
Cycling_Bgc,Bn,E_MTAB_13530_P25_T1,0.259259259259259,0.847222222222222,0.360544217687074
Cycling_Bgc,Bn,E_MTAB_13530_P25_T2,0.247619047619047,0.44776119402985,0.507389162561576
Cycling_Bgc,Bn,GSE144239_GSM4565823,0.0,1.0,0.339366515837104
Cycling_Bgc,Bn,GSE144239_GSM4565824,0.0,,0.146616541353383
Cycling_Bgc,Bn,GSE144239_GSM4565825,0.804395604395604,0.568720379146919,0.0089399744572158
Cycling_Bgc,Bn,GSE144239_GSM4565826,0.0,0.0,0.0925747348119575
Cycling_Bgc,Bn,GSE251950_20_00331_LI_SING,0.301115241635687,0.497716894977168,0.803030303030303
Cycling_Bgc,Bn,GSE251950_21_00731_LI_SING,0.150753768844221,0.734042553191489,0.502745098039215
Cycling_Bgc,Bn,GSE251950_21_00732_LI_SING,0.178125,0.898989898989899,0.509164969450101
Cycling_Bgc,Bn,GSE251950_21_00733_LI_SING,0.0,0.863157894736842,0.269113149847094
Cycling_Bgc,Bn,GSE251950_21_00734_LI_SING,0.362222222222222,0.0,0.38705035971223
Cycling_Bgc,Bn,GSE251950_21_01251_LI_SING,0.13063063063063,0.303571428571428,0.684292379471228
Cycling_Bgc,Bn,GSE251950_21_01253_LI_SING,0.733727810650887,0.527272727272727,0.3770197486535
Cycling_Bgc,Bn,GSE251950_21_01254_LI_SING,1.0,0.607142857142857,0.220134228187919
Cycling_Bgc,Bn,GSE251950_21_01675_LI_SING,0.401709401709401,0.353571428571428,0.584107327141382
Cycling_Bgc,Bn,GSM5494475_HNSCC201125T04,1.0,0.0,0.356608478802992
Cycling_Bgc,Bn,GSM5494476_HNSCC201125T05,0.223350253807106,0.8375,0.676864244741873
Cycling_Bgc,Bn,GSM5494477_HNSCC201125T07,0.0,0.0,0.42761692650334
Cycling_Bgc,Bn,GSM5494478_HNSCC201125T10,1.0,0.203703703703703,0.289473684210526
Cycling_Bgc,Bn,GSM5494479_P210325T1,,1.0,0.182175622542595
Cycling_Bgc,Bn,GSM5494480_P210325T3,1.0,0.818181818181818,0.154216867469879
Cycling_Bgc,Bn,GSM5494481_P210325T5,0.0,1.0,0.228710462287104
Cycling_Bgc,Bn,GSM5494482_P210325T6,0.0,0.0,0.310734463276836
Cycling_Bgc,Bn,GSM5924030_ffpe_c_2,0.638805970149253,0.708333333333333,0.468783068783068
Cycling_Bgc,Bn,GSM5924031_ffpe_c_3,0.102112676056338,0.480295566502463,0.0550271739130434
Cycling_Bgc,Bn,GSM5924032_ffpe_c_4,0.519543973941368,0.549707602339181,0.567729083665338
Cycling_Bgc,Bn,GSM5924033_ffpe_c_7,0.165837479270315,0.742028985507246,0.0944723618090452
Cycling_Bgc,Bn,GSM5924034_ffpe_c_10,1.0,1.0,0.396139705882352
Cycling_Bgc,Bn,GSM5924035_ffpe_c_20,0.78132118451025,0.707736389684813,0.490445859872611
Cycling_Bgc,Bn,GSM5924036_ffpe_c_21,0.254777070063694,0.497267759562841,0.0191860465116279
Cycling_Bgc,Bn,GSM5924037_ffpe_c_34,0.0452342487883683,0.14,0.557308096740273
Cycling_Bgc,Bn,GSM5924038_ffpe_c_36,0.139240506329113,0.11038961038961,0.3006300630063
Cycling_Bgc,Bn,GSM5924039_ffpe_c_39,0.174506828528072,0.677184466019417,0.358267716535433
Cycling_Bgc,Bn,GSM5924040_ffpe_c_45,0.444230769230769,0.303867403314917,0.672872340425531
Cycling_Bgc,Bn,GSM5924041_ffpe_c_51,0.065340909090909,0.348214285714285,0.56090909090909
Cycling_Bgc,Bn,GSM5924042_frozen_a_1,0.97457627118644,1.0,0.594086021505376
Cycling_Bgc,Bn,GSM5924043_frozen_a_3,0.391666666666666,0.0,0.248587570621468
Cycling_Bgc,Bn,GSM5924044_frozen_a_15,0.190348525469168,0.303571428571428,0.462925851703406
Cycling_Bgc,Bn,GSM5924045_frozen_a_17,1.0,1.0,0.44418052256532
Cycling_Bgc,Bn,GSM5924046_frozen_b_1,0.0,0.455696202531645,0.154867256637168
Cycling_Bgc,Bn,GSM5924048_frozen_b_13,0.781818181818181,0.671641791044776,0.490196078431372
Cycling_Bgc,Bn,GSM5924049_frozen_b_18,0.644736842105263,0.443243243243243,0.364891518737672
Cycling_Bgc,Bn,GSM5924050_frozen_c_2,0.121495327102803,0.696969696969697,0.501075268817204
Cycling_Bgc,Bn,GSM5924051_frozen_c_5,0.362068965517241,0.448863636363636,0.260336906584992
Cycling_Bgc,Bn,GSM5924052_frozen_c_23,0.252427184466019,0.728323699421965,0.513026052104208
Cycling_Bgc,Bn,GSM5924053_frozen_c_57,,1.0,0.383280757097791
Cycling_Bgc,Bn,GSM6030901_patient_1,0.420454545454545,0.420689655172413,0.358862144420131
Cycling_Bgc,Bn,GSM6030902_patient_2,0.0,1.0,0.295221843003413
Cycling_Bgc,Bn,GSM6177607_NYU_GIST1_Vis,0.836363636363636,0.612765957446808,0.431818181818181
Cycling_Bgc,Bn,GSM6177609_NYU_GIST2_Vis,,,0.551771117166212
Cycling_Bgc,Bn,GSM6177612_NYU_LIHC1_Vis,0.174603174603174,0.208333333333333,0.415343915343915
Cycling_Bgc,Bn,GSM6177614_NYU_OVCA1_Vis,0.653225806451612,0.576036866359447,0.459657701711491
Cycling_Bgc,Bn,GSM6177617_NYU_OVCA3_Vis,0.436363636363636,0.711864406779661,0.271662763466042
Cycling_Bgc,Bn,GSM6177618_NYU_PDAC1_Vis,1.0,0.217857142857142,0.685579196217494
Cycling_Bgc,Bn,GSM6177623_NYU_UCEC3_Vis,0.267441860465116,0.233870967741935,0.028673835125448
Cycling_Bgc,Bn,GSM6339631_s1,1.0,1.0,0.262745098039215
Cycling_Bgc,Bn,GSM6339632_s2,0.455223880597014,0.475524475524475,0.550135501355013
Cycling_Bgc,Bn,GSM6339633_s3,0.516528925619834,1.0,0.874345549738219
Cycling_Bgc,Bn,GSM6339634_s4,0.0,0.0,0.189560439560439
Cycling_Bgc,Bn,GSM6339635_s5,0.0,0.441379310344827,0.144144144144144
Cycling_Bgc,Bn,GSM6339636_s6,1.0,1.0,0.2119341563786
Cycling_Bgc,Bn,GSM6339637_s7,,,0.21358024691358
Cycling_Bgc,Bn,GSM6339638_s8,,0.0,0.146067415730337
Cycling_Bgc,Bn,GSM6339639_s9,,0.0,0.346723044397463
Cycling_Bgc,Bn,GSM6339640_s10,1.0,0.936708860759493,0.501449275362318
Cycling_Bgc,Bn,GSM6339641_s11,0.0,0.278846153846153,0.181137724550898
Cycling_Bgc,Bn,GSM6339642_s12,0.421052631578947,1.0,0.0887445887445887
Cycling_Bgc,Bn,GSM6433585_092A,0.442922374429223,0.5,0.0520094562647754
Cycling_Bgc,Bn,GSM6433589_093C,0.379888268156424,0.442211055276381,0.445714285714285
Cycling_Bgc,Bn,GSM6433591_094A,,0.0,0.0
Cycling_Bgc,Bn,GSM6433594_094D,0.0,0.682926829268292,0.0
Cycling_Bgc,Bn,GSM6433600_117E,0.563291139240506,0.0,1.0
Cycling_Bgc,Bn,GSM6433603_118D,0.0,0.459016393442622,0.313111545988258
Cycling_Bgc,Bn,GSM6433605_119B,1.0,0.0,0.259615384615384
Cycling_Bgc,Bn,GSM6433610_120C,0.0735694822888283,0.53731343283582,0.586419753086419
Cycling_Bgc,Bn,GSM6433611_120D,0.364161849710982,0.518292682926829,0.186
Cycling_Bgc,Bn,GSM6433612_120E,,1.0,0.226624405705229
Cycling_Bgc,Bn,GSM6433615_395C,1.0,0.488372093023255,0.114624505928853
Cycling_Bgc,Bn,GSM6433620_397A,0.0,0.321428571428571,0.272727272727272
Cycling_Bgc,Bn,GSM6433621_397B,0.0,0.0,0.143617021276595
Cycling_Bgc,Bn,GSM6505133_DonorA,0.0,0.682758620689655,0.643478260869565
Cycling_Bgc,Bn,GSM6505134_DonorB,0.658823529411764,0.952,0.767123287671232
Cycling_Bgc,Bn,GSM6505135_DonorC,0.511111111111111,0.935185185185185,0.933579335793358
Cycling_Bgc,Bn,GSM6506110_SP1,0.209876543209876,0.22,0.466960352422907
Cycling_Bgc,Bn,GSM6506111_SP2,0.0,0.0,0.106813996316758
Cycling_Bgc,Bn,GSM6506112_SP3,0.0,0.0,0.317351598173516
Cycling_Bgc,Bn,GSM6506113_SP4,0.362694300518134,0.68695652173913,0.388195232690124
Cycling_Bgc,Bn,GSM6506114_SP5,0.0,0.0,0.130385487528344
Cycling_Bgc,Bn,GSM6506115_SP6,0.611111111111111,0.598360655737704,0.245791245791245
Cycling_Bgc,Bn,GSM6506116_SP7,0.685057471264367,0.521072796934865,0.421649484536082
Cycling_Bgc,Bn,GSM6506117_SP8,0.565359477124183,0.0,0.459061637534498
Cycling_Bgc,Bn,GSM6833484_Patient1,0.304979253112033,0.363387978142076,0.341545352743561
Cycling_Bgc,Bn,GSM6833485_Patient2,0.477272727272727,0.507389162561576,0.24546553808948
Cycling_Bgc,Bn,GSM6833486_Patient3,0.0,1.0,0.202457956015523
Cycling_Bgc,Bn,GSM6833487_Patient4,0.354037267080745,0.656884875846501,0.33294930875576
Cycling_Bgc,Bn,GSM7019835_OCCR2v,0.181818181818181,0.313609467455621,0.21311475409836
Cycling_Bgc,Bn,GSM7019836_OCCS3v,1.0,0.7375,0.302395209580838
Cycling_Bgc,Bn,GSM7058756,0.279596977329974,0.863905325443787,0.629629629629629
Cycling_Bgc,Bn,GSM7058757,0.280112044817927,1.0,0.525252525252525
Cycling_Bgc,Bn,GSM7058758,0.785123966942148,1.0,0.529048207663782
Cycling_Bgc,Bn,GSM7058759,0.48728813559322,0.632075471698113,0.50293542074364
Cycling_Bgc,Bn,GSM7090086_NextSeq2000,0.470013947001394,1.0,0.51076923076923
Cycling_Bgc,Bn,GSM7090087_NextSeq2000,1.0,0.577777777777777,0.366800535475234
Cycling_Bgc,Bn,GSM7090088_NextSeq2000,1.0,0.0,0.0891530460624071
Cycling_Bgc,Bn,GSM7211257_EHU-W3,0.19721577726218,0.355555555555555,0.156349206349206
Cycling_Bgc,Bn,GSM7421790_PDAC_1,1.0,1.0,0.692452830188679
Cycling_Bgc,Bn,GSM7421791_PDAC_2,0.478873239436619,0.0,0.733990147783251
Cycling_Bgc,Bn,GSM7421792_PDAC_3,1.0,0.0,0.631799163179916
Cycling_Bgc,Bn,GSM7498811_SS1905133,1.0,0.513157894736842,0.912343470483005
Cycling_Bgc,Bn,GSM7498812_SS1923404,0.933333333333333,0.866666666666666,0.831021437578814
Cycling_Bgc,Bn,GSM7498813_SS1945070,1.0,0.0,0.544817927170868
Cycling_Bgc,Bn,GSM7498814_SS1960050,1.0,0.938461538461538,0.50314465408805
Cycling_Bgc,Bn,GSM7498815_SS2002154,0.876513317191283,0.550561797752809,0.598108747044917
Cycling_Bgc,Bn,GSM7498816_SS2005094,0.681818181818181,0.975,0.898076923076923
Cycling_Bgc,Bn,GSM7498817_SS2021309,1.0,1.0,0.921501706484641
Cycling_Bgc,Bn,GSM7757970_R1-S1,0.190184049079754,0.252747252747252,0.16833095577746
Cycling_Bgc,Bn,GSM7757973_R1-S4,0.280737704918032,0.547169811320754,0.331412103746397
Cycling_Bgc,Bn,GSM7757975_R1-S6,0.220198675496688,0.167832167832167,0.0026631158455392
Cycling_Bgc,Bn,GSM7757976_R2-S1,0.191208791208791,0.244343891402714,0.0785046728971962
Cycling_Bgc,Bn,GSM7757977_R2-S2,0.198581560283687,0.383561643835616,0.327552986512524
Cycling_Bgc,Bn,GSM7757979_R2-S4,0.478260869565217,1.0,0.257918552036199
Cycling_Bgc,Bn,GSM7757980_R2-S5,0.74820143884892,0.389830508474576,0.125794155019059
Cycling_Bgc,Bn,GSM7757983_R3-S3,0.0,0.0,0.0415335463258785
Cycling_Bgc,Bn,GSM7757984_R3-S4,0.329004329004329,0.186104218362282,0.437252311756935
Cycling_Bgc,Bn,GSM7777522_C1,0.290697674418604,0.372093023255813,0.616161616161616
Cycling_Bgc,Bn,GSM7850822_CHC20,0.268292682926829,0.617647058823529,0.0
Cycling_Bgc,Bn,HCC1R,0.432343234323432,0.0,0.309492847854356
Cycling_Bgc,Bn,HCC3R,0.492907801418439,1.0,0.472897196261682
Cycling_Bgc,Bn,HCC4R,0.751111111111111,0.543046357615894,0.215925394548063
Cycling_Bgc,Bn,HCC6NR,0.777777777777777,0.34916864608076,0.374278647980214
Cycling_Bgc,Bn,HCC7NR,0.665706051873198,0.362519201228878,0.460093896713615
Cycling_Bgc,Bn,HRA000437_HCC-1T,0.171296296296296,0.490566037735849,0.255076142131979
Cycling_Bgc,Bn,HRA000437_HCC-2T,0.188577586206896,0.35659760087241,0.317729083665338
Cycling_Bgc,Bn,HRA000437_HCC-3T,0.307692307692307,0.58282208588957,0.18312101910828
Cycling_Bgc,Bn,HRA000437_HCC-4T,0.33852140077821,0.25,0.214947089947089
Cycling_Bgc,Bn,Parent_Visium_Human_BreastCancer_201027,0.661434977578475,0.482978723404255,0.299445471349353
Cycling_Bgc,Bn,Parent_Visium_Human_ColorectalCancer_201027,0.734375,0.764705882352941,0.484777517564402
Cycling_Bgc,Bn,Parent_Visium_Human_OvarianCancer_201027,0.266666666666666,0.342342342342342,0.126245847176079
Cycling_Bgc,Bn,S16_43398,0.539473684210526,0.6,0.295617529880478
Cycling_Bgc,Bn,S20_47598,0.280597014925373,0.506993006993007,0.201949860724234
Cycling_Bgc,Bn,S20_61122,0.465625,0.680288461538461,0.502099076406381
Cycling_Bgc,Bn,S20_63981,0.250847457627118,0.291208791208791,0.410202655485674
Cycling_Bgc,Bn,S21_10267,0.466063348416289,0.735294117647058,0.404303510758776
Cycling_Bgc,Bn,SN048_A121573_Rep1,0.516634050880626,1.0,0.740331491712707
Cycling_Bgc,Bn,SN048_A121573_Rep2,1.0,0.805084745762711,0.601092896174863
Cycling_Bgc,Bn,SN048_A416371_Rep1,0.941176470588235,0.0,0.568221070811744
Cycling_Bgc,Bn,SN048_A416371_Rep2,1.0,0.0,0.39882697947214
Cycling_Bgc,Bn,SN123_A551763_Rep1,0.0,0.0,0.397590361445783
Cycling_Bgc,Bn,SN123_A595688_Rep1,0.294117647058823,0.264367816091954,0.720744680851063
Cycling_Bgc,Bn,SN123_A938797_Rep1_X,1.0,0.0,0.730205278592375
Cycling_Bgc,Bn,SN124_A551763_Rep2,,,0.48993288590604
Cycling_Bgc,Bn,SN124_A595688_Rep2,0.297709923664122,1.0,1.0
Cycling_Bgc,Bn,SN124_A938797_Rep2,1.0,0.867647058823529,0.685279187817258
Cycling_Bgc,Bn,SN84_A120838_Rep1,1.0,1.0,0.622807017543859
Cycling_Bgc,Bn,SN84_A120838_Rep2,0.858333333333333,0.881118881118881,0.643939393939393
Cycling_Bgc,Bn,V10F24-015_A1,0.0,0.5625,0.160037878787878
Cycling_Bgc,Bn,V10F24-015_B1,0.0,0.34453781512605,0.351239669421487
Cycling_Bgc,Bn,V10F24-015_C1,0.127208480565371,0.158415841584158,0.40126582278481
Cycling_Bgc,Bn,V10F24-015_D1,0.0,0.282828282828282,0.162227602905569
Cycling_Bgc,Bn,V11A20-405_C1,0.241025641025641,0.853932584269662,0.180048661800486
Cycling_Bgc,Bn,V11A20-405_D1,0.376395534290271,0.644067796610169,0.0868292682926829
Cycling_Bgc,Bn,V11M22-349_C1,0.397553516819571,0.75392670157068,0.0963060686015831
Cycling_Bgc,Bn,V11M22-349_D1,1.0,0.471153846153846,0.234842015371477
Cycling_Bgc,Bn,V1_Breast_Cancer_Block_A_Section_2_200623,0.0,0.145669291338582,0.0248640248640248
Cycling_Bgc,Bn,V1_Human_Invasive_Ductal_Carcinoma_210511,0.0857142857142857,0.0,0.0012987012987012
Cycling_Bgc,Bn,Visium_FFPE_Human_Intestinal_Cancer_220329,0.48972602739726,0.563829787234042,0.523936170212766
Cycling_Bgc,Bn,Visium_FFPE_Human_Ovarian_Cancer_220329,0.446327683615819,0.395061728395061,0.153754469606674
Cycling_Bgc,Bn,Visium_FFPE_Human_Prostate_Acinar_Cell_Carcinoma_211009,0.256410256410256,1.0,0.222762645914396
Cycling_Bgc,Bn,Visium_FFPE_Human_Prostate_Cancer_210609,0.427113702623906,0.281407035175879,0.212093862815884
Cycling_Bgc,Bn,Visium_FFPE_Human_Prostate_IF_220713,0.5,0.0,0.422638436482084
Cycling_Bgc,Bn,Visium_Human_Breast_Cancer_220702,0.346467391304347,0.290657439446366,0.0543905635648754
Cycling_Bgc,Bn,WSSKNKCLsp12140270,0.396551724137931,0.0,0.0224089635854341
Cycling_Bgc,Bn,WSSKNKCLsp12140271,0.461538461538461,0.545454545454545,0.0352112676056338
Cycling_Bgc,Bn,WSSKNKCLsp12140272,0.0,0.511627906976744,0.0470383275261324
Cycling_Bgc,Bn,WSSKNKCLsp12140273,0.0,0.0,0.0733229329173166
Cycling_Bgc,Bn,WSSKNKCLsp12887267,0.0,0.875,0.0412371134020618
Cycling_Bgc,Bn,WSSKNKCLsp12887268,1.0,0.0,0.0216216216216216
Cycling_Bgc,Bn,WSSKNKCLsp12887269,0.835051546391752,0.0,0.01875
Cycling_Bgc,Bn,WSSKNKCLsp12887270,,0.0,0.0443349753694581
Cycling_Bgc,Bn,Zenodo10119273_Tumor2,0.220973782771535,0.223140495867768,0.592356687898089
Cycling_Bgc,Bn,scCRLM_Atlas_ST-colon1,0.354838709677419,0.411428571428571,0.476962457337883
Cycling_Bgc,Bn,scCRLM_Atlas_ST-colon2,0.0,0.40625,0.591254752851711
Cycling_Bgc,Bn,scCRLM_Atlas_ST-colon3,0.149038461538461,0.0,0.599083619702176
Cycling_Bgc,Bn,scCRLM_Atlas_ST-colon4,0.761780104712041,0.751552795031055,0.382103990326481
