anchor,partner,sample_id,Malignant,Boundary,Normal
HSPA6+_Macro,SPP1+_CXCL3+_Macro,01_034_C1d1,1.0,0.897959183673469,0.877697841726618
HSPA6+_Macro,SPP1+_CXCL3+_Macro,01_034_C3d1,0.807829181494661,0.446808510638297,1.0
HSPA6+_Macro,SPP1+_CXCL3+_Macro,01_039_C1d1,0.0596026490066225,1.0,0.325077399380804
HSPA6+_Macro,SPP1+_CXCL3+_Macro,01_039_C3d1,0.362745098039215,1.0,0.319838056680161
HSPA6+_Macro,SPP1+_CXCL3+_Macro,1142243F,0.786163522012578,0.616279069767441,0.767905711695376
HSPA6+_Macro,SPP1+_CXCL3+_Macro,1160920F,0.592672413793103,0.755905511811023,0.755649717514124
HSPA6+_Macro,SPP1+_CXCL3+_Macro,A_955_OvarianTumor,1.0,0.765578635014836,0.511185682326621
HSPA6+_Macro,SPP1+_CXCL3+_Macro,A_GTFB1154_OvarianCancerTumor,0.0,0.306666666666666,0.706632653061224
HSPA6+_Macro,SPP1+_CXCL3+_Macro,Ajou_Visium_P1,0.948387096774193,0.96917808219178,0.764883955600403
HSPA6+_Macro,SPP1+_CXCL3+_Macro,Ajou_Visium_P2,0.719780219780219,0.774774774774774,0.690966719492868
HSPA6+_Macro,SPP1+_CXCL3+_Macro,Ajou_Visium_P3,,,0.619745845552297
HSPA6+_Macro,SPP1+_CXCL3+_Macro,Ajou_Visium_P4,0.66875,0.762711864406779,0.712626995645863
HSPA6+_Macro,SPP1+_CXCL3+_Macro,B_GTFB1191_OvarianCancerTumor,0.718377088305489,0.950310559006211,0.496336996336996
HSPA6+_Macro,SPP1+_CXCL3+_Macro,CID4290,0.546052631578947,0.866141732283464,0.771084337349397
HSPA6+_Macro,SPP1+_CXCL3+_Macro,CID4465,1.0,0.936708860759493,0.867567567567567
HSPA6+_Macro,SPP1+_CXCL3+_Macro,CID44971,1.0,0.517543859649122,0.806004618937644
HSPA6+_Macro,SPP1+_CXCL3+_Macro,CID4535,0.439024390243902,1.0,0.705223880597014
HSPA6+_Macro,SPP1+_CXCL3+_Macro,C_GTFB1170_SmallCellOvarianCancer,1.0,0.904761904761904,0.711627906976744
HSPA6+_Macro,SPP1+_CXCL3+_Macro,Colon_10x_Visium_SampleP2_CRC,0.292568203198494,0.874074074074074,0.485507246376811
HSPA6+_Macro,SPP1+_CXCL3+_Macro,CytAssist_11mm_FFPE_Human_Lung_Cancer_230214,0.359159553512803,0.761692650334075,0.546954314720812
HSPA6+_Macro,SPP1+_CXCL3+_Macro,CytAssist_11mm_FFPE_Human_Ovarian_Carcinoma_220715,0.565656565656565,1.0,0.608290155440414
HSPA6+_Macro,SPP1+_CXCL3+_Macro,CytAssist_FFPE_Human_Lung_Squamous_Cell_Carcinoma_220714,0.406593406593406,0.67391304347826,0.735159817351598
HSPA6+_Macro,SPP1+_CXCL3+_Macro,CytAssist_Fresh_Frozen_Human_Breast_Cancer_230107,0.514423076923076,0.647577092511013,0.646288209606986
HSPA6+_Macro,SPP1+_CXCL3+_Macro,D_GTFB1170_SmallCellOvarianCancer,0.737777777777777,1.0,0.770949720670391
HSPA6+_Macro,SPP1+_CXCL3+_Macro,D_GTFB_1230_OvarianTumor,1.0,1.0,0.71563088512241
HSPA6+_Macro,SPP1+_CXCL3+_Macro,E_MTAB_13530_P10_T1,0.397148676171079,0.71042471042471,0.363228699551569
HSPA6+_Macro,SPP1+_CXCL3+_Macro,E_MTAB_13530_P10_T2,0.344594594594594,0.700598802395209,0.448717948717948
HSPA6+_Macro,SPP1+_CXCL3+_Macro,E_MTAB_13530_P10_T3,0.985815602836879,0.0,0.406493506493506
HSPA6+_Macro,SPP1+_CXCL3+_Macro,E_MTAB_13530_P10_T4,1.0,0.545454545454545,0.454983922829582
HSPA6+_Macro,SPP1+_CXCL3+_Macro,E_MTAB_13530_P11_T1,0.510791366906474,0.301369863013698,0.401544401544401
HSPA6+_Macro,SPP1+_CXCL3+_Macro,E_MTAB_13530_P11_T2,0.0,0.0,0.0675
HSPA6+_Macro,SPP1+_CXCL3+_Macro,E_MTAB_13530_P11_T3,1.0,0.0,0.366666666666666
HSPA6+_Macro,SPP1+_CXCL3+_Macro,E_MTAB_13530_P11_T4,1.0,0.0,0.541509433962264
HSPA6+_Macro,SPP1+_CXCL3+_Macro,E_MTAB_13530_P15_T1,0.595555555555555,0.43859649122807,0.410788381742738
HSPA6+_Macro,SPP1+_CXCL3+_Macro,E_MTAB_13530_P15_T2,0.489436619718309,0.568421052631578,0.513265306122449
HSPA6+_Macro,SPP1+_CXCL3+_Macro,E_MTAB_13530_P16_T1,1.0,0.724137931034482,0.527777777777777
HSPA6+_Macro,SPP1+_CXCL3+_Macro,E_MTAB_13530_P16_T2,0.0,1.0,0.479020979020979
HSPA6+_Macro,SPP1+_CXCL3+_Macro,E_MTAB_13530_P17_T1,0.82046332046332,0.6953125,0.523323615160349
HSPA6+_Macro,SPP1+_CXCL3+_Macro,E_MTAB_13530_P17_T2,0.728546409807355,0.535019455252918,0.360406091370558
HSPA6+_Macro,SPP1+_CXCL3+_Macro,E_MTAB_13530_P19_T1,0.382926829268292,0.370098039215686,0.343333333333333
HSPA6+_Macro,SPP1+_CXCL3+_Macro,E_MTAB_13530_P19_T2,0.484042553191489,0.519662921348314,0.483245149911816
HSPA6+_Macro,SPP1+_CXCL3+_Macro,E_MTAB_13530_P24_T1,0.244897959183673,1.0,0.548936170212766
HSPA6+_Macro,SPP1+_CXCL3+_Macro,E_MTAB_13530_P24_T2,0.388235294117647,0.968609865470852,0.487959442332065
HSPA6+_Macro,SPP1+_CXCL3+_Macro,E_MTAB_13530_P25_T1,1.0,0.772413793103448,0.611548556430446
HSPA6+_Macro,SPP1+_CXCL3+_Macro,E_MTAB_13530_P25_T2,1.0,1.0,0.529085872576177
HSPA6+_Macro,SPP1+_CXCL3+_Macro,GSE144239_GSM4565823,0.0,1.0,0.912663755458515
HSPA6+_Macro,SPP1+_CXCL3+_Macro,GSE144239_GSM4565824,1.0,,0.889763779527559
HSPA6+_Macro,SPP1+_CXCL3+_Macro,GSE144239_GSM4565825,0.797333333333333,0.971264367816092,0.625
HSPA6+_Macro,SPP1+_CXCL3+_Macro,GSE144239_GSM4565826,1.0,1.0,0.747415066469719
HSPA6+_Macro,SPP1+_CXCL3+_Macro,GSE251950_20_00331_LI_SING,0.715890850722311,0.772972972972973,0.516746411483253
HSPA6+_Macro,SPP1+_CXCL3+_Macro,GSE251950_21_00731_LI_SING,0.593548387096774,0.5,0.602895553257497
HSPA6+_Macro,SPP1+_CXCL3+_Macro,GSE251950_21_00732_LI_SING,0.20916905444126,1.0,0.521311475409836
HSPA6+_Macro,SPP1+_CXCL3+_Macro,GSE251950_21_00733_LI_SING,1.0,0.269230769230769,0.392059553349875
HSPA6+_Macro,SPP1+_CXCL3+_Macro,GSE251950_21_00734_LI_SING,0.756232686980609,0.420731707317073,0.575275397796817
HSPA6+_Macro,SPP1+_CXCL3+_Macro,GSE251950_21_01251_LI_SING,0.329545454545454,0.763157894736842,0.520527859237536
HSPA6+_Macro,SPP1+_CXCL3+_Macro,GSE251950_21_01253_LI_SING,0.954022988505747,0.317073170731707,0.48711943793911
HSPA6+_Macro,SPP1+_CXCL3+_Macro,GSE251950_21_01254_LI_SING,0.414772727272727,0.968036529680365,0.737881508078994
HSPA6+_Macro,SPP1+_CXCL3+_Macro,GSE251950_21_01675_LI_SING,0.825688073394495,0.857988165680473,0.500621118012422
HSPA6+_Macro,SPP1+_CXCL3+_Macro,GSM5494475_HNSCC201125T04,1.0,0.956521739130434,0.358585858585858
HSPA6+_Macro,SPP1+_CXCL3+_Macro,GSM5494476_HNSCC201125T05,0.570224719101123,0.724137931034482,0.678095238095238
HSPA6+_Macro,SPP1+_CXCL3+_Macro,GSM5494477_HNSCC201125T07,0.0,0.0,0.350409836065573
HSPA6+_Macro,SPP1+_CXCL3+_Macro,GSM5494478_HNSCC201125T10,1.0,1.0,0.253863134657836
HSPA6+_Macro,SPP1+_CXCL3+_Macro,GSM5494479_P210325T1,,0.0,0.332544378698224
HSPA6+_Macro,SPP1+_CXCL3+_Macro,GSM5494480_P210325T3,0.0,1.0,0.42829457364341
HSPA6+_Macro,SPP1+_CXCL3+_Macro,GSM5494481_P210325T5,0.0,1.0,0.379113018597997
HSPA6+_Macro,SPP1+_CXCL3+_Macro,GSM5494482_P210325T6,0.0,0.0,0.394329896907216
HSPA6+_Macro,SPP1+_CXCL3+_Macro,GSM5924030_ffpe_c_2,0.772200772200772,0.97452229299363,0.807550644567219
HSPA6+_Macro,SPP1+_CXCL3+_Macro,GSM5924031_ffpe_c_3,0.579872204472843,0.877358490566037,0.717219589257504
HSPA6+_Macro,SPP1+_CXCL3+_Macro,GSM5924032_ffpe_c_4,0.655256723716381,0.508771929824561,0.596317280453257
HSPA6+_Macro,SPP1+_CXCL3+_Macro,GSM5924033_ffpe_c_7,0.47144754316069,0.871186440677966,0.781990521327014
HSPA6+_Macro,SPP1+_CXCL3+_Macro,GSM5924034_ffpe_c_10,1.0,1.0,0.698770491803278
HSPA6+_Macro,SPP1+_CXCL3+_Macro,GSM5924035_ffpe_c_20,0.699059561128526,0.859188544152744,0.712871287128712
HSPA6+_Macro,SPP1+_CXCL3+_Macro,GSM5924036_ffpe_c_21,0.914209115281501,0.978947368421052,0.54360465116279
HSPA6+_Macro,SPP1+_CXCL3+_Macro,GSM5924037_ffpe_c_34,0.904109589041095,1.0,0.520072992700729
HSPA6+_Macro,SPP1+_CXCL3+_Macro,GSM5924038_ffpe_c_36,0.851851851851851,0.795620437956204,0.671641791044776
HSPA6+_Macro,SPP1+_CXCL3+_Macro,GSM5924039_ffpe_c_39,0.627669452181987,0.861842105263157,0.717465753424657
HSPA6+_Macro,SPP1+_CXCL3+_Macro,GSM5924040_ffpe_c_45,0.76297335203366,0.681318681318681,0.613843351548269
HSPA6+_Macro,SPP1+_CXCL3+_Macro,GSM5924041_ffpe_c_51,0.626349892008639,1.0,0.688768606224627
HSPA6+_Macro,SPP1+_CXCL3+_Macro,GSM5924042_frozen_a_1,0.987012987012987,1.0,0.786743515850144
HSPA6+_Macro,SPP1+_CXCL3+_Macro,GSM5924043_frozen_a_3,0.63695652173913,1.0,0.863013698630137
HSPA6+_Macro,SPP1+_CXCL3+_Macro,GSM5924044_frozen_a_15,0.735985533453887,0.982658959537572,0.756756756756756
HSPA6+_Macro,SPP1+_CXCL3+_Macro,GSM5924045_frozen_a_17,1.0,1.0,0.515950069348127
HSPA6+_Macro,SPP1+_CXCL3+_Macro,GSM5924046_frozen_b_1,0.802197802197802,0.0,0.905594405594405
HSPA6+_Macro,SPP1+_CXCL3+_Macro,GSM5924048_frozen_b_13,0.89090909090909,1.0,0.892086330935251
HSPA6+_Macro,SPP1+_CXCL3+_Macro,GSM5924049_frozen_b_18,0.695238095238095,0.0,0.80590717299578
HSPA6+_Macro,SPP1+_CXCL3+_Macro,GSM5924050_frozen_c_2,0.276923076923076,0.0,0.942367601246106
HSPA6+_Macro,SPP1+_CXCL3+_Macro,GSM5924051_frozen_c_5,1.0,1.0,0.580952380952381
HSPA6+_Macro,SPP1+_CXCL3+_Macro,GSM5924052_frozen_c_23,0.738532110091743,0.786885245901639,0.776034236804565
HSPA6+_Macro,SPP1+_CXCL3+_Macro,GSM5924053_frozen_c_57,,0.0,0.772455089820359
HSPA6+_Macro,SPP1+_CXCL3+_Macro,GSM6030901_patient_1,0.871287128712871,0.792134831460674,0.766381766381766
HSPA6+_Macro,SPP1+_CXCL3+_Macro,GSM6030902_patient_2,1.0,0.918918918918919,0.808102345415778
HSPA6+_Macro,SPP1+_CXCL3+_Macro,GSM6177599_NYU_BRCA0_Vis,0.98019801980198,0.985294117647058,0.697928026172301
HSPA6+_Macro,SPP1+_CXCL3+_Macro,GSM6177603_NYU_BRCA2_Vis,0.526315789473684,0.401360544217687,0.702213279678068
HSPA6+_Macro,SPP1+_CXCL3+_Macro,GSM6177607_NYU_GIST1_Vis,1.0,0.959259259259259,0.704180064308681
HSPA6+_Macro,SPP1+_CXCL3+_Macro,GSM6177609_NYU_GIST2_Vis,,,0.555886736214605
HSPA6+_Macro,SPP1+_CXCL3+_Macro,GSM6177612_NYU_LIHC1_Vis,0.46031746031746,1.0,0.768382352941176
HSPA6+_Macro,SPP1+_CXCL3+_Macro,GSM6177614_NYU_OVCA1_Vis,0.616666666666666,0.979411764705882,0.851282051282051
HSPA6+_Macro,SPP1+_CXCL3+_Macro,GSM6177617_NYU_OVCA3_Vis,0.949367088607594,0.478260869565217,0.59079283887468
HSPA6+_Macro,SPP1+_CXCL3+_Macro,GSM6177618_NYU_PDAC1_Vis,0.81578947368421,0.39938080495356,0.631884057971014
HSPA6+_Macro,SPP1+_CXCL3+_Macro,GSM6177623_NYU_UCEC3_Vis,0.324041811846689,1.0,0.668965517241379
HSPA6+_Macro,SPP1+_CXCL3+_Macro,GSM6339631_s1,0.0,0.0,0.479166666666666
HSPA6+_Macro,SPP1+_CXCL3+_Macro,GSM6339632_s2,0.350684931506849,0.626016260162601,0.350210970464135
HSPA6+_Macro,SPP1+_CXCL3+_Macro,GSM6339633_s3,0.697297297297297,0.702702702702702,0.437751004016064
HSPA6+_Macro,SPP1+_CXCL3+_Macro,GSM6339634_s4,1.0,0.0,0.519067796610169
HSPA6+_Macro,SPP1+_CXCL3+_Macro,GSM6339635_s5,1.0,0.626760563380281,0.262156448202959
HSPA6+_Macro,SPP1+_CXCL3+_Macro,GSM6339636_s6,0.0,0.0,0.18066561014263
HSPA6+_Macro,SPP1+_CXCL3+_Macro,GSM6339637_s7,,,0.440408626560726
HSPA6+_Macro,SPP1+_CXCL3+_Macro,GSM6339638_s8,,0.0,0.544021024967148
HSPA6+_Macro,SPP1+_CXCL3+_Macro,GSM6339639_s9,,0.0,0.329556185080264
HSPA6+_Macro,SPP1+_CXCL3+_Macro,GSM6339640_s10,1.0,0.0,0.431989924433249
HSPA6+_Macro,SPP1+_CXCL3+_Macro,GSM6339641_s11,0.0,1.0,0.272394881170018
HSPA6+_Macro,SPP1+_CXCL3+_Macro,GSM6339642_s12,0.960629921259842,0.745762711864406,0.287610619469026
HSPA6+_Macro,SPP1+_CXCL3+_Macro,GSM6433585_092A,0.766949152542372,1.0,0.515366430260047
HSPA6+_Macro,SPP1+_CXCL3+_Macro,GSM6433586_092B,0.234042553191489,0.0,0.835025380710659
HSPA6+_Macro,SPP1+_CXCL3+_Macro,GSM6433587_093A,0.947368421052631,1.0,0.647058823529411
HSPA6+_Macro,SPP1+_CXCL3+_Macro,GSM6433588_093B,0.882770870337477,1.0,1.0
HSPA6+_Macro,SPP1+_CXCL3+_Macro,GSM6433589_093C,0.75,0.608333333333333,0.586885245901639
HSPA6+_Macro,SPP1+_CXCL3+_Macro,GSM6433590_093D,1.0,1.0,0.776349614395886
HSPA6+_Macro,SPP1+_CXCL3+_Macro,GSM6433591_094A,,1.0,0.575757575757575
HSPA6+_Macro,SPP1+_CXCL3+_Macro,GSM6433592_094B,0.668367346938775,0.809523809523809,0.796019900497512
HSPA6+_Macro,SPP1+_CXCL3+_Macro,GSM6433593_094C,0.914634146341463,0.585034013605442,0.79957805907173
HSPA6+_Macro,SPP1+_CXCL3+_Macro,GSM6433594_094D,1.0,1.0,0.538461538461538
HSPA6+_Macro,SPP1+_CXCL3+_Macro,GSM6433595_095A,0.876712328767123,0.0,0.744985673352435
HSPA6+_Macro,SPP1+_CXCL3+_Macro,GSM6433596_095B,1.0,1.0,0.831967213114754
HSPA6+_Macro,SPP1+_CXCL3+_Macro,GSM6433597_117B,1.0,1.0,0.839009287925696
HSPA6+_Macro,SPP1+_CXCL3+_Macro,GSM6433598_117C,0.670103092783505,1.0,0.684931506849315
HSPA6+_Macro,SPP1+_CXCL3+_Macro,GSM6433599_117D,0.36,1.0,0.844919786096256
HSPA6+_Macro,SPP1+_CXCL3+_Macro,GSM6433600_117E,0.890710382513661,1.0,0.388349514563106
HSPA6+_Macro,SPP1+_CXCL3+_Macro,GSM6433601_118B,0.0,0.74074074074074,0.798771121351766
HSPA6+_Macro,SPP1+_CXCL3+_Macro,GSM6433602_118C,0.0,0.0,0.338006230529595
HSPA6+_Macro,SPP1+_CXCL3+_Macro,GSM6433603_118D,1.0,1.0,0.535593220338983
HSPA6+_Macro,SPP1+_CXCL3+_Macro,GSM6433604_118E,0.126126126126126,1.0,0.860465116279069
HSPA6+_Macro,SPP1+_CXCL3+_Macro,GSM6433605_119B,0.0,0.0,0.670886075949367
HSPA6+_Macro,SPP1+_CXCL3+_Macro,GSM6433606_119C,1.0,1.0,0.324022346368715
HSPA6+_Macro,SPP1+_CXCL3+_Macro,GSM6433607_119D,0.756410256410256,1.0,0.857142857142857
HSPA6+_Macro,SPP1+_CXCL3+_Macro,GSM6433608_119E,0.575892857142857,0.661016949152542,0.586885245901639
HSPA6+_Macro,SPP1+_CXCL3+_Macro,GSM6433609_120B,0.763358778625954,0.906779661016949,0.9375
HSPA6+_Macro,SPP1+_CXCL3+_Macro,GSM6433610_120C,0.632958801498127,1.0,0.241860465116279
HSPA6+_Macro,SPP1+_CXCL3+_Macro,GSM6433611_120D,1.0,0.759036144578313,0.949253731343283
HSPA6+_Macro,SPP1+_CXCL3+_Macro,GSM6433612_120E,,1.0,0.501333333333333
HSPA6+_Macro,SPP1+_CXCL3+_Macro,GSM6433613_395A,0.60932944606414,1.0,0.663956639566395
HSPA6+_Macro,SPP1+_CXCL3+_Macro,GSM6433614_395B,0.0,0.0,0.487684729064039
HSPA6+_Macro,SPP1+_CXCL3+_Macro,GSM6433615_395C,1.0,1.0,0.470588235294117
HSPA6+_Macro,SPP1+_CXCL3+_Macro,GSM6433616_395D,1.0,1.0,0.912698412698412
HSPA6+_Macro,SPP1+_CXCL3+_Macro,GSM6433617_396A,0.0,0.0,0.885964912280701
HSPA6+_Macro,SPP1+_CXCL3+_Macro,GSM6433618_396C,0.44578313253012,0.0,0.494488188976378
HSPA6+_Macro,SPP1+_CXCL3+_Macro,GSM6433619_396D,0.503401360544217,1.0,0.375866851595006
HSPA6+_Macro,SPP1+_CXCL3+_Macro,GSM6433620_397A,0.659090909090909,0.881355932203389,0.671052631578947
HSPA6+_Macro,SPP1+_CXCL3+_Macro,GSM6433621_397B,0.377906976744186,1.0,0.885714285714285
HSPA6+_Macro,SPP1+_CXCL3+_Macro,GSM6433622_397C,0.542857142857142,0.401360544217687,0.557251908396946
HSPA6+_Macro,SPP1+_CXCL3+_Macro,GSM6433623_397D,0.4375,0.0,0.581749049429657
HSPA6+_Macro,SPP1+_CXCL3+_Macro,GSM6433624_398A,0.624309392265193,1.0,0.717444717444717
HSPA6+_Macro,SPP1+_CXCL3+_Macro,GSM6433625_398B,1.0,1.0,0.927335640138408
HSPA6+_Macro,SPP1+_CXCL3+_Macro,GSM6433626_398C,,0.0,0.894736842105263
HSPA6+_Macro,SPP1+_CXCL3+_Macro,GSM6433627_398D,1.0,0.426086956521739,0.895833333333333
HSPA6+_Macro,SPP1+_CXCL3+_Macro,GSM6505133_DonorA,0.0,0.868217054263565,0.604234527687296
HSPA6+_Macro,SPP1+_CXCL3+_Macro,GSM6505134_DonorB,0.872549019607843,0.968152866242038,0.774557165861513
HSPA6+_Macro,SPP1+_CXCL3+_Macro,GSM6505135_DonorC,0.743362831858407,0.902255639097744,0.758064516129032
HSPA6+_Macro,SPP1+_CXCL3+_Macro,GSM6506110_SP1,0.688741721854304,0.629787234042553,0.792105263157894
HSPA6+_Macro,SPP1+_CXCL3+_Macro,GSM6506111_SP2,0.0,0.0,0.541766109785202
HSPA6+_Macro,SPP1+_CXCL3+_Macro,GSM6506112_SP3,1.0,1.0,0.798792756539235
HSPA6+_Macro,SPP1+_CXCL3+_Macro,GSM6506113_SP4,1.0,0.765625,0.502457002457002
HSPA6+_Macro,SPP1+_CXCL3+_Macro,GSM6506114_SP5,0.0,1.0,0.229299363057324
HSPA6+_Macro,SPP1+_CXCL3+_Macro,GSM6506115_SP6,1.0,1.0,0.89963503649635
HSPA6+_Macro,SPP1+_CXCL3+_Macro,GSM6506116_SP7,0.838150289017341,0.748400852878464,0.37
HSPA6+_Macro,SPP1+_CXCL3+_Macro,GSM6506117_SP8,0.27683615819209,0.436363636363636,0.764084507042253
HSPA6+_Macro,SPP1+_CXCL3+_Macro,GSM6833484_Patient1,0.421252371916508,0.563025210084033,0.579292267365661
HSPA6+_Macro,SPP1+_CXCL3+_Macro,GSM6833485_Patient2,0.0,0.75,0.183297180043383
HSPA6+_Macro,SPP1+_CXCL3+_Macro,GSM6833486_Patient3,0.0,1.0,0.367177522349936
HSPA6+_Macro,SPP1+_CXCL3+_Macro,GSM6833487_Patient4,0.462328767123287,0.574514038876889,0.512727272727272
HSPA6+_Macro,SPP1+_CXCL3+_Macro,GSM7019835_OCCR2v,0.931818181818181,0.8,0.326829268292682
HSPA6+_Macro,SPP1+_CXCL3+_Macro,GSM7019836_OCCS3v,1.0,0.46,0.917763157894736
HSPA6+_Macro,SPP1+_CXCL3+_Macro,GSM7058756,0.677018633540372,0.931818181818181,0.973529411764706
HSPA6+_Macro,SPP1+_CXCL3+_Macro,GSM7058757,0.680597014925373,0.766666666666666,0.796368352788586
HSPA6+_Macro,SPP1+_CXCL3+_Macro,GSM7058758,0.0,1.0,0.806369426751592
HSPA6+_Macro,SPP1+_CXCL3+_Macro,GSM7058759,1.0,0.561403508771929,0.611778846153846
HSPA6+_Macro,SPP1+_CXCL3+_Macro,GSM7090086_NextSeq2000,0.607407407407407,1.0,0.886363636363636
HSPA6+_Macro,SPP1+_CXCL3+_Macro,GSM7090087_NextSeq2000,1.0,0.986486486486486,0.733466933867735
HSPA6+_Macro,SPP1+_CXCL3+_Macro,GSM7090088_NextSeq2000,1.0,1.0,0.627906976744186
HSPA6+_Macro,SPP1+_CXCL3+_Macro,GSM7211257_EHU-W3,0.317939609236234,0.692307692307692,0.864842454394693
HSPA6+_Macro,SPP1+_CXCL3+_Macro,GSM7421790_PDAC_1,0.0,0.0,0.489603024574669
HSPA6+_Macro,SPP1+_CXCL3+_Macro,GSM7421791_PDAC_2,1.0,1.0,0.878172588832487
HSPA6+_Macro,SPP1+_CXCL3+_Macro,GSM7421792_PDAC_3,1.0,1.0,0.524886877828054
HSPA6+_Macro,SPP1+_CXCL3+_Macro,GSM7498811_SS1905133,0.39568345323741,0.91875,0.753513513513513
HSPA6+_Macro,SPP1+_CXCL3+_Macro,GSM7498812_SS1923404,0.884615384615384,1.0,0.701369863013698
HSPA6+_Macro,SPP1+_CXCL3+_Macro,GSM7498813_SS1945070,1.0,0.0,0.618691588785046
HSPA6+_Macro,SPP1+_CXCL3+_Macro,GSM7498814_SS1960050,1.0,0.897727272727272,0.375838926174496
HSPA6+_Macro,SPP1+_CXCL3+_Macro,GSM7498815_SS2002154,0.594170403587444,1.0,0.35865504358655
HSPA6+_Macro,SPP1+_CXCL3+_Macro,GSM7498816_SS2005094,0.616161616161616,0.752475247524752,0.511784511784511
HSPA6+_Macro,SPP1+_CXCL3+_Macro,GSM7498817_SS2021309,0.485294117647058,0.23076923076923,0.535753575357535
HSPA6+_Macro,SPP1+_CXCL3+_Macro,GSM7757970_R1-S1,1.0,0.0,0.702189781021897
HSPA6+_Macro,SPP1+_CXCL3+_Macro,GSM7757972_R1-S3,,,0.758620689655172
HSPA6+_Macro,SPP1+_CXCL3+_Macro,GSM7757973_R1-S4,0.795221843003412,0.86060606060606,0.368589743589743
HSPA6+_Macro,SPP1+_CXCL3+_Macro,GSM7757974_R1-S5,0.488151658767772,1.0,0.297872340425531
HSPA6+_Macro,SPP1+_CXCL3+_Macro,GSM7757975_R1-S6,1.0,0.933333333333333,0.774011299435028
HSPA6+_Macro,SPP1+_CXCL3+_Macro,GSM7757976_R2-S1,0.527272727272727,0.622549019607843,0.412780656303972
HSPA6+_Macro,SPP1+_CXCL3+_Macro,GSM7757977_R2-S2,0.746987951807228,0.620481927710843,0.632446134347275
HSPA6+_Macro,SPP1+_CXCL3+_Macro,GSM7757978_R2-S3,0.800675675675675,0.865196078431372,0.674603174603174
HSPA6+_Macro,SPP1+_CXCL3+_Macro,GSM7757979_R2-S4,0.329032258064516,1.0,0.437086092715231
HSPA6+_Macro,SPP1+_CXCL3+_Macro,GSM7757980_R2-S5,0.0,1.0,0.554347826086956
HSPA6+_Macro,SPP1+_CXCL3+_Macro,GSM7757982_R3-S2,0.641304347826086,1.0,0.475852272727272
HSPA6+_Macro,SPP1+_CXCL3+_Macro,GSM7757983_R3-S3,0.0,1.0,0.335832083958021
HSPA6+_Macro,SPP1+_CXCL3+_Macro,GSM7757984_R3-S4,0.855072463768116,0.820253164556962,0.746575342465753
HSPA6+_Macro,SPP1+_CXCL3+_Macro,GSM7757985_R3-S5,0.447667087011349,0.983957219251337,0.792915531335149
HSPA6+_Macro,SPP1+_CXCL3+_Macro,GSM7777520_A1,,1.0,0.641975308641975
HSPA6+_Macro,SPP1+_CXCL3+_Macro,GSM7777521_B1,0.0,0.0,0.579746835443038
HSPA6+_Macro,SPP1+_CXCL3+_Macro,GSM7777522_C1,0.886255924170616,0.548387096774193,0.0
HSPA6+_Macro,SPP1+_CXCL3+_Macro,GSM7777523_D1,0.0,1.0,0.935897435897436
HSPA6+_Macro,SPP1+_CXCL3+_Macro,GSM7850822_CHC20,0.0,1.0,0.364779874213836
HSPA6+_Macro,SPP1+_CXCL3+_Macro,HCC1R,0.432176656151419,0.80327868852459,0.885553470919324
HSPA6+_Macro,SPP1+_CXCL3+_Macro,HCC3R,0.706161137440758,1.0,0.728310502283105
HSPA6+_Macro,SPP1+_CXCL3+_Macro,HCC4R,1.0,1.0,0.793706293706293
HSPA6+_Macro,SPP1+_CXCL3+_Macro,HCC6NR,1.0,0.622641509433962,0.45953002610966
HSPA6+_Macro,SPP1+_CXCL3+_Macro,HCC7NR,0.955357142857142,0.923753665689149,1.0
HSPA6+_Macro,SPP1+_CXCL3+_Macro,HRA000437_HCC-1T,0.5234375,1.0,0.623089983022071
HSPA6+_Macro,SPP1+_CXCL3+_Macro,HRA000437_HCC-2T,0.501118568232662,0.578481012658227,0.535809018567639
HSPA6+_Macro,SPP1+_CXCL3+_Macro,HRA000437_HCC-3T,1.0,0.714285714285714,0.598825831702544
HSPA6+_Macro,SPP1+_CXCL3+_Macro,HRA000437_HCC-4T,0.852459016393442,0.569948186528497,0.422641509433962
HSPA6+_Macro,SPP1+_CXCL3+_Macro,Parent_Visium_Human_BreastCancer_201027,0.848837209302325,0.691648822269807,0.732476635514018
HSPA6+_Macro,SPP1+_CXCL3+_Macro,Parent_Visium_Human_ColorectalCancer_201027,0.926666666666666,1.0,0.752589182968929
HSPA6+_Macro,SPP1+_CXCL3+_Macro,Parent_Visium_Human_OvarianCancer_201027,0.874015748031496,0.556321839080459,0.47148288973384
HSPA6+_Macro,SPP1+_CXCL3+_Macro,S16_43398,0.276497695852534,0.343065693430656,0.379234972677595
HSPA6+_Macro,SPP1+_CXCL3+_Macro,S20_47598,0.315315315315315,0.727272727272727,0.287387387387387
HSPA6+_Macro,SPP1+_CXCL3+_Macro,S20_61122,0.677611940298507,0.5,0.310596833130328
HSPA6+_Macro,SPP1+_CXCL3+_Macro,S20_63981,0.477011494252873,0.255725190839694,0.501657458563535
HSPA6+_Macro,SPP1+_CXCL3+_Macro,S21_10267,0.458401305057096,0.577319587628865,0.559910414333706
HSPA6+_Macro,SPP1+_CXCL3+_Macro,SN048_A121573_Rep1,1.0,0.714285714285714,0.554364471669219
HSPA6+_Macro,SPP1+_CXCL3+_Macro,SN048_A121573_Rep2,0.717592592592592,0.747474747474747,0.828616352201257
HSPA6+_Macro,SPP1+_CXCL3+_Macro,SN048_A416371_Rep1,0.760416666666666,0.0,0.533011272141707
HSPA6+_Macro,SPP1+_CXCL3+_Macro,SN048_A416371_Rep2,1.0,0.0,0.498881431767337
HSPA6+_Macro,SPP1+_CXCL3+_Macro,SN123_A551763_Rep1,1.0,0.0,0.53551912568306
HSPA6+_Macro,SPP1+_CXCL3+_Macro,SN123_A595688_Rep1,0.594871794871794,0.352201257861635,0.875621890547263
HSPA6+_Macro,SPP1+_CXCL3+_Macro,SN123_A938797_Rep1_X,0.0,0.0,0.621342512908778
HSPA6+_Macro,SPP1+_CXCL3+_Macro,SN124_A551763_Rep2,,,0.724409448818897
HSPA6+_Macro,SPP1+_CXCL3+_Macro,SN124_A595688_Rep2,1.0,1.0,1.0
HSPA6+_Macro,SPP1+_CXCL3+_Macro,SN124_A938797_Rep2,0.33695652173913,0.446700507614213,0.576704545454545
HSPA6+_Macro,SPP1+_CXCL3+_Macro,SN84_A120838_Rep1,0.682926829268292,1.0,0.965116279069767
HSPA6+_Macro,SPP1+_CXCL3+_Macro,SN84_A120838_Rep2,0.941860465116279,0.924812030075188,0.465346534653465
HSPA6+_Macro,SPP1+_CXCL3+_Macro,V10F24-015_A1,1.0,0.0,0.63605823068309
HSPA6+_Macro,SPP1+_CXCL3+_Macro,V10F24-015_B1,1.0,0.651315789473684,0.768707482993197
HSPA6+_Macro,SPP1+_CXCL3+_Macro,V10F24-015_C1,0.947674418604651,1.0,0.7005444646098
HSPA6+_Macro,SPP1+_CXCL3+_Macro,V10F24-015_D1,0.0,1.0,0.513698630136986
HSPA6+_Macro,SPP1+_CXCL3+_Macro,V11A20-405_C1,0.5,0.918181818181818,0.519093078758949
HSPA6+_Macro,SPP1+_CXCL3+_Macro,V11A20-405_D1,0.547945205479452,0.931192660550458,0.411099691675231
HSPA6+_Macro,SPP1+_CXCL3+_Macro,V11M22-349_C1,0.38781163434903,0.671717171717171,0.42127659574468
HSPA6+_Macro,SPP1+_CXCL3+_Macro,V11M22-349_D1,1.0,0.907407407407407,0.353103448275862
HSPA6+_Macro,SPP1+_CXCL3+_Macro,V1_Breast_Cancer_Block_A_Section_2_200623,0.779310344827586,0.491596638655462,0.484231943031536
HSPA6+_Macro,SPP1+_CXCL3+_Macro,V1_Human_Invasive_Ductal_Carcinoma_210511,0.527272727272727,0.192307692307692,0.460595446584938
HSPA6+_Macro,SPP1+_CXCL3+_Macro,Visium_FFPE_Human_Breast_Cancer_210609,0.975369458128078,0.991031390134529,0.929936305732484
HSPA6+_Macro,SPP1+_CXCL3+_Macro,Visium_FFPE_Human_Intestinal_Cancer_220329,0.491379310344827,0.633952254641909,0.691228070175438
HSPA6+_Macro,SPP1+_CXCL3+_Macro,Visium_FFPE_Human_Ovarian_Cancer_220329,0.696043165467625,0.8,0.395985401459854
HSPA6+_Macro,SPP1+_CXCL3+_Macro,Visium_FFPE_Human_Prostate_Acinar_Cell_Carcinoma_211009,0.900763358778626,0.737864077669902,0.437246963562753
HSPA6+_Macro,SPP1+_CXCL3+_Macro,Visium_FFPE_Human_Prostate_Cancer_210609,0.538823529411764,0.773722627737226,0.505583756345177
HSPA6+_Macro,SPP1+_CXCL3+_Macro,Visium_FFPE_Human_Prostate_IF_220713,0.794871794871794,0.487179487179487,0.536166365280289
HSPA6+_Macro,SPP1+_CXCL3+_Macro,Visium_Human_Breast_Cancer_220702,0.46041055718475,0.698924731182795,0.648406374501992
HSPA6+_Macro,SPP1+_CXCL3+_Macro,WSSKNKCLsp12140270,1.0,1.0,0.503105590062111
HSPA6+_Macro,SPP1+_CXCL3+_Macro,WSSKNKCLsp12140271,0.421052631578947,1.0,0.759259259259259
HSPA6+_Macro,SPP1+_CXCL3+_Macro,WSSKNKCLsp12140272,1.0,1.0,0.705992509363295
HSPA6+_Macro,SPP1+_CXCL3+_Macro,WSSKNKCLsp12140273,1.0,1.0,0.746803069053708
HSPA6+_Macro,SPP1+_CXCL3+_Macro,WSSKNKCLsp12887267,0.75,1.0,0.683890577507598
HSPA6+_Macro,SPP1+_CXCL3+_Macro,WSSKNKCLsp12887268,1.0,1.0,0.64
HSPA6+_Macro,SPP1+_CXCL3+_Macro,WSSKNKCLsp12887269,1.0,1.0,0.75
HSPA6+_Macro,SPP1+_CXCL3+_Macro,WSSKNKCLsp12887270,,0.0,0.809128630705394
HSPA6+_Macro,SPP1+_CXCL3+_Macro,Zenodo10119273_Tumor2,0.488095238095238,0.91578947368421,0.76551724137931
HSPA6+_Macro,SPP1+_CXCL3+_Macro,scCRLM_Atlas_ST-colon1,0.666666666666666,0.478527607361963,0.655206286836935
HSPA6+_Macro,SPP1+_CXCL3+_Macro,scCRLM_Atlas_ST-colon2,0.0,1.0,0.687372708757637
HSPA6+_Macro,SPP1+_CXCL3+_Macro,scCRLM_Atlas_ST-colon3,0.850961538461538,1.0,0.576635514018691
HSPA6+_Macro,SPP1+_CXCL3+_Macro,scCRLM_Atlas_ST-colon4,0.567493112947658,0.937142857142857,0.775229357798165
HSPA6+_Macro,SPP1+_MT1+_Macro,01_034_C1d1,1.0,0.693877551020408,0.866906474820143
HSPA6+_Macro,SPP1+_MT1+_Macro,01_034_C3d1,0.404891304347826,0.403846153846153,0.22077922077922
HSPA6+_Macro,SPP1+_MT1+_Macro,01_039_C1d1,0.0,0.647058823529411,0.265372168284789
HSPA6+_Macro,SPP1+_MT1+_Macro,01_039_C3d1,0.166666666666666,0.0,0.245098039215686
HSPA6+_Macro,SPP1+_MT1+_Macro,1142243F,0.78125,0.523316062176165,0.211975223675154
HSPA6+_Macro,SPP1+_MT1+_Macro,1160920F,0.502356267672007,0.72962226640159,0.407635467980295
HSPA6+_Macro,SPP1+_MT1+_Macro,A_955_OvarianTumor,1.0,0.825268817204301,0.513667425968109
HSPA6+_Macro,SPP1+_MT1+_Macro,A_GTFB1154_OvarianCancerTumor,0.0,0.306666666666666,0.586253369272237
HSPA6+_Macro,SPP1+_MT1+_Macro,Ajou_Visium_P1,0.850574712643678,0.972696245733788,0.6865234375
HSPA6+_Macro,SPP1+_MT1+_Macro,Ajou_Visium_P2,0.671122994652406,0.75438596491228,0.69076923076923
HSPA6+_Macro,SPP1+_MT1+_Macro,Ajou_Visium_P3,,,0.592224231464737
HSPA6+_Macro,SPP1+_MT1+_Macro,Ajou_Visium_P4,0.665625,0.965174129353234,0.670995670995671
HSPA6+_Macro,SPP1+_MT1+_Macro,B_GTFB1191_OvarianCancerTumor,0.553571428571428,0.743169398907103,0.526213592233009
HSPA6+_Macro,SPP1+_MT1+_Macro,CID4290,1.0,0.94776119402985,0.382519863791146
HSPA6+_Macro,SPP1+_MT1+_Macro,CID4465,0.594059405940594,0.527950310559006,0.276139410187667
HSPA6+_Macro,SPP1+_MT1+_Macro,CID44971,1.0,0.517543859649122,0.698113207547169
HSPA6+_Macro,SPP1+_MT1+_Macro,CID4535,0.405714285714285,1.0,0.39367816091954
HSPA6+_Macro,SPP1+_MT1+_Macro,C_GTFB1170_SmallCellOvarianCancer,1.0,0.988095238095238,0.635811836115326
HSPA6+_Macro,SPP1+_MT1+_Macro,Colon_10x_Visium_SampleP2_CRC,0.298731257208765,0.484098939929328,0.584323040380047
HSPA6+_Macro,SPP1+_MT1+_Macro,CytAssist_11mm_FFPE_Human_Lung_Cancer_230214,0.219787100814026,0.742798353909465,0.413650465356773
HSPA6+_Macro,SPP1+_MT1+_Macro,CytAssist_11mm_FFPE_Human_Ovarian_Carcinoma_220715,0.527918781725888,0.927272727272727,0.632044198895027
HSPA6+_Macro,SPP1+_MT1+_Macro,CytAssist_FFPE_Human_Lung_Squamous_Cell_Carcinoma_220714,0.397644927536231,0.37890625,0.629246676514032
HSPA6+_Macro,SPP1+_MT1+_Macro,CytAssist_Fresh_Frozen_Human_Breast_Cancer_230107,0.505102040816326,0.717171717171717,0.613733905579399
HSPA6+_Macro,SPP1+_MT1+_Macro,D_GTFB1170_SmallCellOvarianCancer,0.563981042654028,1.0,0.775956284153005
HSPA6+_Macro,SPP1+_MT1+_Macro,D_GTFB_1230_OvarianTumor,1.0,1.0,0.653543307086614
HSPA6+_Macro,SPP1+_MT1+_Macro,E_MTAB_13530_P10_T1,0.368700265251989,0.447058823529411,0.556521739130434
HSPA6+_Macro,SPP1+_MT1+_Macro,E_MTAB_13530_P10_T2,0.432203389830508,0.755681818181818,0.401129943502824
HSPA6+_Macro,SPP1+_MT1+_Macro,E_MTAB_13530_P10_T3,0.8125,0.0,0.37065637065637
HSPA6+_Macro,SPP1+_MT1+_Macro,E_MTAB_13530_P10_T4,0.157142857142857,0.856164383561643,0.476923076923076
HSPA6+_Macro,SPP1+_MT1+_Macro,E_MTAB_13530_P11_T1,0.602649006622516,0.297297297297297,0.313291139240506
HSPA6+_Macro,SPP1+_MT1+_Macro,E_MTAB_13530_P11_T2,0.0,0.401408450704225,0.0691358024691358
HSPA6+_Macro,SPP1+_MT1+_Macro,E_MTAB_13530_P11_T3,1.0,0.0,0.266441821247892
HSPA6+_Macro,SPP1+_MT1+_Macro,E_MTAB_13530_P11_T4,0.0,0.0,0.504440497335701
HSPA6+_Macro,SPP1+_MT1+_Macro,E_MTAB_13530_P15_T1,0.433734939759036,0.360619469026548,0.44
HSPA6+_Macro,SPP1+_MT1+_Macro,E_MTAB_13530_P15_T2,0.510729613733905,0.460136674259681,0.590217391304347
HSPA6+_Macro,SPP1+_MT1+_Macro,E_MTAB_13530_P16_T1,0.346820809248554,0.711864406779661,0.448735019973368
HSPA6+_Macro,SPP1+_MT1+_Macro,E_MTAB_13530_P16_T2,0.0,0.307692307692307,0.462962962962962
HSPA6+_Macro,SPP1+_MT1+_Macro,E_MTAB_13530_P17_T1,0.60759493670886,0.460829493087557,0.516901408450704
HSPA6+_Macro,SPP1+_MT1+_Macro,E_MTAB_13530_P17_T2,0.676573426573426,0.390284757118927,0.315396113602391
HSPA6+_Macro,SPP1+_MT1+_Macro,E_MTAB_13530_P19_T1,0.182608695652173,0.455012853470437,0.314009661835748
HSPA6+_Macro,SPP1+_MT1+_Macro,E_MTAB_13530_P19_T2,0.365482233502538,0.608308605341246,0.483245149911816
HSPA6+_Macro,SPP1+_MT1+_Macro,E_MTAB_13530_P24_T1,0.261363636363636,0.0,0.353007945516458
HSPA6+_Macro,SPP1+_MT1+_Macro,E_MTAB_13530_P24_T2,0.34020618556701,0.95067264573991,0.487951807228915
HSPA6+_Macro,SPP1+_MT1+_Macro,E_MTAB_13530_P25_T1,0.361990950226244,0.510344827586206,0.559055118110236
HSPA6+_Macro,SPP1+_MT1+_Macro,E_MTAB_13530_P25_T2,1.0,1.0,0.348623853211009
HSPA6+_Macro,SPP1+_MT1+_Macro,GSE144239_GSM4565823,0.0,0.0,0.448795180722891
HSPA6+_Macro,SPP1+_MT1+_Macro,GSE144239_GSM4565824,0.0,,0.301333333333333
HSPA6+_Macro,SPP1+_MT1+_Macro,GSE144239_GSM4565825,0.357664233576642,0.901098901098901,0.205007824726134
HSPA6+_Macro,SPP1+_MT1+_Macro,GSE144239_GSM4565826,1.0,0.0,0.381389252948886
HSPA6+_Macro,SPP1+_MT1+_Macro,GSE251950_20_00331_LI_SING,0.574792243767313,0.735135135135135,0.767857142857142
HSPA6+_Macro,SPP1+_MT1+_Macro,GSE251950_21_00731_LI_SING,0.884615384615384,0.51578947368421,0.517467248908297
HSPA6+_Macro,SPP1+_MT1+_Macro,GSE251950_21_00732_LI_SING,0.367816091954023,0.181159420289855,0.557377049180327
HSPA6+_Macro,SPP1+_MT1+_Macro,GSE251950_21_00733_LI_SING,0.0,0.259259259259259,0.43261231281198
HSPA6+_Macro,SPP1+_MT1+_Macro,GSE251950_21_00734_LI_SING,0.496688741721854,0.4375,0.444948921679909
HSPA6+_Macro,SPP1+_MT1+_Macro,GSE251950_21_01251_LI_SING,0.478114478114478,0.759562841530054,0.512
HSPA6+_Macro,SPP1+_MT1+_Macro,GSE251950_21_01253_LI_SING,0.485106382978723,0.8125,0.406698564593301
HSPA6+_Macro,SPP1+_MT1+_Macro,GSE251950_21_01254_LI_SING,0.414772727272727,0.968181818181818,0.731023102310231
HSPA6+_Macro,SPP1+_MT1+_Macro,GSE251950_21_01675_LI_SING,0.416666666666666,0.516279069767441,0.298265895953757
HSPA6+_Macro,SPP1+_MT1+_Macro,GSM5494475_HNSCC201125T04,0.329411764705882,0.42,0.316742081447963
HSPA6+_Macro,SPP1+_MT1+_Macro,GSM5494476_HNSCC201125T05,0.556547619047619,0.848484848484848,0.659090909090909
HSPA6+_Macro,SPP1+_MT1+_Macro,GSM5494477_HNSCC201125T07,0.0,0.0,0.348979591836734
HSPA6+_Macro,SPP1+_MT1+_Macro,GSM5494478_HNSCC201125T10,1.0,0.422680412371134,0.136950904392764
HSPA6+_Macro,SPP1+_MT1+_Macro,GSM5494479_P210325T1,,0.0,0.297407912687585
HSPA6+_Macro,SPP1+_MT1+_Macro,GSM5494480_P210325T3,0.0,1.0,0.338235294117647
HSPA6+_Macro,SPP1+_MT1+_Macro,GSM5494481_P210325T5,0.0,1.0,0.402694610778443
HSPA6+_Macro,SPP1+_MT1+_Macro,GSM5494482_P210325T6,0.0,0.0,0.325242718446601
HSPA6+_Macro,SPP1+_MT1+_Macro,GSM5924030_ffpe_c_2,0.732075471698113,0.858064516129032,0.884408602150537
HSPA6+_Macro,SPP1+_MT1+_Macro,GSM5924031_ffpe_c_3,0.525559105431309,0.743083003952569,0.720820189274447
HSPA6+_Macro,SPP1+_MT1+_Macro,GSM5924032_ffpe_c_4,0.473118279569892,0.479338842975206,0.660273972602739
HSPA6+_Macro,SPP1+_MT1+_Macro,GSM5924033_ffpe_c_7,0.451282051282051,0.784883720930232,0.671892497200448
HSPA6+_Macro,SPP1+_MT1+_Macro,GSM5924034_ffpe_c_10,0.4126213592233,0.0,0.329245861434702
HSPA6+_Macro,SPP1+_MT1+_Macro,GSM5924035_ffpe_c_20,0.548693586698337,0.777239709443099,0.487712665406427
HSPA6+_Macro,SPP1+_MT1+_Macro,GSM5924036_ffpe_c_21,0.6,0.464912280701754,0.426981919332406
HSPA6+_Macro,SPP1+_MT1+_Macro,GSM5924037_ffpe_c_34,0.67012987012987,1.0,0.637931034482758
HSPA6+_Macro,SPP1+_MT1+_Macro,GSM5924038_ffpe_c_36,0.883720930232558,0.637037037037037,0.454436450839328
HSPA6+_Macro,SPP1+_MT1+_Macro,GSM5924039_ffpe_c_39,0.402586903799514,0.756684491978609,0.620637329286798
HSPA6+_Macro,SPP1+_MT1+_Macro,GSM5924040_ffpe_c_45,0.609974424552429,1.0,0.434042553191489
HSPA6+_Macro,SPP1+_MT1+_Macro,GSM5924041_ffpe_c_51,0.478060046189376,0.964912280701754,0.524022346368715
HSPA6+_Macro,SPP1+_MT1+_Macro,GSM5924042_frozen_a_1,0.947712418300653,1.0,0.587064676616915
HSPA6+_Macro,SPP1+_MT1+_Macro,GSM5924043_frozen_a_3,0.35621521335807,0.20754716981132,0.478260869565217
HSPA6+_Macro,SPP1+_MT1+_Macro,GSM5924044_frozen_a_15,0.3184165232358,0.982658959537572,0.729490022172949
HSPA6+_Macro,SPP1+_MT1+_Macro,GSM5924045_frozen_a_17,0.0,1.0,0.634645669291338
HSPA6+_Macro,SPP1+_MT1+_Macro,GSM5924046_frozen_b_1,0.855421686746987,0.0,0.668097281831187
HSPA6+_Macro,SPP1+_MT1+_Macro,GSM5924048_frozen_b_13,0.626506024096385,0.0,0.750798722044728
HSPA6+_Macro,SPP1+_MT1+_Macro,GSM5924049_frozen_b_18,0.59047619047619,0.0,0.807860262008733
HSPA6+_Macro,SPP1+_MT1+_Macro,GSM5924050_frozen_c_2,0.265625,0.0,0.875542691751085
HSPA6+_Macro,SPP1+_MT1+_Macro,GSM5924051_frozen_c_5,1.0,0.837662337662337,0.481012658227848
HSPA6+_Macro,SPP1+_MT1+_Macro,GSM5924052_frozen_c_23,0.58203125,0.707446808510638,0.693181818181818
HSPA6+_Macro,SPP1+_MT1+_Macro,GSM5924053_frozen_c_57,,0.0,0.767164179104477
HSPA6+_Macro,SPP1+_MT1+_Macro,GSM6030901_patient_1,0.564356435643564,1.0,0.535181236673774
HSPA6+_Macro,SPP1+_MT1+_Macro,GSM6030902_patient_2,0.0,0.0,0.573991031390134
HSPA6+_Macro,SPP1+_MT1+_Macro,GSM6177599_NYU_BRCA0_Vis,0.353846153846153,0.56198347107438,0.385159010600706
HSPA6+_Macro,SPP1+_MT1+_Macro,GSM6177603_NYU_BRCA2_Vis,0.514705882352941,0.492424242424242,0.303234501347708
HSPA6+_Macro,SPP1+_MT1+_Macro,GSM6177607_NYU_GIST1_Vis,1.0,0.812056737588652,0.461997019374068
HSPA6+_Macro,SPP1+_MT1+_Macro,GSM6177609_NYU_GIST2_Vis,,,0.551336146272855
HSPA6+_Macro,SPP1+_MT1+_Macro,GSM6177612_NYU_LIHC1_Vis,1.0,1.0,0.714801444043321
HSPA6+_Macro,SPP1+_MT1+_Macro,GSM6177614_NYU_OVCA1_Vis,0.616666666666666,0.9,0.852791878172588
HSPA6+_Macro,SPP1+_MT1+_Macro,GSM6177617_NYU_OVCA3_Vis,0.938271604938271,0.0,0.540983606557377
HSPA6+_Macro,SPP1+_MT1+_Macro,GSM6177618_NYU_PDAC1_Vis,0.81578947368421,0.364741641337386,0.505347593582887
HSPA6+_Macro,SPP1+_MT1+_Macro,GSM6177623_NYU_UCEC3_Vis,0.667820069204152,0.348837209302325,0.586842105263157
HSPA6+_Macro,SPP1+_MT1+_Macro,GSM6339631_s1,0.0,0.0,0.390284757118927
HSPA6+_Macro,SPP1+_MT1+_Macro,GSM6339632_s2,0.471232876712328,0.341317365269461,0.287037037037037
HSPA6+_Macro,SPP1+_MT1+_Macro,GSM6339633_s3,0.207650273224043,0.702702702702702,0.47783251231527
HSPA6+_Macro,SPP1+_MT1+_Macro,GSM6339634_s4,0.0,0.0,0.308823529411764
HSPA6+_Macro,SPP1+_MT1+_Macro,GSM6339635_s5,1.0,0.605442176870748,0.0622406639004149
HSPA6+_Macro,SPP1+_MT1+_Macro,GSM6339636_s6,0.0,0.0,0.115083798882681
HSPA6+_Macro,SPP1+_MT1+_Macro,GSM6339637_s7,,,0.365100671140939
HSPA6+_Macro,SPP1+_MT1+_Macro,GSM6339638_s8,,0.0,0.475739644970414
HSPA6+_Macro,SPP1+_MT1+_Macro,GSM6339639_s9,,0.0,0.213065326633165
HSPA6+_Macro,SPP1+_MT1+_Macro,GSM6339640_s10,0.733333333333333,0.0,0.375930521091811
HSPA6+_Macro,SPP1+_MT1+_Macro,GSM6339641_s11,0.0,0.9375,0.05006105006105
HSPA6+_Macro,SPP1+_MT1+_Macro,GSM6339642_s12,0.57516339869281,0.493506493506493,0.281045751633986
HSPA6+_Macro,SPP1+_MT1+_Macro,GSM6433585_092A,0.629090909090909,1.0,0.260964912280701
HSPA6+_Macro,SPP1+_MT1+_Macro,GSM6433586_092B,0.0780141843971631,0.0,0.535962877030162
HSPA6+_Macro,SPP1+_MT1+_Macro,GSM6433587_093A,0.953271028037383,0.566265060240963,0.364768683274021
HSPA6+_Macro,SPP1+_MT1+_Macro,GSM6433588_093B,0.335227272727272,1.0,1.0
HSPA6+_Macro,SPP1+_MT1+_Macro,GSM6433589_093C,0.394607843137254,0.522123893805309,0.574344023323615
HSPA6+_Macro,SPP1+_MT1+_Macro,GSM6433590_093D,1.0,0.0,0.535108958837772
HSPA6+_Macro,SPP1+_MT1+_Macro,GSM6433591_094A,,1.0,0.225519287833827
HSPA6+_Macro,SPP1+_MT1+_Macro,GSM6433592_094B,0.487046632124352,0.495238095238095,0.475177304964539
HSPA6+_Macro,SPP1+_MT1+_Macro,GSM6433593_094C,0.586309523809523,0.567567567567567,0.246869409660107
HSPA6+_Macro,SPP1+_MT1+_Macro,GSM6433594_094D,1.0,0.317073170731707,0.2
HSPA6+_Macro,SPP1+_MT1+_Macro,GSM6433595_095A,0.50375939849624,0.0,0.361194029850746
HSPA6+_Macro,SPP1+_MT1+_Macro,GSM6433596_095B,1.0,1.0,0.354223433242506
HSPA6+_Macro,SPP1+_MT1+_Macro,GSM6433597_117B,1.0,1.0,0.750809061488673
HSPA6+_Macro,SPP1+_MT1+_Macro,GSM6433598_117C,0.670103092783505,0.388429752066115,0.46788990825688
HSPA6+_Macro,SPP1+_MT1+_Macro,GSM6433599_117D,0.3,0.528776978417266,0.389639639639639
HSPA6+_Macro,SPP1+_MT1+_Macro,GSM6433600_117E,0.817258883248731,1.0,0.281553398058252
HSPA6+_Macro,SPP1+_MT1+_Macro,GSM6433601_118B,1.0,0.74074074074074,0.262879788639365
HSPA6+_Macro,SPP1+_MT1+_Macro,GSM6433602_118C,0.0,0.0,0.414634146341463
HSPA6+_Macro,SPP1+_MT1+_Macro,GSM6433603_118D,1.0,1.0,0.185
HSPA6+_Macro,SPP1+_MT1+_Macro,GSM6433604_118E,0.125,1.0,0.491349480968858
HSPA6+_Macro,SPP1+_MT1+_Macro,GSM6433605_119B,0.0,0.0,0.0777777777777777
HSPA6+_Macro,SPP1+_MT1+_Macro,GSM6433606_119C,1.0,0.878787878787878,0.337912087912087
HSPA6+_Macro,SPP1+_MT1+_Macro,GSM6433607_119D,0.728395061728395,0.0,0.522590361445783
HSPA6+_Macro,SPP1+_MT1+_Macro,GSM6433608_119E,0.674008810572687,0.584158415841584,0.498931623931623
HSPA6+_Macro,SPP1+_MT1+_Macro,GSM6433609_120B,0.7109375,0.974895397489539,0.831730769230769
HSPA6+_Macro,SPP1+_MT1+_Macro,GSM6433610_120C,0.332268370607028,1.0,0.596899224806201
HSPA6+_Macro,SPP1+_MT1+_Macro,GSM6433611_120D,0.728,0.4,0.702380952380952
HSPA6+_Macro,SPP1+_MT1+_Macro,GSM6433612_120E,,0.0,0.29512893982808
HSPA6+_Macro,SPP1+_MT1+_Macro,GSM6433613_395A,0.683284457478005,1.0,0.30019120458891
HSPA6+_Macro,SPP1+_MT1+_Macro,GSM6433614_395B,0.0,0.0,0.424581005586592
HSPA6+_Macro,SPP1+_MT1+_Macro,GSM6433615_395C,0.303571428571428,0.0,0.611275964391691
HSPA6+_Macro,SPP1+_MT1+_Macro,GSM6433616_395D,1.0,1.0,0.876923076923076
HSPA6+_Macro,SPP1+_MT1+_Macro,GSM6433617_396A,0.0,0.0,0.307692307692307
HSPA6+_Macro,SPP1+_MT1+_Macro,GSM6433618_396C,0.633333333333333,0.0,0.179148311306901
HSPA6+_Macro,SPP1+_MT1+_Macro,GSM6433619_396D,0.513888888888888,1.0,0.404526166902404
HSPA6+_Macro,SPP1+_MT1+_Macro,GSM6433620_397A,0.781609195402298,0.981132075471698,0.602373887240356
HSPA6+_Macro,SPP1+_MT1+_Macro,GSM6433621_397B,0.4,1.0,0.841121495327102
HSPA6+_Macro,SPP1+_MT1+_Macro,GSM6433622_397C,0.42,0.170886075949367,0.243523316062176
HSPA6+_Macro,SPP1+_MT1+_Macro,GSM6433623_397D,0.0,0.0,0.426666666666666
HSPA6+_Macro,SPP1+_MT1+_Macro,GSM6433624_398A,0.607954545454545,0.916666666666666,0.388012618296529
HSPA6+_Macro,SPP1+_MT1+_Macro,GSM6433625_398B,1.0,0.689655172413793,0.247058823529411
HSPA6+_Macro,SPP1+_MT1+_Macro,GSM6433626_398C,,0.0,0.852564102564102
HSPA6+_Macro,SPP1+_MT1+_Macro,GSM6433627_398D,1.0,0.344827586206896,0.118457300275482
HSPA6+_Macro,SPP1+_MT1+_Macro,GSM6505133_DonorA,0.0,0.868217054263565,0.778801843317972
HSPA6+_Macro,SPP1+_MT1+_Macro,GSM6505134_DonorB,0.861702127659574,0.846153846153846,0.806853582554517
HSPA6+_Macro,SPP1+_MT1+_Macro,GSM6505135_DonorC,0.727678571428571,0.902255639097744,0.626865671641791
HSPA6+_Macro,SPP1+_MT1+_Macro,GSM6506110_SP1,0.629310344827586,0.627705627705627,0.732360097323601
HSPA6+_Macro,SPP1+_MT1+_Macro,GSM6506111_SP2,0.0,0.0,0.451834862385321
HSPA6+_Macro,SPP1+_MT1+_Macro,GSM6506112_SP3,1.0,1.0,0.76803118908382
HSPA6+_Macro,SPP1+_MT1+_Macro,GSM6506113_SP4,0.917910447761194,0.397058823529411,0.468457943925233
HSPA6+_Macro,SPP1+_MT1+_Macro,GSM6506114_SP5,0.0,1.0,0.289954337899543
HSPA6+_Macro,SPP1+_MT1+_Macro,GSM6506115_SP6,1.0,1.0,0.899082568807339
HSPA6+_Macro,SPP1+_MT1+_Macro,GSM6506116_SP7,0.747422680412371,0.694117647058823,0.445698166431593
HSPA6+_Macro,SPP1+_MT1+_Macro,GSM6506117_SP8,0.298850574712643,0.0,0.631818181818181
HSPA6+_Macro,SPP1+_MT1+_Macro,GSM6833484_Patient1,0.533333333333333,0.379146919431279,0.4846547314578
HSPA6+_Macro,SPP1+_MT1+_Macro,GSM6833485_Patient2,0.0,0.423452768729641,0.132543103448275
HSPA6+_Macro,SPP1+_MT1+_Macro,GSM6833486_Patient3,0.0,0.0,0.287761852260198
HSPA6+_Macro,SPP1+_MT1+_Macro,GSM6833487_Patient4,0.4812734082397,0.65478841870824,0.173811379579111
HSPA6+_Macro,SPP1+_MT1+_Macro,GSM7019835_OCCR2v,0.940298507462686,0.664383561643835,0.437037037037037
HSPA6+_Macro,SPP1+_MT1+_Macro,GSM7019836_OCCS3v,1.0,0.923728813559322,0.921311475409836
HSPA6+_Macro,SPP1+_MT1+_Macro,GSM7058756,0.663811563169164,0.981927710843373,0.971976401179941
HSPA6+_Macro,SPP1+_MT1+_Macro,GSM7058757,0.567901234567901,0.741935483870967,0.660598179453836
HSPA6+_Macro,SPP1+_MT1+_Macro,GSM7058758,0.0,1.0,0.753277711561382
HSPA6+_Macro,SPP1+_MT1+_Macro,GSM7058759,1.0,0.55813953488372,0.634712411705348
HSPA6+_Macro,SPP1+_MT1+_Macro,GSM7090086_NextSeq2000,0.469293163383545,1.0,0.795774647887324
HSPA6+_Macro,SPP1+_MT1+_Macro,GSM7090087_NextSeq2000,1.0,0.97986577181208,0.695568400770712
HSPA6+_Macro,SPP1+_MT1+_Macro,GSM7090088_NextSeq2000,1.0,1.0,0.349892008639308
HSPA6+_Macro,SPP1+_MT1+_Macro,GSM7211257_EHU-W3,0.308724832214765,0.348484848484848,0.832784184514003
HSPA6+_Macro,SPP1+_MT1+_Macro,GSM7421790_PDAC_1,0.0,0.0,0.497863247863247
HSPA6+_Macro,SPP1+_MT1+_Macro,GSM7421791_PDAC_2,1.0,1.0,0.888349514563106
HSPA6+_Macro,SPP1+_MT1+_Macro,GSM7421792_PDAC_3,1.0,1.0,0.532110091743119
HSPA6+_Macro,SPP1+_MT1+_Macro,GSM7498811_SS1905133,0.374149659863945,0.93167701863354,0.721925133689839
HSPA6+_Macro,SPP1+_MT1+_Macro,GSM7498812_SS1923404,0.846153846153846,0.106060606060606,0.682065217391304
HSPA6+_Macro,SPP1+_MT1+_Macro,GSM7498813_SS1945070,1.0,0.0,0.541528239202657
HSPA6+_Macro,SPP1+_MT1+_Macro,GSM7498814_SS1960050,1.0,0.888888888888888,0.419090231170768
HSPA6+_Macro,SPP1+_MT1+_Macro,GSM7498815_SS2002154,0.597254004576659,1.0,0.536652835408022
HSPA6+_Macro,SPP1+_MT1+_Macro,GSM7498816_SS2005094,0.641509433962264,0.752475247524752,0.844311377245509
HSPA6+_Macro,SPP1+_MT1+_Macro,GSM7498817_SS2021309,0.471428571428571,1.0,0.538293216630196
HSPA6+_Macro,SPP1+_MT1+_Macro,GSM7757970_R1-S1,0.257627118644067,0.0,0.512635379061371
HSPA6+_Macro,SPP1+_MT1+_Macro,GSM7757972_R1-S3,,,0.434563758389261
HSPA6+_Macro,SPP1+_MT1+_Macro,GSM7757973_R1-S4,0.679867986798679,0.368098159509202,0.122033898305084
HSPA6+_Macro,SPP1+_MT1+_Macro,GSM7757974_R1-S5,0.266871165644171,1.0,0.13142174432497
HSPA6+_Macro,SPP1+_MT1+_Macro,GSM7757975_R1-S6,0.174897119341563,0.743589743589743,0.384848484848484
HSPA6+_Macro,SPP1+_MT1+_Macro,GSM7757976_R2-S1,0.40506329113924,0.549549549549549,0.312093628088426
HSPA6+_Macro,SPP1+_MT1+_Macro,GSM7757977_R2-S2,0.729411764705882,0.297872340425531,0.737361282367447
HSPA6+_Macro,SPP1+_MT1+_Macro,GSM7757978_R2-S3,0.591145833333333,0.646288209606986,0.424957841483979
HSPA6+_Macro,SPP1+_MT1+_Macro,GSM7757979_R2-S4,0.134453781512605,1.0,0.312280701754386
HSPA6+_Macro,SPP1+_MT1+_Macro,GSM7757980_R2-S5,1.0,0.610169491525423,0.451149425287356
HSPA6+_Macro,SPP1+_MT1+_Macro,GSM7757982_R3-S2,0.6,1.0,0.426121372031662
HSPA6+_Macro,SPP1+_MT1+_Macro,GSM7757983_R3-S3,0.0,1.0,0.496723460026212
HSPA6+_Macro,SPP1+_MT1+_Macro,GSM7757984_R3-S4,0.549266247379455,0.649171270718232,0.610932475884244
HSPA6+_Macro,SPP1+_MT1+_Macro,GSM7757985_R3-S5,0.510385756676557,0.994623655913978,0.666666666666666
HSPA6+_Macro,SPP1+_MT1+_Macro,GSM7777520_A1,,1.0,0.444230769230769
HSPA6+_Macro,SPP1+_MT1+_Macro,GSM7777521_B1,0.0,0.0,0.867149758454106
HSPA6+_Macro,SPP1+_MT1+_Macro,GSM7777522_C1,0.48955223880597,1.0,0.0
HSPA6+_Macro,SPP1+_MT1+_Macro,GSM7777523_D1,0.0,1.0,0.629746835443038
HSPA6+_Macro,SPP1+_MT1+_Macro,GSM7850822_CHC20,0.376146788990825,1.0,0.166223404255319
HSPA6+_Macro,SPP1+_MT1+_Macro,HCC1R,0.441935483870967,1.0,0.745484400656814
HSPA6+_Macro,SPP1+_MT1+_Macro,HCC3R,0.759358288770053,1.0,0.631713554987212
HSPA6+_Macro,SPP1+_MT1+_Macro,HCC4R,1.0,1.0,0.242512077294686
HSPA6+_Macro,SPP1+_MT1+_Macro,HCC6NR,1.0,0.569536423841059,0.414405010438413
HSPA6+_Macro,SPP1+_MT1+_Macro,HCC7NR,0.746223564954682,0.449056603773584,1.0
HSPA6+_Macro,SPP1+_MT1+_Macro,HRA000437_HCC-1T,0.333333333333333,1.0,0.657807308970099
HSPA6+_Macro,SPP1+_MT1+_Macro,HRA000437_HCC-2T,0.364185110663983,0.465721040189125,0.515802781289507
HSPA6+_Macro,SPP1+_MT1+_Macro,HRA000437_HCC-3T,1.0,0.707006369426751,0.526162790697674
HSPA6+_Macro,SPP1+_MT1+_Macro,HRA000437_HCC-4T,0.640883977900552,0.46039603960396,0.365357643758765
HSPA6+_Macro,SPP1+_MT1+_Macro,Parent_Visium_Human_BreastCancer_201027,0.825136612021858,0.539553752535497,0.609756097560975
HSPA6+_Macro,SPP1+_MT1+_Macro,Parent_Visium_Human_ColorectalCancer_201027,0.934210526315789,1.0,0.79133409350057
HSPA6+_Macro,SPP1+_MT1+_Macro,Parent_Visium_Human_OvarianCancer_201027,0.911439114391144,0.67156862745098,0.447524752475247
HSPA6+_Macro,SPP1+_MT1+_Macro,S16_43398,0.360406091370558,1.0,0.623941958887545
HSPA6+_Macro,SPP1+_MT1+_Macro,S20_47598,0.516746411483253,0.54,0.182053494391717
HSPA6+_Macro,SPP1+_MT1+_Macro,S20_61122,0.620178041543026,0.726950354609929,0.400928792569659
HSPA6+_Macro,SPP1+_MT1+_Macro,S20_63981,0.514367816091954,0.408396946564885,0.604968944099378
HSPA6+_Macro,SPP1+_MT1+_Macro,S21_10267,0.484407484407484,0.632124352331606,0.325635103926097
HSPA6+_Macro,SPP1+_MT1+_Macro,SN048_A121573_Rep1,1.0,0.714285714285714,0.574918566775244
HSPA6+_Macro,SPP1+_MT1+_Macro,SN048_A121573_Rep2,1.0,1.0,0.714490674318507
HSPA6+_Macro,SPP1+_MT1+_Macro,SN048_A416371_Rep1,0.714285714285714,0.0,0.58411214953271
HSPA6+_Macro,SPP1+_MT1+_Macro,SN048_A416371_Rep2,1.0,0.0,0.449115044247787
HSPA6+_Macro,SPP1+_MT1+_Macro,SN123_A551763_Rep1,1.0,0.0,0.489130434782608
HSPA6+_Macro,SPP1+_MT1+_Macro,SN123_A595688_Rep1,0.571428571428571,0.922413793103448,0.90547263681592
HSPA6+_Macro,SPP1+_MT1+_Macro,SN123_A938797_Rep1_X,0.0,0.406015037593984,0.795206971677559
HSPA6+_Macro,SPP1+_MT1+_Macro,SN124_A551763_Rep2,,,0.610062893081761
HSPA6+_Macro,SPP1+_MT1+_Macro,SN124_A595688_Rep2,1.0,0.825,1.0
HSPA6+_Macro,SPP1+_MT1+_Macro,SN124_A938797_Rep2,0.913043478260869,0.866197183098591,0.327380952380952
HSPA6+_Macro,SPP1+_MT1+_Macro,SN84_A120838_Rep1,1.0,1.0,0.861702127659574
HSPA6+_Macro,SPP1+_MT1+_Macro,SN84_A120838_Rep2,0.674418604651162,0.938931297709923,0.738853503184713
HSPA6+_Macro,SPP1+_MT1+_Macro,V10F24-015_A1,1.0,0.0,0.312829525483304
HSPA6+_Macro,SPP1+_MT1+_Macro,V10F24-015_B1,1.0,0.595959595959595,0.319952774498229
HSPA6+_Macro,SPP1+_MT1+_Macro,V10F24-015_C1,0.9375,0.689655172413793,0.188457008244994
HSPA6+_Macro,SPP1+_MT1+_Macro,V10F24-015_D1,0.0,0.717171717171717,0.237926972909305
HSPA6+_Macro,SPP1+_MT1+_Macro,V11A20-405_C1,0.522686025408348,0.909090909090909,0.538716814159292
HSPA6+_Macro,SPP1+_MT1+_Macro,V11A20-405_D1,0.396226415094339,0.812206572769953,0.374257425742574
HSPA6+_Macro,SPP1+_MT1+_Macro,V11M22-349_C1,0.296470588235294,0.298245614035087,0.395384615384615
HSPA6+_Macro,SPP1+_MT1+_Macro,V11M22-349_D1,0.947368421052631,0.867924528301886,0.409946236559139
HSPA6+_Macro,SPP1+_MT1+_Macro,V1_Breast_Cancer_Block_A_Section_2_200623,0.345549738219895,0.238493723849372,0.276832460732984
HSPA6+_Macro,SPP1+_MT1+_Macro,V1_Human_Invasive_Ductal_Carcinoma_210511,0.444444444444444,0.54054054054054,0.390263367916999
HSPA6+_Macro,SPP1+_MT1+_Macro,Visium_FFPE_Human_Breast_Cancer_210609,0.745614035087719,0.995515695067264,0.587398373983739
HSPA6+_Macro,SPP1+_MT1+_Macro,Visium_FFPE_Human_Intestinal_Cancer_220329,0.8,0.778711484593837,0.692041522491349
HSPA6+_Macro,SPP1+_MT1+_Macro,Visium_FFPE_Human_Ovarian_Cancer_220329,0.745762711864406,0.736961451247165,0.46694214876033
HSPA6+_Macro,SPP1+_MT1+_Macro,Visium_FFPE_Human_Prostate_Acinar_Cell_Carcinoma_211009,0.887218045112781,0.725490196078431,0.400485436893203
HSPA6+_Macro,SPP1+_MT1+_Macro,Visium_FFPE_Human_Prostate_Cancer_210609,0.420345489443378,0.797297297297297,0.552127659574468
HSPA6+_Macro,SPP1+_MT1+_Macro,Visium_FFPE_Human_Prostate_IF_220713,1.0,0.282051282051282,0.51865671641791
HSPA6+_Macro,SPP1+_MT1+_Macro,Visium_Human_Breast_Cancer_220702,0.591630591630591,0.397790055248618,0.429990966576332
HSPA6+_Macro,SPP1+_MT1+_Macro,WSSKNKCLsp12140270,1.0,0.0,0.216666666666666
HSPA6+_Macro,SPP1+_MT1+_Macro,WSSKNKCLsp12140271,0.0,0.635761589403973,0.241721854304635
HSPA6+_Macro,SPP1+_MT1+_Macro,WSSKNKCLsp12140272,1.0,1.0,0.650684931506849
HSPA6+_Macro,SPP1+_MT1+_Macro,WSSKNKCLsp12140273,1.0,0.0,0.293361884368308
HSPA6+_Macro,SPP1+_MT1+_Macro,WSSKNKCLsp12887267,0.128205128205128,0.423076923076923,0.589905362776025
HSPA6+_Macro,SPP1+_MT1+_Macro,WSSKNKCLsp12887268,1.0,0.0,0.474903474903474
HSPA6+_Macro,SPP1+_MT1+_Macro,WSSKNKCLsp12887269,1.0,0.0,0.0597609561752988
HSPA6+_Macro,SPP1+_MT1+_Macro,WSSKNKCLsp12887270,,0.0,0.222943722943722
HSPA6+_Macro,SPP1+_MT1+_Macro,Zenodo10119273_Tumor2,0.522988505747126,0.771186440677966,0.59796437659033
HSPA6+_Macro,SPP1+_MT1+_Macro,scCRLM_Atlas_ST-colon1,0.73972602739726,0.96031746031746,0.648312611012433
HSPA6+_Macro,SPP1+_MT1+_Macro,scCRLM_Atlas_ST-colon2,0.0,0.982456140350877,0.7001953125
HSPA6+_Macro,SPP1+_MT1+_Macro,scCRLM_Atlas_ST-colon3,0.850961538461538,1.0,0.656307129798903
HSPA6+_Macro,SPP1+_MT1+_Macro,scCRLM_Atlas_ST-colon4,0.444444444444444,0.942528735632184,0.804878048780487
HSPA6+_Macro,tCAF,01_034_C1d1,1.0,0.897959183673469,0.982332155477031
HSPA6+_Macro,tCAF,01_034_C3d1,0.221902017291066,1.0,0.274193548387096
HSPA6+_Macro,tCAF,01_039_C1d1,0.0,0.464285714285714,0.0
HSPA6+_Macro,tCAF,01_039_C3d1,0.277310924369747,0.0,0.318238993710691
HSPA6+_Macro,tCAF,1142243F,0.791139240506329,0.855345911949685,0.800961538461538
HSPA6+_Macro,tCAF,1160920F,0.439572192513369,0.796844181459566,0.628989361702127
HSPA6+_Macro,tCAF,A_955_OvarianTumor,1.0,0.578005115089514,0.636642784032753
HSPA6+_Macro,tCAF,A_GTFB1154_OvarianCancerTumor,0.0,1.0,0.53066037735849
HSPA6+_Macro,tCAF,Ajou_Visium_P1,0.908536585365853,0.959595959595959,0.668979187314172
HSPA6+_Macro,tCAF,Ajou_Visium_P2,0.592213114754098,0.396551724137931,0.529839883551674
HSPA6+_Macro,tCAF,Ajou_Visium_P3,,,0.555312157721796
HSPA6+_Macro,tCAF,Ajou_Visium_P4,0.969696969696969,0.873170731707317,0.663624511082138
HSPA6+_Macro,tCAF,B_GTFB1191_OvarianCancerTumor,0.49671772428884,0.413953488372093,0.102728731942215
HSPA6+_Macro,tCAF,CID4290,1.0,0.984375,0.735668789808917
HSPA6+_Macro,tCAF,CID4465,0.869565217391304,0.717703349282296,0.692098092643051
HSPA6+_Macro,tCAF,CID44971,1.0,0.453846153846153,0.645290581162324
HSPA6+_Macro,tCAF,CID4535,0.469230769230769,0.872340425531914,0.528875379939209
HSPA6+_Macro,tCAF,C_GTFB1170_SmallCellOvarianCancer,0.261261261261261,0.654761904761904,0.303867403314917
HSPA6+_Macro,tCAF,Colon_10x_Visium_SampleP2_CRC,0.318809776833156,0.494505494505494,0.533613445378151
HSPA6+_Macro,tCAF,CytAssist_11mm_FFPE_Human_Lung_Cancer_230214,0.325283018867924,0.872611464968152,0.456166419019316
HSPA6+_Macro,tCAF,CytAssist_11mm_FFPE_Human_Ovarian_Carcinoma_220715,0.158798283261802,0.520547945205479,0.264448336252189
HSPA6+_Macro,tCAF,CytAssist_FFPE_Human_Lung_Squamous_Cell_Carcinoma_220714,0.360453141091658,0.440776699029126,0.690880989180834
HSPA6+_Macro,tCAF,CytAssist_Fresh_Frozen_Human_Breast_Cancer_230107,0.541984732824427,0.726829268292682,0.792792792792792
HSPA6+_Macro,tCAF,D_GTFB1170_SmallCellOvarianCancer,0.452722063037249,0.46875,0.556985294117647
HSPA6+_Macro,tCAF,D_GTFB_1230_OvarianTumor,1.0,0.256410256410256,0.465533522190746
HSPA6+_Macro,tCAF,E_MTAB_13530_P10_T1,0.185185185185185,0.446153846153846,0.585858585858585
HSPA6+_Macro,tCAF,E_MTAB_13530_P10_T2,0.435897435897435,0.573248407643312,0.390862944162436
HSPA6+_Macro,tCAF,E_MTAB_13530_P10_T3,0.664285714285714,0.0,0.338046272493573
HSPA6+_Macro,tCAF,E_MTAB_13530_P10_T4,0.142241379310344,0.436619718309859,0.550989345509893
HSPA6+_Macro,tCAF,E_MTAB_13530_P11_T1,0.666666666666666,0.19047619047619,0.319899244332493
HSPA6+_Macro,tCAF,E_MTAB_13530_P11_T2,0.693877551020408,0.302325581395348,0.0610079575596817
HSPA6+_Macro,tCAF,E_MTAB_13530_P11_T3,0.0,0.0,0.328178694158075
HSPA6+_Macro,tCAF,E_MTAB_13530_P11_T4,1.0,0.0,0.352380952380952
HSPA6+_Macro,tCAF,E_MTAB_13530_P15_T1,0.963917525773196,0.408114558472553,0.460212201591511
HSPA6+_Macro,tCAF,E_MTAB_13530_P15_T2,0.65137614678899,0.58160237388724,0.640176600441501
HSPA6+_Macro,tCAF,E_MTAB_13530_P16_T1,0.630057803468208,0.711864406779661,0.587057010785824
HSPA6+_Macro,tCAF,E_MTAB_13530_P16_T2,0.555555555555555,0.369230769230769,0.471454880294659
HSPA6+_Macro,tCAF,E_MTAB_13530_P17_T1,0.451672862453531,0.48018648018648,0.564635958395245
HSPA6+_Macro,tCAF,E_MTAB_13530_P17_T2,0.6455938697318,0.451827242524916,0.364522417153996
HSPA6+_Macro,tCAF,E_MTAB_13530_P19_T1,0.494252873563218,0.431635388739946,0.273010920436817
HSPA6+_Macro,tCAF,E_MTAB_13530_P19_T2,0.392220421393841,0.455801104972375,0.329805996472663
HSPA6+_Macro,tCAF,E_MTAB_13530_P24_T1,0.884615384615384,0.0,0.38389031705227
HSPA6+_Macro,tCAF,E_MTAB_13530_P24_T2,0.33,0.968609865470852,0.493071593533487
HSPA6+_Macro,tCAF,E_MTAB_13530_P25_T1,0.466063348416289,0.433734939759036,0.760233918128654
HSPA6+_Macro,tCAF,E_MTAB_13530_P25_T2,1.0,1.0,0.476510067114093
HSPA6+_Macro,tCAF,GSE144239_GSM4565823,0.0,0.0,0.325757575757575
HSPA6+_Macro,tCAF,GSE144239_GSM4565824,0.0,,0.173010380622837
HSPA6+_Macro,tCAF,GSE144239_GSM4565825,0.243512974051896,0.937142857142857,0.240249609984399
HSPA6+_Macro,tCAF,GSE144239_GSM4565826,0.0,0.0,0.374805598755832
HSPA6+_Macro,tCAF,GSE251950_20_00331_LI_SING,0.466063348416289,0.678947368421052,0.316872427983539
HSPA6+_Macro,tCAF,GSE251950_21_00731_LI_SING,0.263157894736842,0.504,0.194608809993425
HSPA6+_Macro,tCAF,GSE251950_21_00732_LI_SING,0.27945205479452,0.48076923076923,0.397988505747126
HSPA6+_Macro,tCAF,GSE251950_21_00733_LI_SING,0.0,1.0,0.379523389232127
HSPA6+_Macro,tCAF,GSE251950_21_00734_LI_SING,0.276639344262295,0.418181818181818,0.363908275174476
HSPA6+_Macro,tCAF,GSE251950_21_01251_LI_SING,0.254189944134078,0.544303797468354,0.38089005235602
HSPA6+_Macro,tCAF,GSE251950_21_01253_LI_SING,0.748792270531401,1.0,0.325980392156862
HSPA6+_Macro,tCAF,GSE251950_21_01254_LI_SING,0.414772727272727,0.550561797752809,0.518970189701897
HSPA6+_Macro,tCAF,GSE251950_21_01675_LI_SING,0.631901840490797,0.53,0.486238532110091
HSPA6+_Macro,tCAF,GSM5494475_HNSCC201125T04,1.0,0.389830508474576,0.310204081632653
HSPA6+_Macro,tCAF,GSM5494476_HNSCC201125T05,0.524216524216524,0.942528735632184,0.607806691449814
HSPA6+_Macro,tCAF,GSM5494477_HNSCC201125T07,0.0,0.0,0.343811394891945
HSPA6+_Macro,tCAF,GSM5494478_HNSCC201125T10,0.0,0.247422680412371,0.118773946360153
HSPA6+_Macro,tCAF,GSM5494479_P210325T1,,0.0,0.260217983651226
HSPA6+_Macro,tCAF,GSM5494480_P210325T3,0.0,0.846153846153846,0.164335664335664
HSPA6+_Macro,tCAF,GSM5494481_P210325T5,0.0,1.0,0.211155378486055
HSPA6+_Macro,tCAF,GSM5494482_P210325T6,0.0,0.0,0.214285714285714
HSPA6+_Macro,tCAF,GSM5924030_ffpe_c_2,0.585365853658536,0.82258064516129,0.68609865470852
HSPA6+_Macro,tCAF,GSM5924031_ffpe_c_3,0.46,0.877729257641921,0.427194860813704
HSPA6+_Macro,tCAF,GSM5924032_ffpe_c_4,0.236804564907275,0.56198347107438,0.578282828282828
HSPA6+_Macro,tCAF,GSM5924033_ffpe_c_7,0.309232480533926,0.828859060402684,0.839677047289504
HSPA6+_Macro,tCAF,GSM5924034_ffpe_c_10,0.4126213592233,0.21,0.307550644567219
HSPA6+_Macro,tCAF,GSM5924035_ffpe_c_20,0.350109409190372,0.693717277486911,0.459149223497636
HSPA6+_Macro,tCAF,GSM5924036_ffpe_c_21,0.775862068965517,0.766129032258064,0.311387900355871
HSPA6+_Macro,tCAF,GSM5924037_ffpe_c_34,0.684057971014492,1.0,0.718241042345276
HSPA6+_Macro,tCAF,GSM5924038_ffpe_c_36,0.59375,0.8359375,0.472299168975069
HSPA6+_Macro,tCAF,GSM5924039_ffpe_c_39,0.389070146818923,0.565217391304347,0.544117647058823
HSPA6+_Macro,tCAF,GSM5924040_ffpe_c_45,0.344907407407407,0.74251497005988,0.403241182078169
HSPA6+_Macro,tCAF,GSM5924041_ffpe_c_51,0.337474120082815,0.491228070175438,0.436516264428121
HSPA6+_Macro,tCAF,GSM5924042_frozen_a_1,0.766233766233766,1.0,0.389261744966442
HSPA6+_Macro,tCAF,GSM5924043_frozen_a_3,0.399568034557235,0.114583333333333,0.487394957983193
HSPA6+_Macro,tCAF,GSM5924044_frozen_a_15,0.308362369337979,0.639810426540284,0.70859538784067
HSPA6+_Macro,tCAF,GSM5924045_frozen_a_17,0.0,0.0,0.398200224971878
HSPA6+_Macro,tCAF,GSM5924046_frozen_b_1,0.80722891566265,0.0,0.55420054200542
HSPA6+_Macro,tCAF,GSM5924048_frozen_b_13,0.176470588235294,0.333333333333333,0.643548387096774
HSPA6+_Macro,tCAF,GSM5924049_frozen_b_18,0.611111111111111,0.0,0.649390243902439
HSPA6+_Macro,tCAF,GSM5924050_frozen_c_2,0.857142857142857,0.0,0.240131578947368
HSPA6+_Macro,tCAF,GSM5924051_frozen_c_5,1.0,1.0,0.706967213114754
HSPA6+_Macro,tCAF,GSM5924052_frozen_c_23,0.781420765027322,0.772486772486772,0.419532324621733
HSPA6+_Macro,tCAF,GSM5924053_frozen_c_57,,0.0,0.643454038997214
HSPA6+_Macro,tCAF,GSM6030901_patient_1,0.564356435643564,0.805714285714285,0.409663865546218
HSPA6+_Macro,tCAF,GSM6030902_patient_2,0.0,1.0,0.463768115942029
HSPA6+_Macro,tCAF,GSM6177599_NYU_BRCA0_Vis,0.941176470588235,0.832512315270935,0.567816091954022
HSPA6+_Macro,tCAF,GSM6177603_NYU_BRCA2_Vis,0.456521739130434,0.382608695652173,0.648809523809523
HSPA6+_Macro,tCAF,GSM6177607_NYU_GIST1_Vis,0.0,0.415492957746478,0.57829457364341
HSPA6+_Macro,tCAF,GSM6177609_NYU_GIST2_Vis,,,0.439957492029755
HSPA6+_Macro,tCAF,GSM6177612_NYU_LIHC1_Vis,0.444444444444444,1.0,0.715210355987055
HSPA6+_Macro,tCAF,GSM6177614_NYU_OVCA1_Vis,0.596774193548387,0.202409638554216,0.632603406326034
HSPA6+_Macro,tCAF,GSM6177617_NYU_OVCA3_Vis,0.31578947368421,0.523809523809523,0.506631299734748
HSPA6+_Macro,tCAF,GSM6177618_NYU_PDAC1_Vis,0.81578947368421,0.601503759398496,0.644508670520231
HSPA6+_Macro,tCAF,GSM6177623_NYU_UCEC3_Vis,0.729323308270676,0.297872340425531,0.313725490196078
HSPA6+_Macro,tCAF,GSM6339631_s1,0.0,0.0,0.267833109017496
HSPA6+_Macro,tCAF,GSM6339632_s2,0.147945205479452,0.197674418604651,0.321799307958477
HSPA6+_Macro,tCAF,GSM6339633_s3,0.278538812785388,0.838709677419354,0.373983739837398
HSPA6+_Macro,tCAF,GSM6339634_s4,1.0,0.0,0.383429672447013
HSPA6+_Macro,tCAF,GSM6339635_s5,0.474452554744525,0.269736842105263,0.182022471910112
HSPA6+_Macro,tCAF,GSM6339636_s6,0.0,0.0,0.0742138364779874
HSPA6+_Macro,tCAF,GSM6339637_s7,,,0.213259668508287
HSPA6+_Macro,tCAF,GSM6339638_s8,,0.0,0.164571428571428
HSPA6+_Macro,tCAF,GSM6339639_s9,,0.0,0.149253731343283
HSPA6+_Macro,tCAF,GSM6339640_s10,0.214285714285714,0.0,0.215527230590961
HSPA6+_Macro,tCAF,GSM6339641_s11,0.0,0.425373134328358,0.0408163265306122
HSPA6+_Macro,tCAF,GSM6339642_s12,0.674418604651162,0.487179487179487,0.269662921348314
HSPA6+_Macro,tCAF,GSM6433585_092A,0.705882352941176,1.0,0.61353711790393
HSPA6+_Macro,tCAF,GSM6433586_092B,1.0,0.0,0.546703296703296
HSPA6+_Macro,tCAF,GSM6433587_093A,0.962616822429906,0.820224719101123,0.598326359832635
HSPA6+_Macro,tCAF,GSM6433588_093B,0.351043643263757,0.134328358208955,1.0
HSPA6+_Macro,tCAF,GSM6433589_093C,0.790368271954674,0.95364238410596,0.74763406940063
HSPA6+_Macro,tCAF,GSM6433590_093D,1.0,0.0,0.36761487964989
HSPA6+_Macro,tCAF,GSM6433591_094A,,1.0,0.585365853658536
HSPA6+_Macro,tCAF,GSM6433592_094B,0.712918660287081,0.828571428571428,0.656565656565656
HSPA6+_Macro,tCAF,GSM6433593_094C,0.894736842105263,0.991452991452991,0.798507462686567
HSPA6+_Macro,tCAF,GSM6433594_094D,1.0,0.764705882352941,0.415094339622641
HSPA6+_Macro,tCAF,GSM6433595_095A,0.701492537313432,0.0,0.546666666666666
HSPA6+_Macro,tCAF,GSM6433596_095B,1.0,0.897959183673469,0.721804511278195
HSPA6+_Macro,tCAF,GSM6433597_117B,1.0,1.0,0.779816513761467
HSPA6+_Macro,tCAF,GSM6433598_117C,0.863013698630137,1.0,0.364963503649635
HSPA6+_Macro,tCAF,GSM6433599_117D,0.435331230283911,0.827102803738317,0.471578947368421
HSPA6+_Macro,tCAF,GSM6433600_117E,0.942528735632184,1.0,0.388349514563106
HSPA6+_Macro,tCAF,GSM6433601_118B,0.0,0.0,0.716788321167883
HSPA6+_Macro,tCAF,GSM6433602_118C,0.0,1.0,0.401140684410646
HSPA6+_Macro,tCAF,GSM6433603_118D,1.0,1.0,0.540106951871657
HSPA6+_Macro,tCAF,GSM6433604_118E,0.67032967032967,1.0,0.477551020408163
HSPA6+_Macro,tCAF,GSM6433605_119B,0.0,0.0,0.533742331288343
HSPA6+_Macro,tCAF,GSM6433606_119C,1.0,1.0,0.741573033707865
HSPA6+_Macro,tCAF,GSM6433607_119D,0.725,0.0,0.60513643659711
HSPA6+_Macro,tCAF,GSM6433608_119E,0.849162011173184,0.669491525423728,0.639344262295082
HSPA6+_Macro,tCAF,GSM6433609_120B,0.594202898550724,0.707317073170731,0.709401709401709
HSPA6+_Macro,tCAF,GSM6433610_120C,0.535849056603773,1.0,0.864485981308411
HSPA6+_Macro,tCAF,GSM6433611_120D,1.0,0.876543209876543,0.928160919540229
HSPA6+_Macro,tCAF,GSM6433612_120E,,1.0,0.867924528301886
HSPA6+_Macro,tCAF,GSM6433613_395A,0.555555555555555,1.0,0.486702127659574
HSPA6+_Macro,tCAF,GSM6433614_395B,0.0,0.0,0.762273901808785
HSPA6+_Macro,tCAF,GSM6433615_395C,0.482142857142857,1.0,0.176991150442477
HSPA6+_Macro,tCAF,GSM6433616_395D,1.0,1.0,0.860465116279069
HSPA6+_Macro,tCAF,GSM6433617_396A,0.0,1.0,0.864864864864864
HSPA6+_Macro,tCAF,GSM6433618_396C,0.486842105263157,0.0,0.653418124006359
HSPA6+_Macro,tCAF,GSM6433619_396D,0.905982905982906,1.0,0.381475667189952
HSPA6+_Macro,tCAF,GSM6433620_397A,0.707317073170731,0.852459016393442,0.885496183206106
HSPA6+_Macro,tCAF,GSM6433621_397B,0.409937888198757,1.0,0.674074074074074
HSPA6+_Macro,tCAF,GSM6433622_397C,0.522321428571428,0.541284403669724,0.455128205128205
HSPA6+_Macro,tCAF,GSM6433623_397D,0.0,0.0,0.687763713080168
HSPA6+_Macro,tCAF,GSM6433624_398A,0.779569892473118,0.916666666666666,1.0
HSPA6+_Macro,tCAF,GSM6433625_398B,1.0,1.0,0.694029850746268
HSPA6+_Macro,tCAF,GSM6433626_398C,,0.0,0.699699699699699
HSPA6+_Macro,tCAF,GSM6433627_398D,1.0,0.56875,0.43010752688172
HSPA6+_Macro,tCAF,GSM6505133_DonorA,0.0,0.804347826086956,0.669240669240669
HSPA6+_Macro,tCAF,GSM6505134_DonorB,0.670212765957446,0.870967741935483,0.868719611021069
HSPA6+_Macro,tCAF,GSM6505135_DonorC,0.771689497716895,0.679389312977099,0.840390879478827
HSPA6+_Macro,tCAF,GSM6506110_SP1,0.514745308310992,0.423208191126279,0.353200883002207
HSPA6+_Macro,tCAF,GSM6506111_SP2,0.0,0.0,0.504716981132075
HSPA6+_Macro,tCAF,GSM6506112_SP3,0.0,0.869565217391304,0.522813688212927
HSPA6+_Macro,tCAF,GSM6506113_SP4,0.0539215686274509,0.5078125,0.105476673427991
HSPA6+_Macro,tCAF,GSM6506114_SP5,0.0,0.962264150943396,0.0944272445820433
HSPA6+_Macro,tCAF,GSM6506115_SP6,1.0,0.484536082474226,0.350758853288364
HSPA6+_Macro,tCAF,GSM6506116_SP7,0.515217391304347,0.630350194552529,0.30939226519337
HSPA6+_Macro,tCAF,GSM6506117_SP8,0.492890995260663,0.60655737704918,0.389558232931726
HSPA6+_Macro,tCAF,GSM6833484_Patient1,0.421185372005044,0.67403314917127,0.379310344827586
HSPA6+_Macro,tCAF,GSM6833485_Patient2,0.0,0.30225080385852,0.138620689655172
HSPA6+_Macro,tCAF,GSM6833486_Patient3,0.0,0.0,0.195372750642673
HSPA6+_Macro,tCAF,GSM6833487_Patient4,0.42829457364341,0.508442776735459,0.269102990033222
HSPA6+_Macro,tCAF,GSM7019835_OCCR2v,0.50314465408805,0.393442622950819,0.318095238095238
HSPA6+_Macro,tCAF,GSM7019836_OCCS3v,0.734042553191489,0.407692307692307,0.336343115124153
HSPA6+_Macro,tCAF,GSM7058756,0.468950749464668,0.975609756097561,0.624484181568088
HSPA6+_Macro,tCAF,GSM7058757,0.532577903682719,0.707692307692307,0.735677083333333
HSPA6+_Macro,tCAF,GSM7058758,0.0,1.0,0.604284103720405
HSPA6+_Macro,tCAF,GSM7058759,0.479638009049773,0.962121212121212,0.701092353525322
HSPA6+_Macro,tCAF,GSM7090086_NextSeq2000,0.657110091743119,1.0,0.40547263681592
HSPA6+_Macro,tCAF,GSM7090087_NextSeq2000,0.0,0.606936416184971,0.505535055350553
HSPA6+_Macro,tCAF,GSM7090088_NextSeq2000,0.393939393939393,0.977777777777777,0.44359464627151
HSPA6+_Macro,tCAF,GSM7211257_EHU-W3,0.285714285714285,0.272277227722772,0.542745098039215
HSPA6+_Macro,tCAF,GSM7421790_PDAC_1,0.0,0.0,0.590128755364806
HSPA6+_Macro,tCAF,GSM7421791_PDAC_2,1.0,1.0,0.896907216494845
HSPA6+_Macro,tCAF,GSM7421792_PDAC_3,0.611111111111111,1.0,0.521739130434782
HSPA6+_Macro,tCAF,GSM7498811_SS1905133,0.458333333333333,0.502702702702702,0.71802618328298
HSPA6+_Macro,tCAF,GSM7498812_SS1923404,0.84313725490196,0.106060606060606,0.753867791842475
HSPA6+_Macro,tCAF,GSM7498813_SS1945070,0.209677419354838,0.0,0.555384615384615
HSPA6+_Macro,tCAF,GSM7498814_SS1960050,1.0,0.641304347826086,0.508169934640522
HSPA6+_Macro,tCAF,GSM7498815_SS2002154,0.660574412532637,1.0,0.563318777292576
HSPA6+_Macro,tCAF,GSM7498816_SS2005094,0.68,0.987012987012987,0.878195488721804
HSPA6+_Macro,tCAF,GSM7498817_SS2021309,1.0,0.666666666666666,0.503816793893129
HSPA6+_Macro,tCAF,GSM7757970_R1-S1,1.0,0.0,0.368275862068965
HSPA6+_Macro,tCAF,GSM7757972_R1-S3,,,0.568627450980392
HSPA6+_Macro,tCAF,GSM7757973_R1-S4,0.564676616915422,0.578125,0.717647058823529
HSPA6+_Macro,tCAF,GSM7757974_R1-S5,0.435331230283911,1.0,0.514388489208633
HSPA6+_Macro,tCAF,GSM7757975_R1-S6,0.121399176954732,0.950819672131147,0.541338582677165
HSPA6+_Macro,tCAF,GSM7757976_R2-S1,0.61344537815126,0.803921568627451,0.836363636363636
HSPA6+_Macro,tCAF,GSM7757977_R2-S2,0.370967741935483,0.890322580645161,0.70039946737683
HSPA6+_Macro,tCAF,GSM7757978_R2-S3,0.812274368231046,0.645089285714285,0.939571150097465
HSPA6+_Macro,tCAF,GSM7757979_R2-S4,0.339743589743589,1.0,0.883895131086142
HSPA6+_Macro,tCAF,GSM7757980_R2-S5,0.0,1.0,0.590163934426229
HSPA6+_Macro,tCAF,GSM7757982_R3-S2,0.484848484848484,0.625,0.628851540616246
HSPA6+_Macro,tCAF,GSM7757983_R3-S3,0.0,1.0,0.676855895196506
HSPA6+_Macro,tCAF,GSM7757984_R3-S4,0.826219512195121,0.623595505617977,0.71763085399449
HSPA6+_Macro,tCAF,GSM7757985_R3-S5,0.530249110320284,0.880382775119617,0.786743515850144
HSPA6+_Macro,tCAF,GSM7777520_A1,,0.0,0.485436893203883
HSPA6+_Macro,tCAF,GSM7777521_B1,0.7,0.0,0.93384223918575
HSPA6+_Macro,tCAF,GSM7777522_C1,0.213166144200626,1.0,0.0
HSPA6+_Macro,tCAF,GSM7777523_D1,0.0,1.0,0.682432432432432
HSPA6+_Macro,tCAF,GSM7850822_CHC20,0.42,1.0,0.314285714285714
HSPA6+_Macro,tCAF,HCC1R,0.432176656151419,1.0,0.672447013487475
HSPA6+_Macro,tCAF,HCC3R,0.733695652173913,1.0,0.936986301369863
HSPA6+_Macro,tCAF,HCC4R,1.0,0.635761589403973,0.822346368715083
HSPA6+_Macro,tCAF,HCC6NR,1.0,0.711598746081504,0.630727762803234
HSPA6+_Macro,tCAF,HCC7NR,0.970149253731343,0.486486486486486,1.0
HSPA6+_Macro,tCAF,HRA000437_HCC-1T,0.200617283950617,1.0,0.708928571428571
HSPA6+_Macro,tCAF,HRA000437_HCC-2T,0.681877444589309,0.561238223418573,0.711377245508982
HSPA6+_Macro,tCAF,HRA000437_HCC-3T,1.0,0.588607594936708,0.444444444444444
HSPA6+_Macro,tCAF,HRA000437_HCC-4T,0.688235294117647,0.354679802955665,0.371855880353501
HSPA6+_Macro,tCAF,Parent_Visium_Human_BreastCancer_201027,0.983974358974358,0.696120689655172,0.667506297229219
HSPA6+_Macro,tCAF,Parent_Visium_Human_ColorectalCancer_201027,0.881987577639751,1.0,0.737103174603174
HSPA6+_Macro,tCAF,Parent_Visium_Human_OvarianCancer_201027,0.748643761301989,0.374501992031872,0.553191489361702
HSPA6+_Macro,tCAF,S16_43398,0.30801687763713,0.947916666666666,0.592156862745098
HSPA6+_Macro,tCAF,S20_47598,0.139240506329113,0.464285714285714,0.232387923147301
HSPA6+_Macro,tCAF,S20_61122,0.618343195266272,0.638888888888888,0.407518796992481
HSPA6+_Macro,tCAF,S20_63981,0.552112676056338,0.251908396946564,0.461382113821138
HSPA6+_Macro,tCAF,S21_10267,0.359026369168357,0.505208333333333,0.363938053097345
HSPA6+_Macro,tCAF,SN048_A121573_Rep1,0.491493383742911,1.0,0.552567237163814
HSPA6+_Macro,tCAF,SN048_A121573_Rep2,0.622489959839357,0.817391304347826,0.579399141630901
HSPA6+_Macro,tCAF,SN048_A416371_Rep1,0.441558441558441,0.0,0.614617940199335
HSPA6+_Macro,tCAF,SN048_A416371_Rep2,1.0,0.0,0.391891891891891
HSPA6+_Macro,tCAF,SN123_A551763_Rep1,1.0,0.0,0.823809523809523
HSPA6+_Macro,tCAF,SN123_A595688_Rep1,0.75,0.346405228758169,0.56
HSPA6+_Macro,tCAF,SN123_A938797_Rep1_X,0.0,0.5,0.692898272552783
HSPA6+_Macro,tCAF,SN124_A551763_Rep2,,,0.486725663716814
HSPA6+_Macro,tCAF,SN124_A595688_Rep2,0.297709923664122,1.0,0.0
HSPA6+_Macro,tCAF,SN124_A938797_Rep2,0.33695652173913,0.48,0.571428571428571
HSPA6+_Macro,tCAF,SN84_A120838_Rep1,1.0,1.0,0.863157894736842
HSPA6+_Macro,tCAF,SN84_A120838_Rep2,1.0,0.451428571428571,0.213622291021671
HSPA6+_Macro,tCAF,V10F24-015_A1,1.0,1.0,0.201923076923076
HSPA6+_Macro,tCAF,V10F24-015_B1,1.0,0.595959595959595,0.22991347342398
HSPA6+_Macro,tCAF,V10F24-015_C1,0.874251497005988,0.758620689655172,0.175460122699386
HSPA6+_Macro,tCAF,V10F24-015_D1,0.0,0.282828282828282,0.170234454638124
HSPA6+_Macro,tCAF,V11A20-405_C1,0.47173144876325,0.359375,0.546820809248554
HSPA6+_Macro,tCAF,V11A20-405_D1,0.354771784232365,0.76954732510288,0.30240174672489
HSPA6+_Macro,tCAF,V11M22-349_C1,0.397212543554007,0.718918918918918,0.267880364109232
HSPA6+_Macro,tCAF,V11M22-349_D1,1.0,0.0714285714285714,0.406659939455095
HSPA6+_Macro,tCAF,V1_Breast_Cancer_Block_A_Section_2_200623,0.268115942028985,0.668571428571428,0.559803921568627
HSPA6+_Macro,tCAF,V1_Human_Invasive_Ductal_Carcinoma_210511,0.290640394088669,0.944444444444444,0.621376811594202
HSPA6+_Macro,tCAF,Visium_FFPE_Human_Breast_Cancer_210609,0.921296296296296,0.674509803921568,0.883116883116883
HSPA6+_Macro,tCAF,Visium_FFPE_Human_Intestinal_Cancer_220329,0.856164383561643,0.680555555555555,0.605970149253731
HSPA6+_Macro,tCAF,Visium_FFPE_Human_Ovarian_Cancer_220329,0.276515151515151,0.551984877126654,0.250889679715302
HSPA6+_Macro,tCAF,Visium_FFPE_Human_Prostate_Acinar_Cell_Carcinoma_211009,0.606666666666666,0.34074074074074,0.235159817351598
HSPA6+_Macro,tCAF,Visium_FFPE_Human_Prostate_Cancer_210609,0.271863117870722,0.536912751677852,0.201704545454545
HSPA6+_Macro,tCAF,Visium_FFPE_Human_Prostate_IF_220713,0.452991452991453,0.477272727272727,0.469328140214216
HSPA6+_Macro,tCAF,Visium_Human_Breast_Cancer_220702,0.858361774744027,0.731629392971246,0.768050541516245
HSPA6+_Macro,tCAF,WSSKNKCLsp12140270,0.396551724137931,1.0,0.416666666666666
HSPA6+_Macro,tCAF,WSSKNKCLsp12140271,0.375,0.767676767676767,0.359649122807017
HSPA6+_Macro,tCAF,WSSKNKCLsp12140272,1.0,1.0,0.570434782608695
HSPA6+_Macro,tCAF,WSSKNKCLsp12140273,1.0,0.0,0.556818181818181
HSPA6+_Macro,tCAF,WSSKNKCLsp12887267,1.0,0.423076923076923,0.278688524590163
HSPA6+_Macro,tCAF,WSSKNKCLsp12887268,0.0,1.0,0.521739130434782
HSPA6+_Macro,tCAF,WSSKNKCLsp12887269,1.0,0.0,0.307692307692307
HSPA6+_Macro,tCAF,WSSKNKCLsp12887270,,0.0,0.359154929577464
HSPA6+_Macro,tCAF,Zenodo10119273_Tumor2,0.628930817610062,0.914893617021276,0.766666666666666
HSPA6+_Macro,tCAF,scCRLM_Atlas_ST-colon1,0.49537037037037,0.626984126984127,0.522983521248915
HSPA6+_Macro,tCAF,scCRLM_Atlas_ST-colon2,0.0,1.0,0.66329625884732
HSPA6+_Macro,tCAF,scCRLM_Atlas_ST-colon3,1.0,1.0,0.708089097303634
HSPA6+_Macro,tCAF,scCRLM_Atlas_ST-colon4,0.528645833333333,0.977401129943502,0.537944284341978
HSPA6+_Macro,CD14+_Mono,01_034_C1d1,1.0,0.897959183673469,0.896428571428571
HSPA6+_Macro,CD14+_Mono,01_034_C3d1,0.404984423676012,0.403846153846153,0.584415584415584
HSPA6+_Macro,CD14+_Mono,01_039_C1d1,0.0,0.546511627906976,0.295165394402035
HSPA6+_Macro,CD14+_Mono,01_039_C3d1,0.366336633663366,0.0,0.261261261261261
HSPA6+_Macro,CD14+_Mono,1142243F,0.735294117647058,0.722513089005235,0.453818181818181
HSPA6+_Macro,CD14+_Mono,1160920F,0.532915360501567,0.52539404553415,0.433778857837181
HSPA6+_Macro,CD14+_Mono,A_955_OvarianTumor,1.0,0.614035087719298,0.48175965665236
HSPA6+_Macro,CD14+_Mono,A_GTFB1154_OvarianCancerTumor,0.0,0.306666666666666,0.497601918465227
HSPA6+_Macro,CD14+_Mono,Ajou_Visium_P1,0.374501992031872,0.880645161290322,0.487654320987654
HSPA6+_Macro,CD14+_Mono,Ajou_Visium_P2,0.617577197149643,0.135135135135135,0.461656441717791
HSPA6+_Macro,CD14+_Mono,Ajou_Visium_P3,,,0.352808988764044
HSPA6+_Macro,CD14+_Mono,Ajou_Visium_P4,0.805389221556886,0.261538461538461,0.478527607361963
HSPA6+_Macro,CD14+_Mono,B_GTFB1191_OvarianCancerTumor,0.626865671641791,0.685185185185185,0.270430906389301
HSPA6+_Macro,CD14+_Mono,CID4290,1.0,0.953125,0.663934426229508
HSPA6+_Macro,CD14+_Mono,CID4465,1.0,0.467532467532467,0.887700534759358
HSPA6+_Macro,CD14+_Mono,CID44971,1.0,0.655555555555555,0.429368029739776
HSPA6+_Macro,CD14+_Mono,CID4535,0.208510638297872,0.621212121212121,0.396491228070175
HSPA6+_Macro,CD14+_Mono,C_GTFB1170_SmallCellOvarianCancer,1.0,0.904761904761904,0.687598116169544
HSPA6+_Macro,CD14+_Mono,Colon_10x_Visium_SampleP2_CRC,0.271812080536912,0.374233128834355,0.280523255813953
HSPA6+_Macro,CD14+_Mono,CytAssist_11mm_FFPE_Human_Lung_Cancer_230214,0.06394640682095,0.304281345565749,0.177521008403361
HSPA6+_Macro,CD14+_Mono,CytAssist_11mm_FFPE_Human_Ovarian_Carcinoma_220715,0.633333333333333,0.94017094017094,0.580152671755725
HSPA6+_Macro,CD14+_Mono,CytAssist_FFPE_Human_Lung_Squamous_Cell_Carcinoma_220714,0.307317073170731,0.367957746478873,0.391011235955056
HSPA6+_Macro,CD14+_Mono,CytAssist_Fresh_Frozen_Human_Breast_Cancer_230107,0.508641975308642,0.581749049429657,0.546666666666666
HSPA6+_Macro,CD14+_Mono,D_GTFB1170_SmallCellOvarianCancer,0.719827586206896,1.0,0.8268156424581
HSPA6+_Macro,CD14+_Mono,D_GTFB_1230_OvarianTumor,1.0,1.0,0.631756756756756
HSPA6+_Macro,CD14+_Mono,E_MTAB_13530_P10_T1,0.19578313253012,0.536842105263157,0.155322862129144
HSPA6+_Macro,CD14+_Mono,E_MTAB_13530_P10_T2,0.682539682539682,0.531531531531531,0.146520146520146
HSPA6+_Macro,CD14+_Mono,E_MTAB_13530_P10_T3,0.554913294797687,0.0,0.0864197530864197
HSPA6+_Macro,CD14+_Mono,E_MTAB_13530_P10_T4,0.485294117647058,0.24074074074074,0.103383458646616
HSPA6+_Macro,CD14+_Mono,E_MTAB_13530_P11_T1,0.447368421052631,0.592857142857142,0.318840579710144
HSPA6+_Macro,CD14+_Mono,E_MTAB_13530_P11_T2,0.693877551020408,0.0,0.0539845758354755
HSPA6+_Macro,CD14+_Mono,E_MTAB_13530_P11_T3,1.0,0.0,0.0453074433656957
HSPA6+_Macro,CD14+_Mono,E_MTAB_13530_P11_T4,1.0,1.0,0.177083333333333
HSPA6+_Macro,CD14+_Mono,E_MTAB_13530_P15_T1,0.546184738955823,0.326848249027237,0.386255924170616
HSPA6+_Macro,CD14+_Mono,E_MTAB_13530_P15_T2,0.455645161290322,0.33609958506224,0.35
HSPA6+_Macro,CD14+_Mono,E_MTAB_13530_P16_T1,0.378504672897196,0.0,0.189320388349514
HSPA6+_Macro,CD14+_Mono,E_MTAB_13530_P16_T2,0.0,0.21505376344086,0.0865265760197775
HSPA6+_Macro,CD14+_Mono,E_MTAB_13530_P17_T1,0.911255411255411,0.63089005235602,0.4592
HSPA6+_Macro,CD14+_Mono,E_MTAB_13530_P17_T2,0.665511265164644,0.429980276134122,0.300925925925925
HSPA6+_Macro,CD14+_Mono,E_MTAB_13530_P19_T1,0.283163265306122,0.360655737704918,0.336923076923076
HSPA6+_Macro,CD14+_Mono,E_MTAB_13530_P19_T2,0.394088669950738,0.51081081081081,0.483245149911816
HSPA6+_Macro,CD14+_Mono,E_MTAB_13530_P24_T1,0.0,0.0,0.281665190434012
HSPA6+_Macro,CD14+_Mono,E_MTAB_13530_P24_T2,0.210843373493975,0.217105263157894,0.438242280285035
HSPA6+_Macro,CD14+_Mono,E_MTAB_13530_P25_T1,0.414507772020725,0.701754385964912,0.4453125
HSPA6+_Macro,CD14+_Mono,E_MTAB_13530_P25_T2,0.787878787878787,0.513888888888888,0.188539741219963
HSPA6+_Macro,CD14+_Mono,GSE144239_GSM4565823,0.0,0.0,0.832
HSPA6+_Macro,CD14+_Mono,GSE144239_GSM4565824,1.0,,0.864341085271317
HSPA6+_Macro,CD14+_Mono,GSE144239_GSM4565825,0.65736040609137,0.87719298245614,0.212585034013605
HSPA6+_Macro,CD14+_Mono,GSE144239_GSM4565826,1.0,1.0,0.535506402793946
HSPA6+_Macro,CD14+_Mono,GSE251950_20_00331_LI_SING,0.394919168591224,0.752631578947368,0.735632183908046
HSPA6+_Macro,CD14+_Mono,GSE251950_21_00731_LI_SING,0.397196261682243,0.415254237288135,0.290591174021648
HSPA6+_Macro,CD14+_Mono,GSE251950_21_00732_LI_SING,0.212201591511936,0.0,0.331978319783197
HSPA6+_Macro,CD14+_Mono,GSE251950_21_00733_LI_SING,1.0,0.957055214723926,0.478583196046128
HSPA6+_Macro,CD14+_Mono,GSE251950_21_00734_LI_SING,0.538812785388127,0.4375,0.376447876447876
HSPA6+_Macro,CD14+_Mono,GSE251950_21_01251_LI_SING,0.283251231527093,0.841584158415841,0.445468509984639
HSPA6+_Macro,CD14+_Mono,GSE251950_21_01253_LI_SING,0.343612334801762,0.414893617021276,0.288924558587479
HSPA6+_Macro,CD14+_Mono,GSE251950_21_01254_LI_SING,0.194444444444444,0.648148148148148,0.456556082148499
HSPA6+_Macro,CD14+_Mono,GSE251950_21_01675_LI_SING,0.805309734513274,0.579207920792079,0.256487025948103
HSPA6+_Macro,CD14+_Mono,GSM5494475_HNSCC201125T04,0.329411764705882,1.0,0.465346534653465
HSPA6+_Macro,CD14+_Mono,GSM5494476_HNSCC201125T05,0.429487179487179,0.712643678160919,0.651119402985074
HSPA6+_Macro,CD14+_Mono,GSM5494477_HNSCC201125T07,0.0,0.0,0.318279569892473
HSPA6+_Macro,CD14+_Mono,GSM5494478_HNSCC201125T10,1.0,1.0,0.462915601023017
HSPA6+_Macro,CD14+_Mono,GSM5494479_P210325T1,,0.0,0.375389408099688
HSPA6+_Macro,CD14+_Mono,GSM5494480_P210325T3,0.0,1.0,0.25050505050505
HSPA6+_Macro,CD14+_Mono,GSM5494481_P210325T5,0.0,1.0,0.394568690095846
HSPA6+_Macro,CD14+_Mono,GSM5494482_P210325T6,0.0,0.0,0.404580152671755
HSPA6+_Macro,CD14+_Mono,GSM5924030_ffpe_c_2,0.707746478873239,0.870588235294117,0.313063063063063
HSPA6+_Macro,CD14+_Mono,GSM5924031_ffpe_c_3,0.337099811676082,0.394039735099337,0.29718875502008
HSPA6+_Macro,CD14+_Mono,GSM5924032_ffpe_c_4,0.168896321070234,0.436018957345971,0.240437158469945
HSPA6+_Macro,CD14+_Mono,GSM5924033_ffpe_c_7,0.423376623376623,0.65819209039548,0.0645424836601307
HSPA6+_Macro,CD14+_Mono,GSM5924034_ffpe_c_10,0.4126213592233,0.21,0.0746960046323103
HSPA6+_Macro,CD14+_Mono,GSM5924035_ffpe_c_20,0.306201550387596,0.395143487858719,0.232725262576008
HSPA6+_Macro,CD14+_Mono,GSM5924036_ffpe_c_21,0.450317124735729,0.978947368421052,0.217668488160291
HSPA6+_Macro,CD14+_Mono,GSM5924037_ffpe_c_34,0.272727272727272,0.542168674698795,0.415167095115681
HSPA6+_Macro,CD14+_Mono,GSM5924038_ffpe_c_36,0.728682170542635,0.206030150753768,0.0473933649289099
HSPA6+_Macro,CD14+_Mono,GSM5924039_ffpe_c_39,0.346839546191247,0.399515738498789,0.329078014184397
HSPA6+_Macro,CD14+_Mono,GSM5924040_ffpe_c_45,0.170114942528735,0.880239520958083,0.168216398985629
HSPA6+_Macro,CD14+_Mono,GSM5924041_ffpe_c_51,0.246753246753246,0.154929577464788,0.1535974130962
HSPA6+_Macro,CD14+_Mono,GSM5924042_frozen_a_1,0.798701298701298,1.0,0.267015706806282
HSPA6+_Macro,CD14+_Mono,GSM5924043_frozen_a_3,0.205128205128205,0.211538461538461,0.0
HSPA6+_Macro,CD14+_Mono,GSM5924044_frozen_a_15,0.237774030354131,0.402843601895734,0.376383763837638
HSPA6+_Macro,CD14+_Mono,GSM5924045_frozen_a_17,0.0,0.0,0.317099567099567
HSPA6+_Macro,CD14+_Mono,GSM5924046_frozen_b_1,0.775,0.0,0.405114401076716
HSPA6+_Macro,CD14+_Mono,GSM5924048_frozen_b_13,0.373626373626373,0.275,0.442737430167597
HSPA6+_Macro,CD14+_Mono,GSM5924049_frozen_b_18,0.741379310344827,0.0,0.655797101449275
HSPA6+_Macro,CD14+_Mono,GSM5924050_frozen_c_2,0.242424242424242,0.0,0.396656534954407
HSPA6+_Macro,CD14+_Mono,GSM5924051_frozen_c_5,0.446808510638297,0.35820895522388,0.235632183908045
HSPA6+_Macro,CD14+_Mono,GSM5924052_frozen_c_23,0.656903765690376,0.38034188034188,0.214285714285714
HSPA6+_Macro,CD14+_Mono,GSM5924053_frozen_c_57,,0.0,0.576237623762376
HSPA6+_Macro,CD14+_Mono,GSM6030901_patient_1,0.564356435643564,0.303482587064676,0.649122807017543
HSPA6+_Macro,CD14+_Mono,GSM6030902_patient_2,1.0,0.871794871794871,0.768518518518518
HSPA6+_Macro,CD14+_Mono,GSM6177599_NYU_BRCA0_Vis,0.97029702970297,0.613899613899613,0.474372955288985
HSPA6+_Macro,CD14+_Mono,GSM6177603_NYU_BRCA2_Vis,0.985915492957746,0.930434782608695,0.321100917431192
HSPA6+_Macro,CD14+_Mono,GSM6177607_NYU_GIST1_Vis,0.0,0.392226148409894,0.567039106145251
HSPA6+_Macro,CD14+_Mono,GSM6177609_NYU_GIST2_Vis,,,0.501275510204081
HSPA6+_Macro,CD14+_Mono,GSM6177612_NYU_LIHC1_Vis,0.174603174603174,1.0,0.613333333333333
HSPA6+_Macro,CD14+_Mono,GSM6177614_NYU_OVCA1_Vis,0.616666666666666,0.840116279069767,0.823232323232323
HSPA6+_Macro,CD14+_Mono,GSM6177617_NYU_OVCA3_Vis,0.938271604938271,0.478260869565217,0.559808612440191
HSPA6+_Macro,CD14+_Mono,GSM6177618_NYU_PDAC1_Vis,0.0,0.751004016064257,0.531428571428571
HSPA6+_Macro,CD14+_Mono,GSM6177623_NYU_UCEC3_Vis,0.562737642585551,0.28,0.62877030162413
HSPA6+_Macro,CD14+_Mono,GSM6339631_s1,0.0,1.0,0.37037037037037
HSPA6+_Macro,CD14+_Mono,GSM6339632_s2,1.0,0.951612903225806,0.309037900874635
HSPA6+_Macro,CD14+_Mono,GSM6339633_s3,0.814606741573033,0.838709677419354,0.446721311475409
HSPA6+_Macro,CD14+_Mono,GSM6339634_s4,1.0,0.0,0.404814004376367
HSPA6+_Macro,CD14+_Mono,GSM6339635_s5,1.0,0.923728813559322,0.389521640091116
HSPA6+_Macro,CD14+_Mono,GSM6339636_s6,0.0,0.0,0.25
HSPA6+_Macro,CD14+_Mono,GSM6339637_s7,,,0.475035663338088
HSPA6+_Macro,CD14+_Mono,GSM6339638_s8,,0.0,0.644893111638954
HSPA6+_Macro,CD14+_Mono,GSM6339639_s9,,0.0,0.412109375
HSPA6+_Macro,CD14+_Mono,GSM6339640_s10,1.0,0.0,0.401505646173149
HSPA6+_Macro,CD14+_Mono,GSM6339641_s11,1.0,0.741071428571428,0.213425129087779
HSPA6+_Macro,CD14+_Mono,GSM6339642_s12,0.590604026845637,0.98076923076923,0.338912133891213
HSPA6+_Macro,CD14+_Mono,GSM6433585_092A,0.604743083003952,0.0,0.636363636363636
HSPA6+_Macro,CD14+_Mono,GSM6433586_092B,0.0,0.0,0.296238244514106
HSPA6+_Macro,CD14+_Mono,GSM6433587_093A,0.962616822429906,0.253012048192771,0.271903323262839
HSPA6+_Macro,CD14+_Mono,GSM6433588_093B,0.362976406533575,0.134328358208955,0.476190476190476
HSPA6+_Macro,CD14+_Mono,GSM6433589_093C,0.589164785553047,0.570351758793969,0.427652733118971
HSPA6+_Macro,CD14+_Mono,GSM6433590_093D,1.0,0.737704918032786,0.44921875
HSPA6+_Macro,CD14+_Mono,GSM6433591_094A,,0.0,0.300492610837438
HSPA6+_Macro,CD14+_Mono,GSM6433592_094B,0.275510204081632,0.495238095238095,0.48356807511737
HSPA6+_Macro,CD14+_Mono,GSM6433593_094C,0.238562091503268,0.991452991452991,0.102752293577981
HSPA6+_Macro,CD14+_Mono,GSM6433594_094D,1.0,0.317073170731707,0.316353887399463
HSPA6+_Macro,CD14+_Mono,GSM6433595_095A,0.50375939849624,0.0,0.708454810495626
HSPA6+_Macro,CD14+_Mono,GSM6433596_095B,1.0,0.299212598425196,0.672297297297297
HSPA6+_Macro,CD14+_Mono,GSM6433597_117B,1.0,1.0,0.335697399527186
HSPA6+_Macro,CD14+_Mono,GSM6433598_117C,0.669950738916256,0.270114942528735,0.31081081081081
HSPA6+_Macro,CD14+_Mono,GSM6433599_117D,0.324675324675324,0.325925925925925,0.270979020979021
HSPA6+_Macro,CD14+_Mono,GSM6433600_117E,0.906976744186046,1.0,1.0
HSPA6+_Macro,CD14+_Mono,GSM6433601_118B,1.0,1.0,0.349030470914127
HSPA6+_Macro,CD14+_Mono,GSM6433602_118C,0.0,0.771428571428571,0.34248788368336
HSPA6+_Macro,CD14+_Mono,GSM6433603_118D,1.0,1.0,0.40506329113924
HSPA6+_Macro,CD14+_Mono,GSM6433604_118E,0.813333333333333,1.0,0.510869565217391
HSPA6+_Macro,CD14+_Mono,GSM6433605_119B,0.0,0.0,0.176923076923076
HSPA6+_Macro,CD14+_Mono,GSM6433606_119C,1.0,0.307692307692307,0.260869565217391
HSPA6+_Macro,CD14+_Mono,GSM6433607_119D,0.723926380368098,0.0,0.683774834437086
HSPA6+_Macro,CD14+_Mono,GSM6433608_119E,0.712389380530973,0.152,0.539289558665231
HSPA6+_Macro,CD14+_Mono,GSM6433609_120B,0.828828828828828,0.635179153094462,0.679324894514768
HSPA6+_Macro,CD14+_Mono,GSM6433610_120C,0.463333333333333,1.0,0.765306122448979
HSPA6+_Macro,CD14+_Mono,GSM6433611_120D,0.484,0.650306748466257,0.682266009852216
HSPA6+_Macro,CD14+_Mono,GSM6433612_120E,,1.0,0.507692307692307
HSPA6+_Macro,CD14+_Mono,GSM6433613_395A,0.583333333333333,1.0,0.361538461538461
HSPA6+_Macro,CD14+_Mono,GSM6433614_395B,0.0,0.0,0.546992481203007
HSPA6+_Macro,CD14+_Mono,GSM6433615_395C,0.392857142857142,1.0,0.156862745098039
HSPA6+_Macro,CD14+_Mono,GSM6433616_395D,1.0,1.0,0.654135338345864
HSPA6+_Macro,CD14+_Mono,GSM6433617_396A,0.0,0.0,0.258064516129032
HSPA6+_Macro,CD14+_Mono,GSM6433618_396C,0.717948717948718,0.0,0.396774193548387
HSPA6+_Macro,CD14+_Mono,GSM6433619_396D,0.650684931506849,1.0,0.451612903225806
HSPA6+_Macro,CD14+_Mono,GSM6433620_397A,0.81,0.50943396226415,0.482456140350877
HSPA6+_Macro,CD14+_Mono,GSM6433621_397B,0.403726708074534,1.0,0.0
HSPA6+_Macro,CD14+_Mono,GSM6433622_397C,0.683229813664596,0.401360544217687,0.46938775510204
HSPA6+_Macro,CD14+_Mono,GSM6433623_397D,0.0,0.0,0.20817843866171
HSPA6+_Macro,CD14+_Mono,GSM6433624_398A,0.82,0.916666666666666,0.393835616438356
HSPA6+_Macro,CD14+_Mono,GSM6433625_398B,0.0,0.689655172413793,0.201834862385321
HSPA6+_Macro,CD14+_Mono,GSM6433626_398C,,0.0,0.708661417322834
HSPA6+_Macro,CD14+_Mono,GSM6433627_398D,1.0,0.429824561403508,0.118457300275482
HSPA6+_Macro,CD14+_Mono,GSM6505133_DonorA,0.0,0.587912087912087,0.603268945022288
HSPA6+_Macro,CD14+_Mono,GSM6505134_DonorB,0.881720430107526,0.668789808917197,0.282980866062437
HSPA6+_Macro,CD14+_Mono,GSM6505135_DonorC,0.685185185185185,0.65648854961832,0.311827956989247
HSPA6+_Macro,CD14+_Mono,GSM6506110_SP1,0.610778443113772,0.536231884057971,0.615023474178403
HSPA6+_Macro,CD14+_Mono,GSM6506111_SP2,0.0,0.0,0.565714285714285
HSPA6+_Macro,CD14+_Mono,GSM6506112_SP3,1.0,1.0,0.726213592233009
HSPA6+_Macro,CD14+_Mono,GSM6506113_SP4,1.0,0.53125,0.204003079291762
HSPA6+_Macro,CD14+_Mono,GSM6506114_SP5,0.0,1.0,0.236607142857142
HSPA6+_Macro,CD14+_Mono,GSM6506115_SP6,1.0,0.484536082474226,0.852398523985239
HSPA6+_Macro,CD14+_Mono,GSM6506116_SP7,0.594086021505376,0.619136960600375,0.407542579075425
HSPA6+_Macro,CD14+_Mono,GSM6506117_SP8,0.752380952380952,0.883333333333333,0.487208008898776
HSPA6+_Macro,CD14+_Mono,GSM6833484_Patient1,0.298387096774193,0.463611859838274,0.568627450980392
HSPA6+_Macro,CD14+_Mono,GSM6833485_Patient2,0.693251533742331,0.523178807947019,0.206258890469416
HSPA6+_Macro,CD14+_Mono,GSM6833486_Patient3,0.0,0.0,0.35655737704918
HSPA6+_Macro,CD14+_Mono,GSM6833487_Patient4,0.632794457274826,0.566666666666666,0.54
HSPA6+_Macro,CD14+_Mono,GSM7019835_OCCR2v,0.916666666666666,0.766233766233766,0.311304347826086
HSPA6+_Macro,CD14+_Mono,GSM7019836_OCCS3v,1.0,0.441558441558441,0.71345029239766
HSPA6+_Macro,CD14+_Mono,GSM7058756,0.838414634146341,0.755760368663594,0.640173410404624
HSPA6+_Macro,CD14+_Mono,GSM7058757,0.317333333333333,0.929292929292929,0.53970080552359
HSPA6+_Macro,CD14+_Mono,GSM7058758,0.0,1.0,0.79171597633136
HSPA6+_Macro,CD14+_Mono,GSM7058759,0.48728813559322,0.515625,0.132872503840245
HSPA6+_Macro,CD14+_Mono,GSM7090086_NextSeq2000,0.57852193995381,1.0,0.479411764705882
HSPA6+_Macro,CD14+_Mono,GSM7090087_NextSeq2000,1.0,0.965986394557823,0.628846153846153
HSPA6+_Macro,CD14+_Mono,GSM7090088_NextSeq2000,1.0,1.0,0.75047619047619
HSPA6+_Macro,CD14+_Mono,GSM7211257_EHU-W3,0.422628951747088,0.212765957446808,0.0629213483146067
HSPA6+_Macro,CD14+_Mono,GSM7421790_PDAC_1,1.0,0.0,0.244519392917369
HSPA6+_Macro,CD14+_Mono,GSM7421791_PDAC_2,1.0,0.0,0.110091743119266
HSPA6+_Macro,CD14+_Mono,GSM7421792_PDAC_3,0.611111111111111,1.0,0.125984251968503
HSPA6+_Macro,CD14+_Mono,GSM7498811_SS1905133,0.597826086956521,0.810526315789473,0.382661996497373
HSPA6+_Macro,CD14+_Mono,GSM7498812_SS1923404,0.862745098039215,0.0,0.396491228070175
HSPA6+_Macro,CD14+_Mono,GSM7498813_SS1945070,0.0,0.0,0.301905717151454
HSPA6+_Macro,CD14+_Mono,GSM7498814_SS1960050,0.0,0.674418604651162,0.351454823889739
HSPA6+_Macro,CD14+_Mono,GSM7498815_SS2002154,0.211180124223602,0.461538461538461,0.0335305719921104
HSPA6+_Macro,CD14+_Mono,GSM7498816_SS2005094,0.790697674418604,0.974025974025974,0.104522613065326
HSPA6+_Macro,CD14+_Mono,GSM7498817_SS2021309,0.428571428571428,0.769230769230769,0.268065268065268
HSPA6+_Macro,CD14+_Mono,GSM7757970_R1-S1,0.213559322033898,0.0,0.312796208530805
HSPA6+_Macro,CD14+_Mono,GSM7757972_R1-S3,,,0.519458544839255
HSPA6+_Macro,CD14+_Mono,GSM7757973_R1-S4,0.498734177215189,0.375,0.0
HSPA6+_Macro,CD14+_Mono,GSM7757974_R1-S5,0.330827067669172,1.0,0.283813747228381
HSPA6+_Macro,CD14+_Mono,GSM7757975_R1-S6,0.253086419753086,0.640449438202247,0.399449035812672
HSPA6+_Macro,CD14+_Mono,GSM7757976_R2-S1,0.292682926829268,0.64,0.280141843971631
HSPA6+_Macro,CD14+_Mono,GSM7757977_R2-S2,1.0,0.453333333333333,0.536019536019536
HSPA6+_Macro,CD14+_Mono,GSM7757978_R2-S3,0.769230769230769,0.59437751004016,0.845714285714285
HSPA6+_Macro,CD14+_Mono,GSM7757979_R2-S4,0.0941176470588235,1.0,0.766536964980544
HSPA6+_Macro,CD14+_Mono,GSM7757980_R2-S5,1.0,0.0,0.26916221033868
HSPA6+_Macro,CD14+_Mono,GSM7757982_R3-S2,0.359375,0.666666666666666,0.546998867497168
HSPA6+_Macro,CD14+_Mono,GSM7757983_R3-S3,0.0,1.0,0.376859504132231
HSPA6+_Macro,CD14+_Mono,GSM7757984_R3-S4,0.701670644391408,0.679611650485436,0.465994962216624
HSPA6+_Macro,CD14+_Mono,GSM7757985_R3-S5,0.50641940085592,0.788793103448275,0.785522788203753
HSPA6+_Macro,CD14+_Mono,GSM7777520_A1,,1.0,0.470997679814385
HSPA6+_Macro,CD14+_Mono,GSM7777521_B1,0.0,0.0,0.790849673202614
HSPA6+_Macro,CD14+_Mono,GSM7777522_C1,0.225308641975308,1.0,0.0
HSPA6+_Macro,CD14+_Mono,GSM7777523_D1,0.0,1.0,0.593442622950819
HSPA6+_Macro,CD14+_Mono,GSM7850822_CHC20,0.223404255319148,0.617647058823529,0.144927536231884
HSPA6+_Macro,CD14+_Mono,HCC1R,0.388101983002832,1.0,0.666666666666666
HSPA6+_Macro,CD14+_Mono,HCC3R,0.484962406015037,1.0,0.566985645933014
HSPA6+_Macro,CD14+_Mono,HCC4R,1.0,1.0,0.290123456790123
HSPA6+_Macro,CD14+_Mono,HCC6NR,1.0,0.482093663911845,0.428169014084507
HSPA6+_Macro,CD14+_Mono,HCC7NR,0.764880952380952,0.332761578044596,0.728723404255319
HSPA6+_Macro,CD14+_Mono,HRA000437_HCC-1T,0.283489096573208,0.490566037735849,0.646153846153846
HSPA6+_Macro,CD14+_Mono,HRA000437_HCC-2T,0.514285714285714,0.551601423487544,0.577427821522309
HSPA6+_Macro,CD14+_Mono,HRA000437_HCC-3T,0.307692307692307,0.680124223602484,0.375832540437678
HSPA6+_Macro,CD14+_Mono,HRA000437_HCC-4T,0.4,0.46039603960396,0.331448763250883
HSPA6+_Macro,CD14+_Mono,Parent_Visium_Human_BreastCancer_201027,0.898550724637681,0.626984126984127,0.635250917992656
HSPA6+_Macro,CD14+_Mono,Parent_Visium_Human_ColorectalCancer_201027,0.924050632911392,1.0,0.464847848898216
HSPA6+_Macro,CD14+_Mono,Parent_Visium_Human_OvarianCancer_201027,0.945205479452054,0.666666666666666,0.355716878402903
HSPA6+_Macro,CD14+_Mono,S16_43398,0.493087557603686,0.0,0.0637659414853713
HSPA6+_Macro,CD14+_Mono,S20_47598,0.368965517241379,0.715596330275229,0.121973929236499
HSPA6+_Macro,CD14+_Mono,S20_61122,0.349775784753363,0.232,0.0921409214092141
HSPA6+_Macro,CD14+_Mono,S20_63981,0.283582089552238,0.386666666666666,0.467991169977924
HSPA6+_Macro,CD14+_Mono,S21_10267,0.180300500834724,0.976878612716763,0.488864142538975
HSPA6+_Macro,CD14+_Mono,SN048_A121573_Rep1,1.0,0.704918032786885,0.817460317460317
HSPA6+_Macro,CD14+_Mono,SN048_A121573_Rep2,0.717592592592592,0.796610169491525,0.612005856515373
HSPA6+_Macro,CD14+_Mono,SN048_A416371_Rep1,0.568627450980392,0.0,0.574303405572755
HSPA6+_Macro,CD14+_Mono,SN048_A416371_Rep2,1.0,0.0,0.542608695652174
HSPA6+_Macro,CD14+_Mono,SN123_A551763_Rep1,1.0,0.0,0.563025210084033
HSPA6+_Macro,CD14+_Mono,SN123_A595688_Rep1,0.547368421052631,0.0,0.423076923076923
HSPA6+_Macro,CD14+_Mono,SN123_A938797_Rep1_X,1.0,0.0,0.239506172839506
HSPA6+_Macro,CD14+_Mono,SN124_A551763_Rep2,,,0.583629893238434
HSPA6+_Macro,CD14+_Mono,SN124_A595688_Rep2,0.297709923664122,1.0,1.0
HSPA6+_Macro,CD14+_Mono,SN124_A938797_Rep2,0.576086956521739,0.447368421052631,0.161403508771929
HSPA6+_Macro,CD14+_Mono,SN84_A120838_Rep1,1.0,0.416666666666666,0.661290322580645
HSPA6+_Macro,CD14+_Mono,SN84_A120838_Rep2,1.0,0.422857142857142,0.20137299771167
HSPA6+_Macro,CD14+_Mono,V10F24-015_A1,1.0,0.0,0.478964401294498
HSPA6+_Macro,CD14+_Mono,V10F24-015_B1,1.0,0.638157894736842,0.583458646616541
HSPA6+_Macro,CD14+_Mono,V10F24-015_C1,0.937142857142857,0.706896551724137,0.434451219512195
HSPA6+_Macro,CD14+_Mono,V10F24-015_D1,0.0,1.0,0.442893401015228
HSPA6+_Macro,CD14+_Mono,V11A20-405_C1,0.256728778467908,0.687074829931972,0.305993690851735
HSPA6+_Macro,CD14+_Mono,V11A20-405_D1,0.505470459518599,0.814655172413793,0.306818181818181
HSPA6+_Macro,CD14+_Mono,V11M22-349_C1,0.451388888888888,0.473684210526315,0.302364864864864
HSPA6+_Macro,CD14+_Mono,V11M22-349_D1,0.9,0.705479452054794,0.428020565552699
HSPA6+_Macro,CD14+_Mono,V1_Breast_Cancer_Block_A_Section_2_200623,0.492307692307692,0.176991150442477,0.217285945072697
HSPA6+_Macro,CD14+_Mono,V1_Human_Invasive_Ductal_Carcinoma_210511,0.192622950819672,0.461538461538461,0.342723004694835
HSPA6+_Macro,CD14+_Mono,Visium_FFPE_Human_Breast_Cancer_210609,0.975124378109452,0.583333333333333,0.541088580576307
HSPA6+_Macro,CD14+_Mono,Visium_FFPE_Human_Intestinal_Cancer_220329,0.294314381270903,0.320675105485232,0.32375
HSPA6+_Macro,CD14+_Mono,Visium_FFPE_Human_Ovarian_Cancer_220329,0.783838383838383,0.789709172259507,0.327044025157232
HSPA6+_Macro,CD14+_Mono,Visium_FFPE_Human_Prostate_Acinar_Cell_Carcinoma_211009,0.625766871165644,0.237623762376237,0.254835039817974
HSPA6+_Macro,CD14+_Mono,Visium_FFPE_Human_Prostate_Cancer_210609,0.343570057581573,0.610738255033557,0.336798336798336
HSPA6+_Macro,CD14+_Mono,Visium_FFPE_Human_Prostate_IF_220713,1.0,0.25,0.314946619217081
HSPA6+_Macro,CD14+_Mono,Visium_Human_Breast_Cancer_220702,0.588815789473684,0.755627009646302,0.497789566755084
HSPA6+_Macro,CD14+_Mono,WSSKNKCLsp12140270,1.0,0.909090909090909,0.242774566473988
HSPA6+_Macro,CD14+_Mono,WSSKNKCLsp12140271,0.316239316239316,0.989795918367346,0.56875
HSPA6+_Macro,CD14+_Mono,WSSKNKCLsp12140272,1.0,1.0,0.767241379310344
HSPA6+_Macro,CD14+_Mono,WSSKNKCLsp12140273,1.0,1.0,0.315447154471544
HSPA6+_Macro,CD14+_Mono,WSSKNKCLsp12887267,1.0,1.0,0.71018276762402
HSPA6+_Macro,CD14+_Mono,WSSKNKCLsp12887268,1.0,1.0,0.280575539568345
HSPA6+_Macro,CD14+_Mono,WSSKNKCLsp12887269,1.0,0.75,0.53125
HSPA6+_Macro,CD14+_Mono,WSSKNKCLsp12887270,,0.0,0.70886075949367
HSPA6+_Macro,CD14+_Mono,Zenodo10119273_Tumor2,0.505,0.201550387596899,0.774418604651162
HSPA6+_Macro,CD14+_Mono,scCRLM_Atlas_ST-colon1,0.75,0.544303797468354,0.491942324003392
HSPA6+_Macro,CD14+_Mono,scCRLM_Atlas_ST-colon2,0.0,0.982758620689655,0.64390243902439
HSPA6+_Macro,CD14+_Mono,scCRLM_Atlas_ST-colon3,1.0,0.47457627118644,0.483050847457627
HSPA6+_Macro,CD14+_Mono,scCRLM_Atlas_ST-colon4,0.564231738035264,0.994252873563218,0.771488469601677
HSPA6+_Macro,SPP1+_Macro,01_034_C1d1,0.0,0.897959183673469,0.158273381294964
HSPA6+_Macro,SPP1+_Macro,01_034_C3d1,0.361256544502617,0.428571428571428,0.22077922077922
HSPA6+_Macro,SPP1+_Macro,01_039_C1d1,0.0,0.63953488372093,0.302325581395348
HSPA6+_Macro,SPP1+_Macro,01_039_C3d1,0.258064516129032,0.0,0.291529152915291
HSPA6+_Macro,SPP1+_Macro,1142243F,0.762195121951219,0.183098591549295,0.143392188336008
HSPA6+_Macro,SPP1+_Macro,1160920F,0.335849056603773,0.699029126213592,0.40218878248974
HSPA6+_Macro,SPP1+_Macro,A_955_OvarianTumor,1.0,0.656992084432717,0.607970342910102
HSPA6+_Macro,SPP1+_Macro,A_GTFB1154_OvarianCancerTumor,0.0,0.306666666666666,0.338904363974001
HSPA6+_Macro,SPP1+_Macro,Ajou_Visium_P1,0.738693467336683,0.789655172413793,0.389622641509434
HSPA6+_Macro,SPP1+_Macro,Ajou_Visium_P2,0.505494505494505,0.651515151515151,0.100543478260869
HSPA6+_Macro,SPP1+_Macro,Ajou_Visium_P3,,,0.499572284003421
HSPA6+_Macro,SPP1+_Macro,Ajou_Visium_P4,0.488571428571428,0.733905579399141,0.505178365937859
HSPA6+_Macro,SPP1+_Macro,B_GTFB1191_OvarianCancerTumor,0.45816733067729,0.56084656084656,0.415329768270944
HSPA6+_Macro,SPP1+_Macro,CID4290,0.522012578616352,0.246835443037974,0.231009365244536
HSPA6+_Macro,SPP1+_Macro,CID4465,0.283687943262411,0.419191919191919,0.269333333333333
HSPA6+_Macro,SPP1+_Macro,CID44971,0.253521126760563,0.517543859649122,0.314885496183206
HSPA6+_Macro,SPP1+_Macro,CID4535,0.491071428571428,0.621212121212121,0.309782608695652
HSPA6+_Macro,SPP1+_Macro,C_GTFB1170_SmallCellOvarianCancer,1.0,0.19090909090909,0.483193277310924
HSPA6+_Macro,SPP1+_Macro,Colon_10x_Visium_SampleP2_CRC,0.206120612061206,0.530201342281879,0.44874715261959
HSPA6+_Macro,SPP1+_Macro,CytAssist_11mm_FFPE_Human_Lung_Cancer_230214,0.175358539765319,0.535104364326375,0.329938900203666
HSPA6+_Macro,SPP1+_Macro,CytAssist_11mm_FFPE_Human_Ovarian_Carcinoma_220715,0.387096774193548,0.973214285714285,0.390554041780199
HSPA6+_Macro,SPP1+_Macro,CytAssist_FFPE_Human_Lung_Squamous_Cell_Carcinoma_220714,0.366171003717472,0.398148148148148,0.555994729907773
HSPA6+_Macro,SPP1+_Macro,CytAssist_Fresh_Frozen_Human_Breast_Cancer_230107,0.512690355329949,0.517241379310344,0.588983050847457
HSPA6+_Macro,SPP1+_Macro,D_GTFB1170_SmallCellOvarianCancer,0.574074074074074,1.0,0.570921985815602
HSPA6+_Macro,SPP1+_Macro,D_GTFB_1230_OvarianTumor,0.0,1.0,0.46298984034833
HSPA6+_Macro,SPP1+_Macro,E_MTAB_13530_P10_T1,0.482954545454545,0.583690987124463,0.348249027237354
HSPA6+_Macro,SPP1+_Macro,E_MTAB_13530_P10_T2,0.32484076433121,0.744444444444444,0.304556354916067
HSPA6+_Macro,SPP1+_Macro,E_MTAB_13530_P10_T3,0.801369863013698,0.0,0.31193838254172
HSPA6+_Macro,SPP1+_Macro,E_MTAB_13530_P10_T4,0.0,0.815068493150685,0.491891891891891
HSPA6+_Macro,SPP1+_Macro,E_MTAB_13530_P11_T1,0.290123456790123,0.297297297297297,0.283987915407855
HSPA6+_Macro,SPP1+_Macro,E_MTAB_13530_P11_T2,0.666666666666666,0.346938775510204,0.0993227990970654
HSPA6+_Macro,SPP1+_Macro,E_MTAB_13530_P11_T3,0.0,0.0,0.21513353115727
HSPA6+_Macro,SPP1+_Macro,E_MTAB_13530_P11_T4,0.0,0.0,0.503412969283276
HSPA6+_Macro,SPP1+_Macro,E_MTAB_13530_P15_T1,0.433734939759036,0.370546318289786,0.461437908496732
HSPA6+_Macro,SPP1+_Macro,E_MTAB_13530_P15_T2,0.41025641025641,0.368995633187772,0.536585365853658
HSPA6+_Macro,SPP1+_Macro,E_MTAB_13530_P16_T1,0.344827586206896,0.688524590163934,0.388362652232746
HSPA6+_Macro,SPP1+_Macro,E_MTAB_13530_P16_T2,0.0,0.369230769230769,0.429712460063897
HSPA6+_Macro,SPP1+_Macro,E_MTAB_13530_P17_T1,0.505791505791505,0.457858769931662,0.535987748851454
HSPA6+_Macro,SPP1+_Macro,E_MTAB_13530_P17_T2,0.632404181184669,0.373134328358209,0.298245614035087
HSPA6+_Macro,SPP1+_Macro,E_MTAB_13530_P19_T1,0.129787234042553,0.381443298969072,0.237871674491392
HSPA6+_Macro,SPP1+_Macro,E_MTAB_13530_P19_T2,0.295,0.63235294117647,0.414462081128747
HSPA6+_Macro,SPP1+_Macro,E_MTAB_13530_P24_T1,0.301369863013698,0.0,0.408893709327548
HSPA6+_Macro,SPP1+_Macro,E_MTAB_13530_P24_T2,0.349206349206349,0.937219730941704,0.5
HSPA6+_Macro,SPP1+_Macro,E_MTAB_13530_P25_T1,0.414507772020725,0.512048192771084,0.513126491646778
HSPA6+_Macro,SPP1+_Macro,E_MTAB_13530_P25_T2,0.119815668202764,0.88095238095238,0.257575757575757
HSPA6+_Macro,SPP1+_Macro,GSE144239_GSM4565823,0.0,0.0,0.339473684210526
HSPA6+_Macro,SPP1+_Macro,GSE144239_GSM4565824,1.0,,0.296875
HSPA6+_Macro,SPP1+_Macro,GSE144239_GSM4565825,0.313356164383561,0.87027027027027,0.239631336405529
HSPA6+_Macro,SPP1+_Macro,GSE144239_GSM4565826,1.0,0.0,0.328981723237597
HSPA6+_Macro,SPP1+_Macro,GSE251950_20_00331_LI_SING,0.7,0.756756756756756,0.738775510204081
HSPA6+_Macro,SPP1+_Macro,GSE251950_21_00731_LI_SING,0.508474576271186,0.515384615384615,0.375578168362627
HSPA6+_Macro,SPP1+_Macro,GSE251950_21_00732_LI_SING,0.396135265700483,0.181159420289855,0.367107195301027
HSPA6+_Macro,SPP1+_Macro,GSE251950_21_00733_LI_SING,1.0,0.269230769230769,0.434599156118143
HSPA6+_Macro,SPP1+_Macro,GSE251950_21_00734_LI_SING,0.651741293532338,0.420731707317073,0.36104513064133
HSPA6+_Macro,SPP1+_Macro,GSE251950_21_01251_LI_SING,0.388101983002832,0.777777777777777,0.485714285714285
HSPA6+_Macro,SPP1+_Macro,GSE251950_21_01253_LI_SING,0.834285714285714,0.0,0.442764578833693
HSPA6+_Macro,SPP1+_Macro,GSE251950_21_01254_LI_SING,0.304,0.826291079812206,0.626582278481012
HSPA6+_Macro,SPP1+_Macro,GSE251950_21_01675_LI_SING,0.550802139037433,0.672131147540983,0.480926430517711
HSPA6+_Macro,SPP1+_Macro,GSM5494475_HNSCC201125T04,1.0,0.956521739130434,0.279816513761467
HSPA6+_Macro,SPP1+_Macro,GSM5494476_HNSCC201125T05,0.597297297297297,0.916666666666666,0.793296089385474
HSPA6+_Macro,SPP1+_Macro,GSM5494477_HNSCC201125T07,0.0,0.0,0.396341463414634
HSPA6+_Macro,SPP1+_Macro,GSM5494478_HNSCC201125T10,1.0,0.773195876288659,0.193317422434367
HSPA6+_Macro,SPP1+_Macro,GSM5494479_P210325T1,,0.0,0.381342062193126
HSPA6+_Macro,SPP1+_Macro,GSM5494480_P210325T3,0.0,1.0,0.444833625218914
HSPA6+_Macro,SPP1+_Macro,GSM5494481_P210325T5,0.0,0.0,0.606060606060606
HSPA6+_Macro,SPP1+_Macro,GSM5494482_P210325T6,0.0,0.0,0.394202898550724
HSPA6+_Macro,SPP1+_Macro,GSM5924030_ffpe_c_2,0.818965517241379,0.909090909090909,0.833486660533578
HSPA6+_Macro,SPP1+_Macro,GSM5924031_ffpe_c_3,0.574162679425837,0.748987854251012,0.616766467065868
HSPA6+_Macro,SPP1+_Macro,GSM5924032_ffpe_c_4,0.517241379310344,0.479338842975206,0.466269841269841
HSPA6+_Macro,SPP1+_Macro,GSM5924033_ffpe_c_7,0.666180758017492,0.787172011661807,0.671201814058957
HSPA6+_Macro,SPP1+_Macro,GSM5924034_ffpe_c_10,1.0,0.0,0.295900178253119
HSPA6+_Macro,SPP1+_Macro,GSM5924035_ffpe_c_20,0.562653562653562,0.738041002277904,0.507847533632287
HSPA6+_Macro,SPP1+_Macro,GSM5924036_ffpe_c_21,0.617586912065439,0.798319327731092,0.444755244755244
HSPA6+_Macro,SPP1+_Macro,GSM5924037_ffpe_c_34,0.585365853658536,1.0,0.615658362989323
HSPA6+_Macro,SPP1+_Macro,GSM5924038_ffpe_c_36,0.798611111111111,0.503597122302158,0.378545006165228
HSPA6+_Macro,SPP1+_Macro,GSM5924039_ffpe_c_39,0.42604501607717,0.663934426229508,0.636227544910179
HSPA6+_Macro,SPP1+_Macro,GSM5924040_ffpe_c_45,0.602908277404921,1.0,0.380590717299578
HSPA6+_Macro,SPP1+_Macro,GSM5924041_ffpe_c_51,0.615541922290388,0.982456140350877,0.476044852191641
HSPA6+_Macro,SPP1+_Macro,GSM5924042_frozen_a_1,0.98076923076923,1.0,0.634204275534441
HSPA6+_Macro,SPP1+_Macro,GSM5924043_frozen_a_3,0.309426229508196,1.0,0.457142857142857
HSPA6+_Macro,SPP1+_Macro,GSM5924044_frozen_a_15,0.315161839863713,0.982658959537572,0.71677559912854
HSPA6+_Macro,SPP1+_Macro,GSM5924045_frozen_a_17,0.0,1.0,0.634146341463414
HSPA6+_Macro,SPP1+_Macro,GSM5924046_frozen_b_1,0.804597701149425,0.0,0.679710144927536
HSPA6+_Macro,SPP1+_Macro,GSM5924048_frozen_b_13,0.564705882352941,0.0,0.769480519480519
HSPA6+_Macro,SPP1+_Macro,GSM5924049_frozen_b_18,0.518867924528301,0.0,0.603305785123966
HSPA6+_Macro,SPP1+_Macro,GSM5924050_frozen_c_2,0.265625,0.0,0.880116959064327
HSPA6+_Macro,SPP1+_Macro,GSM5924051_frozen_c_5,1.0,0.837662337662337,0.650214592274678
HSPA6+_Macro,SPP1+_Macro,GSM5924052_frozen_c_23,0.592741935483871,0.712765957446808,0.662447257383966
HSPA6+_Macro,SPP1+_Macro,GSM5924053_frozen_c_57,,0.0,0.768768768768768
HSPA6+_Macro,SPP1+_Macro,GSM6030901_patient_1,0.673267326732673,1.0,0.148514851485148
HSPA6+_Macro,SPP1+_Macro,GSM6030902_patient_2,0.0,0.523076923076923,0.705426356589147
HSPA6+_Macro,SPP1+_Macro,GSM6177599_NYU_BRCA0_Vis,0.3206106870229,0.556016597510373,0.494208494208494
HSPA6+_Macro,SPP1+_Macro,GSM6177603_NYU_BRCA2_Vis,0.712765957446808,0.488721804511278,0.195224719101123
HSPA6+_Macro,SPP1+_Macro,GSM6177607_NYU_GIST1_Vis,0.361111111111111,0.493421052631578,0.5
HSPA6+_Macro,SPP1+_Macro,GSM6177609_NYU_GIST2_Vis,,,0.576807228915662
HSPA6+_Macro,SPP1+_Macro,GSM6177612_NYU_LIHC1_Vis,0.865079365079365,1.0,0.594982078853046
HSPA6+_Macro,SPP1+_Macro,GSM6177614_NYU_OVCA1_Vis,0.60655737704918,0.82991202346041,0.835411471321695
HSPA6+_Macro,SPP1+_Macro,GSM6177617_NYU_OVCA3_Vis,0.894117647058823,0.478260869565217,0.478260869565217
HSPA6+_Macro,SPP1+_Macro,GSM6177618_NYU_PDAC1_Vis,0.81578947368421,0.537414965986394,0.692537313432835
HSPA6+_Macro,SPP1+_Macro,GSM6177623_NYU_UCEC3_Vis,0.477777777777777,0.617021276595744,0.164146868250539
HSPA6+_Macro,SPP1+_Macro,GSM6339631_s1,0.0,0.0,0.341836734693877
HSPA6+_Macro,SPP1+_Macro,GSM6339632_s2,0.421917808219178,0.297619047619047,0.309278350515463
HSPA6+_Macro,SPP1+_Macro,GSM6339633_s3,0.193370165745856,0.702702702702702,0.643312101910828
HSPA6+_Macro,SPP1+_Macro,GSM6339634_s4,1.0,0.0,0.305921052631578
HSPA6+_Macro,SPP1+_Macro,GSM6339635_s5,1.0,0.591836734693877,0.0705645161290322
HSPA6+_Macro,SPP1+_Macro,GSM6339636_s6,0.0,0.0,0.121651785714285
HSPA6+_Macro,SPP1+_Macro,GSM6339637_s7,,,0.41838134430727
HSPA6+_Macro,SPP1+_Macro,GSM6339638_s8,,0.0,0.468780971258671
HSPA6+_Macro,SPP1+_Macro,GSM6339639_s9,,0.0,0.308365758754863
HSPA6+_Macro,SPP1+_Macro,GSM6339640_s10,0.733333333333333,0.357142857142857,0.603936039360393
HSPA6+_Macro,SPP1+_Macro,GSM6339641_s11,1.0,0.946428571428571,0.0325644504748982
HSPA6+_Macro,SPP1+_Macro,GSM6339642_s12,0.976377952755905,0.98076923076923,0.348920863309352
HSPA6+_Macro,SPP1+_Macro,GSM6433585_092A,0.491289198606271,1.0,0.243951612903225
HSPA6+_Macro,SPP1+_Macro,GSM6433586_092B,0.0,0.0,0.283018867924528
HSPA6+_Macro,SPP1+_Macro,GSM6433587_093A,0.957943925233644,0.0,0.243739565943238
HSPA6+_Macro,SPP1+_Macro,GSM6433588_093B,0.358131487889273,1.0,1.0
HSPA6+_Macro,SPP1+_Macro,GSM6433589_093C,0.241970021413276,0.458227848101265,0.592592592592592
HSPA6+_Macro,SPP1+_Macro,GSM6433590_093D,1.0,0.709677419354838,0.324099722991689
HSPA6+_Macro,SPP1+_Macro,GSM6433591_094A,,1.0,0.208571428571428
HSPA6+_Macro,SPP1+_Macro,GSM6433592_094B,0.404145077720207,0.495238095238095,0.34453781512605
HSPA6+_Macro,SPP1+_Macro,GSM6433593_094C,0.339031339031339,0.653061224489795,0.138888888888888
HSPA6+_Macro,SPP1+_Macro,GSM6433594_094D,1.0,0.317073170731707,0.226327944572748
HSPA6+_Macro,SPP1+_Macro,GSM6433595_095A,0.242105263157894,0.0,0.159036144578313
HSPA6+_Macro,SPP1+_Macro,GSM6433596_095B,0.319148936170212,1.0,0.0706214689265536
HSPA6+_Macro,SPP1+_Macro,GSM6433597_117B,0.303030303030303,1.0,0.277915632754342
HSPA6+_Macro,SPP1+_Macro,GSM6433598_117C,0.371212121212121,0.743801652892562,0.363636363636363
HSPA6+_Macro,SPP1+_Macro,GSM6433599_117D,0.311926605504587,0.312949640287769,0.157772621809744
HSPA6+_Macro,SPP1+_Macro,GSM6433600_117E,0.196,1.0,1.0
HSPA6+_Macro,SPP1+_Macro,GSM6433601_118B,1.0,0.0,0.19559902200489
HSPA6+_Macro,SPP1+_Macro,GSM6433602_118C,0.0,0.0,0.276255707762557
HSPA6+_Macro,SPP1+_Macro,GSM6433603_118D,0.0,0.0983606557377049,0.163461538461538
HSPA6+_Macro,SPP1+_Macro,GSM6433604_118E,0.123893805309734,0.96,0.482394366197183
HSPA6+_Macro,SPP1+_Macro,GSM6433605_119B,0.0,0.0,0.166666666666666
HSPA6+_Macro,SPP1+_Macro,GSM6433606_119C,0.954545454545454,0.878787878787878,0.313471502590673
HSPA6+_Macro,SPP1+_Macro,GSM6433607_119D,0.677419354838709,0.0,0.445019404915912
HSPA6+_Macro,SPP1+_Macro,GSM6433608_119E,0.536764705882352,0.60204081632653,0.476091476091476
HSPA6+_Macro,SPP1+_Macro,GSM6433609_120B,0.482954545454545,0.739583333333333,0.790697674418604
HSPA6+_Macro,SPP1+_Macro,GSM6433610_120C,0.279761904761904,0.617021276595744,0.573076923076923
HSPA6+_Macro,SPP1+_Macro,GSM6433611_120D,0.728,0.364532019704433,0.708708708708708
HSPA6+_Macro,SPP1+_Macro,GSM6433612_120E,,0.0,0.2578125
HSPA6+_Macro,SPP1+_Macro,GSM6433613_395A,0.679045092838196,0.531914893617021,0.287822878228782
HSPA6+_Macro,SPP1+_Macro,GSM6433614_395B,0.0,0.0,0.358184764991896
HSPA6+_Macro,SPP1+_Macro,GSM6433615_395C,0.303571428571428,0.0,0.564564564564564
HSPA6+_Macro,SPP1+_Macro,GSM6433616_395D,1.0,1.0,0.89922480620155
HSPA6+_Macro,SPP1+_Macro,GSM6433617_396A,0.0,0.0,0.282722513089005
HSPA6+_Macro,SPP1+_Macro,GSM6433618_396C,0.585106382978723,0.0,0.218782249742002
HSPA6+_Macro,SPP1+_Macro,GSM6433619_396D,0.503311258278145,1.0,0.279038718291054
HSPA6+_Macro,SPP1+_Macro,GSM6433620_397A,0.0,0.63095238095238,0.213235294117647
HSPA6+_Macro,SPP1+_Macro,GSM6433621_397B,0.395348837209302,0.717391304347826,0.0623145400593471
HSPA6+_Macro,SPP1+_Macro,GSM6433622_397C,0.248021108179419,0.170886075949367,0.244791666666666
HSPA6+_Macro,SPP1+_Macro,GSM6433623_397D,0.4375,0.0,0.441281138790035
HSPA6+_Macro,SPP1+_Macro,GSM6433624_398A,0.422222222222222,0.916666666666666,0.508196721311475
HSPA6+_Macro,SPP1+_Macro,GSM6433625_398B,1.0,0.176470588235294,0.282485875706214
HSPA6+_Macro,SPP1+_Macro,GSM6433626_398C,,0.0,0.869281045751634
HSPA6+_Macro,SPP1+_Macro,GSM6433627_398D,1.0,0.408163265306122,0.118457300275482
HSPA6+_Macro,SPP1+_Macro,GSM6505133_DonorA,0.0,0.741935483870967,0.53954802259887
HSPA6+_Macro,SPP1+_Macro,GSM6505134_DonorB,0.669491525423728,0.974683544303797,0.693498452012383
HSPA6+_Macro,SPP1+_Macro,GSM6505135_DonorC,0.681274900398406,0.687022900763358,0.712903225806451
HSPA6+_Macro,SPP1+_Macro,GSM6506110_SP1,0.23764258555133,0.851485148514851,0.763888888888888
HSPA6+_Macro,SPP1+_Macro,GSM6506111_SP2,0.0,0.0,0.451685393258427
HSPA6+_Macro,SPP1+_Macro,GSM6506112_SP3,0.0,0.130434782608695,0.702448210922787
HSPA6+_Macro,SPP1+_Macro,GSM6506113_SP4,0.917910447761194,0.6015625,0.3475935828877
HSPA6+_Macro,SPP1+_Macro,GSM6506114_SP5,0.0,1.0,0.0579964850615114
HSPA6+_Macro,SPP1+_Macro,GSM6506115_SP6,1.0,0.855670103092783,0.574906367041198
HSPA6+_Macro,SPP1+_Macro,GSM6506116_SP7,0.658602150537634,0.662962962962963,0.46694214876033
HSPA6+_Macro,SPP1+_Macro,GSM6506117_SP8,0.161616161616161,0.321428571428571,0.491990846681922
HSPA6+_Macro,SPP1+_Macro,GSM6833484_Patient1,0.408391608391608,0.512129380053908,0.462311557788944
HSPA6+_Macro,SPP1+_Macro,GSM6833485_Patient2,0.0,0.771523178807947,0.25
HSPA6+_Macro,SPP1+_Macro,GSM6833486_Patient3,0.0,0.0,0.305298013245033
HSPA6+_Macro,SPP1+_Macro,GSM6833487_Patient4,0.386873920552677,0.557235421166306,0.449019607843137
HSPA6+_Macro,SPP1+_Macro,GSM7019835_OCCR2v,0.81060606060606,0.729508196721311,0.435064935064935
HSPA6+_Macro,SPP1+_Macro,GSM7019836_OCCS3v,1.0,0.725,0.910299003322259
HSPA6+_Macro,SPP1+_Macro,GSM7058756,0.646596858638743,0.267942583732057,0.43952802359882
HSPA6+_Macro,SPP1+_Macro,GSM7058757,0.631768953068592,0.364238410596026,0.527950310559006
HSPA6+_Macro,SPP1+_Macro,GSM7058758,0.0,1.0,0.628509719222462
HSPA6+_Macro,SPP1+_Macro,GSM7058759,0.109890109890109,0.552941176470588,0.50451467268623
HSPA6+_Macro,SPP1+_Macro,GSM7090086_NextSeq2000,0.488069414316702,1.0,0.833962264150943
HSPA6+_Macro,SPP1+_Macro,GSM7090087_NextSeq2000,1.0,0.97986577181208,0.693577981651376
HSPA6+_Macro,SPP1+_Macro,GSM7090088_NextSeq2000,1.0,1.0,0.404339250493096
HSPA6+_Macro,SPP1+_Macro,GSM7211257_EHU-W3,0.318493150684931,0.601449275362318,0.756798756798756
HSPA6+_Macro,SPP1+_Macro,GSM7421790_PDAC_1,1.0,0.0,0.477406679764243
HSPA6+_Macro,SPP1+_Macro,GSM7421791_PDAC_2,1.0,1.0,0.822660098522167
HSPA6+_Macro,SPP1+_Macro,GSM7421792_PDAC_3,1.0,1.0,0.378378378378378
HSPA6+_Macro,SPP1+_Macro,GSM7498811_SS1905133,0.376712328767123,0.772020725388601,0.707341269841269
HSPA6+_Macro,SPP1+_Macro,GSM7498812_SS1923404,0.84313725490196,0.424242424242424,0.626490066225165
HSPA6+_Macro,SPP1+_Macro,GSM7498813_SS1945070,1.0,0.0,0.474164133738601
HSPA6+_Macro,SPP1+_Macro,GSM7498814_SS1960050,1.0,0.897727272727272,0.29062811565304
HSPA6+_Macro,SPP1+_Macro,GSM7498815_SS2002154,0.565217391304347,0.958904109589041,0.373891001267427
HSPA6+_Macro,SPP1+_Macro,GSM7498816_SS2005094,0.702127659574468,0.752475247524752,0.489482200647249
HSPA6+_Macro,SPP1+_Macro,GSM7498817_SS2021309,0.347368421052631,0.23076923076923,0.370642201834862
HSPA6+_Macro,SPP1+_Macro,GSM7757970_R1-S1,1.0,0.0,0.598529411764705
HSPA6+_Macro,SPP1+_Macro,GSM7757972_R1-S3,,,0.281456953642384
HSPA6+_Macro,SPP1+_Macro,GSM7757973_R1-S4,0.426035502958579,0.393939393939393,0.0276073619631901
HSPA6+_Macro,SPP1+_Macro,GSM7757974_R1-S5,0.0662525879917184,0.0,0.0629590766002098
HSPA6+_Macro,SPP1+_Macro,GSM7757975_R1-S6,0.368312757201646,0.651685393258427,0.282051282051282
HSPA6+_Macro,SPP1+_Macro,GSM7757976_R2-S1,0.379629629629629,0.285714285714285,0.257793764988009
HSPA6+_Macro,SPP1+_Macro,GSM7757977_R2-S2,0.193069306930693,0.323809523809523,0.459845984598459
HSPA6+_Macro,SPP1+_Macro,GSM7757978_R2-S3,0.519280205655527,0.571153846153846,0.159624413145539
HSPA6+_Macro,SPP1+_Macro,GSM7757979_R2-S4,0.23444976076555,1.0,0.324675324675324
HSPA6+_Macro,SPP1+_Macro,GSM7757980_R2-S5,1.0,0.610169491525423,0.421768707482993
HSPA6+_Macro,SPP1+_Macro,GSM7757982_R3-S2,0.346666666666666,0.666666666666666,0.352806414662084
HSPA6+_Macro,SPP1+_Macro,GSM7757983_R3-S3,0.0,1.0,0.279596977329974
HSPA6+_Macro,SPP1+_Macro,GSM7757984_R3-S4,0.471311475409836,0.566298342541436,0.395454545454545
HSPA6+_Macro,SPP1+_Macro,GSM7757985_R3-S5,0.305813953488372,0.989247311827957,0.345744680851063
HSPA6+_Macro,SPP1+_Macro,GSM7777520_A1,,1.0,0.426386233269598
HSPA6+_Macro,SPP1+_Macro,GSM7777521_B1,0.0,0.0,0.857831325301204
HSPA6+_Macro,SPP1+_Macro,GSM7777522_C1,0.304195804195804,0.720930232558139,0.0
HSPA6+_Macro,SPP1+_Macro,GSM7777523_D1,0.0,1.0,0.634615384615384
HSPA6+_Macro,SPP1+_Macro,GSM7850822_CHC20,0.201342281879194,0.0,0.0528301886792452
HSPA6+_Macro,SPP1+_Macro,HCC1R,0.496551724137931,0.49,0.686619718309859
HSPA6+_Macro,SPP1+_Macro,HCC3R,0.596774193548387,0.5625,0.645569620253164
HSPA6+_Macro,SPP1+_Macro,HCC4R,1.0,0.635761589403973,0.290760869565217
HSPA6+_Macro,SPP1+_Macro,HCC6NR,1.0,0.391304347826087,0.319727891156462
HSPA6+_Macro,SPP1+_Macro,HCC7NR,0.725388601036269,0.543624161073825,1.0
HSPA6+_Macro,SPP1+_Macro,HRA000437_HCC-1T,0.363636363636363,1.0,0.279761904761904
HSPA6+_Macro,SPP1+_Macro,HRA000437_HCC-2T,0.4,0.508433734939759,0.357967667436489
HSPA6+_Macro,SPP1+_Macro,HRA000437_HCC-3T,1.0,0.762917933130699,0.383730484798685
HSPA6+_Macro,SPP1+_Macro,HRA000437_HCC-4T,0.275720164609053,0.348258706467661,0.317200297840655
HSPA6+_Macro,SPP1+_Macro,Parent_Visium_Human_BreastCancer_201027,0.548148148148148,0.522417153996101,0.406124093473005
HSPA6+_Macro,SPP1+_Macro,Parent_Visium_Human_ColorectalCancer_201027,0.847133757961783,0.0,0.494053064958828
HSPA6+_Macro,SPP1+_Macro,Parent_Visium_Human_OvarianCancer_201027,0.839863713798977,0.597777777777777,0.579439252336448
HSPA6+_Macro,SPP1+_Macro,S16_43398,0.272727272727272,0.343065693430656,0.391836734693877
HSPA6+_Macro,SPP1+_Macro,S20_47598,0.274881516587677,0.37885462555066,0.155919153031761
HSPA6+_Macro,SPP1+_Macro,S20_61122,0.614035087719298,0.563049853372434,0.238359201773835
HSPA6+_Macro,SPP1+_Macro,S20_63981,0.423631123919308,0.301526717557251,0.34129089301503
HSPA6+_Macro,SPP1+_Macro,S21_10267,0.377265238879736,0.593908629441624,0.225592417061611
HSPA6+_Macro,SPP1+_Macro,SN048_A121573_Rep1,0.885775862068965,0.46551724137931,0.388268156424581
HSPA6+_Macro,SPP1+_Macro,SN048_A121573_Rep2,0.707762557077625,0.240875912408759,0.51673360107095
HSPA6+_Macro,SPP1+_Macro,SN048_A416371_Rep1,0.583333333333333,0.0,0.220055710306406
HSPA6+_Macro,SPP1+_Macro,SN048_A416371_Rep2,1.0,0.0,0.258232235701906
HSPA6+_Macro,SPP1+_Macro,SN123_A551763_Rep1,0.0,0.0,0.379310344827586
HSPA6+_Macro,SPP1+_Macro,SN123_A595688_Rep1,0.71523178807947,0.731092436974789,0.534351145038167
HSPA6+_Macro,SPP1+_Macro,SN123_A938797_Rep1_X,0.0,0.504950495049505,0.430335097001763
HSPA6+_Macro,SPP1+_Macro,SN124_A551763_Rep2,,,0.441935483870967
HSPA6+_Macro,SPP1+_Macro,SN124_A595688_Rep2,1.0,0.0,1.0
HSPA6+_Macro,SPP1+_Macro,SN124_A938797_Rep2,0.33695652173913,0.459016393442622,0.450920245398773
HSPA6+_Macro,SPP1+_Macro,SN84_A120838_Rep1,0.682926829268292,1.0,0.550561797752809
HSPA6+_Macro,SPP1+_Macro,SN84_A120838_Rep2,0.598837209302325,0.4,0.449760765550239
HSPA6+_Macro,SPP1+_Macro,V10F24-015_A1,1.0,0.0,0.295034079844206
HSPA6+_Macro,SPP1+_Macro,V10F24-015_B1,0.0,0.450704225352112,0.266514806378132
HSPA6+_Macro,SPP1+_Macro,V10F24-015_C1,0.867724867724867,0.775862068965517,0.23276836158192
HSPA6+_Macro,SPP1+_Macro,V10F24-015_D1,0.0,1.0,0.272397094430992
HSPA6+_Macro,SPP1+_Macro,V11A20-405_C1,0.468267581475128,0.9009009009009,0.509473684210526
HSPA6+_Macro,SPP1+_Macro,V11A20-405_D1,0.396414342629482,0.6890756302521,0.371287128712871
HSPA6+_Macro,SPP1+_Macro,V11M22-349_C1,0.212765957446808,0.298245614035087,0.338917525773195
HSPA6+_Macro,SPP1+_Macro,V11M22-349_D1,0.947368421052631,0.926605504587156,0.237770193401592
HSPA6+_Macro,SPP1+_Macro,V1_Breast_Cancer_Block_A_Section_2_200623,0.371727748691099,0.246753246753246,0.182188987083616
HSPA6+_Macro,SPP1+_Macro,V1_Human_Invasive_Ductal_Carcinoma_210511,0.327868852459016,0.54054054054054,0.243647234678624
HSPA6+_Macro,SPP1+_Macro,Visium_FFPE_Human_Breast_Cancer_210609,0.580524344569288,0.68,0.769541778975741
HSPA6+_Macro,SPP1+_Macro,Visium_FFPE_Human_Intestinal_Cancer_220329,0.284313725490196,0.693370165745856,0.401032702237521
HSPA6+_Macro,SPP1+_Macro,Visium_FFPE_Human_Ovarian_Cancer_220329,0.619718309859154,0.826879271070615,0.313504823151125
HSPA6+_Macro,SPP1+_Macro,Visium_FFPE_Human_Prostate_Acinar_Cell_Carcinoma_211009,0.78169014084507,0.70754716981132,0.323210412147505
HSPA6+_Macro,SPP1+_Macro,Visium_FFPE_Human_Prostate_Cancer_210609,0.34251968503937,0.786666666666666,0.446572580645161
HSPA6+_Macro,SPP1+_Macro,Visium_FFPE_Human_Prostate_IF_220713,0.794871794871794,0.0,0.393625498007968
HSPA6+_Macro,SPP1+_Macro,Visium_Human_Breast_Cancer_220702,0.585121602288984,0.231155778894472,0.493243243243243
HSPA6+_Macro,SPP1+_Macro,WSSKNKCLsp12140270,0.696969696969697,1.0,0.135135135135135
HSPA6+_Macro,SPP1+_Macro,WSSKNKCLsp12140271,0.447368421052631,0.496688741721854,0.313868613138686
HSPA6+_Macro,SPP1+_Macro,WSSKNKCLsp12140272,1.0,1.0,0.610114192495921
HSPA6+_Macro,SPP1+_Macro,WSSKNKCLsp12140273,1.0,0.0,0.120075046904315
HSPA6+_Macro,SPP1+_Macro,WSSKNKCLsp12887267,1.0,0.234042553191489,0.221030042918454
HSPA6+_Macro,SPP1+_Macro,WSSKNKCLsp12887268,0.0,0.0,0.234636871508379
HSPA6+_Macro,SPP1+_Macro,WSSKNKCLsp12887269,0.401960784313725,0.75,0.0162337662337662
HSPA6+_Macro,SPP1+_Macro,WSSKNKCLsp12887270,,0.0,0.185964912280701
HSPA6+_Macro,SPP1+_Macro,Zenodo10119273_Tumor2,0.407608695652173,0.361702127659574,0.192446043165467
HSPA6+_Macro,SPP1+_Macro,scCRLM_Atlas_ST-colon1,0.373493975903614,0.186868686868686,0.481869460112812
HSPA6+_Macro,SPP1+_Macro,scCRLM_Atlas_ST-colon2,0.0,0.919354838709677,0.335719968178202
HSPA6+_Macro,SPP1+_Macro,scCRLM_Atlas_ST-colon3,0.48076923076923,1.0,0.233766233766233
HSPA6+_Macro,SPP1+_Macro,scCRLM_Atlas_ST-colon4,0.454081632653061,0.645714285714285,0.722388059701492
HSPA6+_Macro,Macro,01_034_C1d1,1.0,0.0,0.557142857142857
HSPA6+_Macro,Macro,01_034_C3d1,0.352078239608801,1.0,0.274193548387096
HSPA6+_Macro,Macro,01_039_C1d1,0.0,0.546511627906976,0.225165562913907
HSPA6+_Macro,Macro,01_039_C3d1,0.296296296296296,0.0,0.221735319894829
HSPA6+_Macro,Macro,1142243F,0.739644970414201,0.588832487309644,0.105030403537866
HSPA6+_Macro,Macro,1160920F,0.37444146559428,0.695390781563126,0.388679245283018
HSPA6+_Macro,Macro,A_955_OvarianTumor,1.0,0.783197831978319,0.475941422594142
HSPA6+_Macro,Macro,A_GTFB1154_OvarianCancerTumor,0.0,1.0,0.586503067484662
HSPA6+_Macro,Macro,Ajou_Visium_P1,0.8125,0.872964169381107,0.483506126295947
HSPA6+_Macro,Macro,Ajou_Visium_P2,0.70958904109589,0.468531468531468,0.638386648122392
HSPA6+_Macro,Macro,Ajou_Visium_P3,,,0.53781512605042
HSPA6+_Macro,Macro,Ajou_Visium_P4,0.898876404494382,0.704918032786885,0.430884184308841
HSPA6+_Macro,Macro,B_GTFB1191_OvarianCancerTumor,0.717557251908396,0.66875,0.250663129973474
HSPA6+_Macro,Macro,CID4290,1.0,0.94776119402985,0.341111111111111
HSPA6+_Macro,Macro,CID4465,0.594059405940594,0.890322580645161,0.464285714285714
HSPA6+_Macro,Macro,CID44971,1.0,0.390728476821192,0.615526802218114
HSPA6+_Macro,Macro,CID4535,0.393617021276595,0.621212121212121,0.471571906354515
HSPA6+_Macro,Macro,C_GTFB1170_SmallCellOvarianCancer,1.0,0.892857142857142,0.694366197183098
HSPA6+_Macro,Macro,Colon_10x_Visium_SampleP2_CRC,0.199817518248175,0.640625,0.316521739130434
HSPA6+_Macro,Macro,CytAssist_11mm_FFPE_Human_Lung_Cancer_230214,0.297709923664122,0.465266558966074,0.464183381088825
HSPA6+_Macro,Macro,CytAssist_11mm_FFPE_Human_Ovarian_Carcinoma_220715,0.672955974842767,0.94017094017094,0.376699029126213
HSPA6+_Macro,Macro,CytAssist_FFPE_Human_Lung_Squamous_Cell_Carcinoma_220714,0.365193868349864,0.626,0.820121951219512
HSPA6+_Macro,Macro,CytAssist_Fresh_Frozen_Human_Breast_Cancer_230107,0.515625,0.605911330049261,0.631578947368421
HSPA6+_Macro,Macro,D_GTFB1170_SmallCellOvarianCancer,0.743362831858407,0.46875,0.813725490196078
HSPA6+_Macro,Macro,D_GTFB_1230_OvarianTumor,0.0,1.0,0.463706233988044
HSPA6+_Macro,Macro,E_MTAB_13530_P10_T1,0.380851063829787,0.507299270072992,0.478260869565217
HSPA6+_Macro,Macro,E_MTAB_13530_P10_T2,0.542553191489361,0.535714285714285,0.375854214123006
HSPA6+_Macro,Macro,E_MTAB_13530_P10_T3,0.597633136094674,0.0,0.224018475750577
HSPA6+_Macro,Macro,E_MTAB_13530_P10_T4,0.180327868852459,0.433962264150943,0.523465703971119
HSPA6+_Macro,Macro,E_MTAB_13530_P11_T1,0.575949367088607,0.294520547945205,0.408450704225352
HSPA6+_Macro,Macro,E_MTAB_13530_P11_T2,0.693877551020408,0.421383647798742,0.0461095100864553
HSPA6+_Macro,Macro,E_MTAB_13530_P11_T3,0.0,0.0,0.202380952380952
HSPA6+_Macro,Macro,E_MTAB_13530_P11_T4,0.0,0.0,0.487544483985765
HSPA6+_Macro,Macro,E_MTAB_13530_P15_T1,0.433734939759036,0.332558139534883,0.602739726027397
HSPA6+_Macro,Macro,E_MTAB_13530_P15_T2,0.463829787234042,0.430635838150289,0.537853107344632
HSPA6+_Macro,Macro,E_MTAB_13530_P16_T1,1.0,0.711864406779661,0.492816091954023
HSPA6+_Macro,Macro,E_MTAB_13530_P16_T2,0.0,0.307692307692307,0.412780656303972
HSPA6+_Macro,Macro,E_MTAB_13530_P17_T1,0.742307692307692,0.392461197339246,0.430668841761827
HSPA6+_Macro,Macro,E_MTAB_13530_P17_T2,0.635273972602739,0.355871886120996,0.435344827586206
HSPA6+_Macro,Macro,E_MTAB_13530_P19_T1,0.233115468409586,0.252577319587628,0.278145695364238
HSPA6+_Macro,Macro,E_MTAB_13530_P19_T2,0.269550748752079,0.465011286681715,0.320987654320987
HSPA6+_Macro,Macro,E_MTAB_13530_P24_T1,0.269662921348314,0.0,0.385285575992255
HSPA6+_Macro,Macro,E_MTAB_13530_P24_T2,0.427631578947368,0.695067264573991,0.499415204678362
HSPA6+_Macro,Macro,E_MTAB_13530_P25_T1,0.361990950226244,0.630136986301369,0.678466076696165
HSPA6+_Macro,Macro,E_MTAB_13530_P25_T2,1.0,0.88095238095238,0.367892976588628
HSPA6+_Macro,Macro,GSE144239_GSM4565823,0.0,0.0,0.352803738317757
HSPA6+_Macro,Macro,GSE144239_GSM4565824,0.0,,0.244210526315789
HSPA6+_Macro,Macro,GSE144239_GSM4565825,0.356890459363957,0.855555555555555,0.162162162162162
HSPA6+_Macro,Macro,GSE144239_GSM4565826,1.0,0.0,0.253697383390216
HSPA6+_Macro,Macro,GSE251950_20_00331_LI_SING,0.594955489614243,0.778378378378378,0.434389140271493
HSPA6+_Macro,Macro,GSE251950_21_00731_LI_SING,0.398058252427184,0.722772277227722,0.231884057971014
HSPA6+_Macro,Macro,GSE251950_21_00732_LI_SING,0.346613545816733,1.0,0.449297971918876
HSPA6+_Macro,Macro,GSE251950_21_00733_LI_SING,0.0,0.686813186813186,0.328990228013029
HSPA6+_Macro,Macro,GSE251950_21_00734_LI_SING,0.520430107526881,0.099502487562189,0.310126582278481
HSPA6+_Macro,Macro,GSE251950_21_01251_LI_SING,0.397790055248618,0.821989528795811,0.487518355359765
HSPA6+_Macro,Macro,GSE251950_21_01253_LI_SING,0.947976878612716,0.295454545454545,0.466819221967963
HSPA6+_Macro,Macro,GSE251950_21_01254_LI_SING,0.414772727272727,0.963470319634703,0.714285714285714
HSPA6+_Macro,Macro,GSE251950_21_01675_LI_SING,0.375,0.417840375586854,0.453828828828828
HSPA6+_Macro,Macro,GSM5494475_HNSCC201125T04,1.0,1.0,0.588235294117647
HSPA6+_Macro,Macro,GSM5494476_HNSCC201125T05,0.442675159235668,0.892473118279569,0.779026217228464
HSPA6+_Macro,Macro,GSM5494477_HNSCC201125T07,0.0,0.0,0.378
HSPA6+_Macro,Macro,GSM5494478_HNSCC201125T10,0.0,1.0,0.214876033057851
HSPA6+_Macro,Macro,GSM5494479_P210325T1,,0.0,0.384742951907131
HSPA6+_Macro,Macro,GSM5494480_P210325T3,0.0,0.878787878787878,0.563510392609699
HSPA6+_Macro,Macro,GSM5494481_P210325T5,0.0,0.0,0.542372881355932
HSPA6+_Macro,Macro,GSM5494482_P210325T6,0.0,0.0,0.54375
HSPA6+_Macro,Macro,GSM5924030_ffpe_c_2,0.733067729083665,0.802083333333333,0.805653710247349
HSPA6+_Macro,Macro,GSM5924031_ffpe_c_3,0.495961227786752,0.629139072847682,0.540364583333333
HSPA6+_Macro,Macro,GSM5924032_ffpe_c_4,0.384335154826958,0.614525139664804,0.486552567237163
HSPA6+_Macro,Macro,GSM5924033_ffpe_c_7,0.563157894736842,0.5920245398773,0.641728134878819
HSPA6+_Macro,Macro,GSM5924034_ffpe_c_10,0.4126213592233,1.0,0.387517146776406
HSPA6+_Macro,Macro,GSM5924035_ffpe_c_20,0.444690265486725,0.600451467268623,0.523909985935302
HSPA6+_Macro,Macro,GSM5924036_ffpe_c_21,0.645228215767634,0.694029850746268,0.390275952693823
HSPA6+_Macro,Macro,GSM5924037_ffpe_c_34,0.50314465408805,1.0,0.7003367003367
HSPA6+_Macro,Macro,GSM5924038_ffpe_c_36,0.552941176470588,0.833333333333333,0.391581632653061
HSPA6+_Macro,Macro,GSM5924039_ffpe_c_39,0.581196581196581,0.588075880758807,0.500978473581213
HSPA6+_Macro,Macro,GSM5924040_ffpe_c_45,0.623773173391494,0.880239520958083,0.467561521252796
HSPA6+_Macro,Macro,GSM5924041_ffpe_c_51,0.273318872017353,0.366013071895424,0.420275590551181
HSPA6+_Macro,Macro,GSM5924042_frozen_a_1,0.987012987012987,0.0,0.57002457002457
HSPA6+_Macro,Macro,GSM5924043_frozen_a_3,0.353909465020576,0.20754716981132,0.212903225806451
HSPA6+_Macro,Macro,GSM5924044_frozen_a_15,0.314685314685314,0.977011494252873,0.802298850574712
HSPA6+_Macro,Macro,GSM5924045_frozen_a_17,0.0,1.0,0.471724137931034
HSPA6+_Macro,Macro,GSM5924046_frozen_b_1,0.960526315789473,0.0,0.673282442748091
HSPA6+_Macro,Macro,GSM5924048_frozen_b_13,0.65,0.0,0.610942249240121
HSPA6+_Macro,Macro,GSM5924049_frozen_b_18,0.888888888888888,0.0,0.745614035087719
HSPA6+_Macro,Macro,GSM5924050_frozen_c_2,0.852941176470588,0.0,0.235197368421052
HSPA6+_Macro,Macro,GSM5924051_frozen_c_5,1.0,1.0,0.523026315789473
HSPA6+_Macro,Macro,GSM5924052_frozen_c_23,0.536796536796536,0.644444444444444,0.468085106382978
HSPA6+_Macro,Macro,GSM5924053_frozen_c_57,,0.0,0.675757575757575
HSPA6+_Macro,Macro,GSM6030901_patient_1,0.673267326732673,1.0,0.768488745980707
HSPA6+_Macro,Macro,GSM6030902_patient_2,1.0,0.523076923076923,0.845652173913043
HSPA6+_Macro,Macro,GSM6177599_NYU_BRCA0_Vis,0.357142857142857,0.567226890756302,0.426906779661016
HSPA6+_Macro,Macro,GSM6177603_NYU_BRCA2_Vis,0.564516129032258,0.430656934306569,0.286337209302325
HSPA6+_Macro,Macro,GSM6177607_NYU_GIST1_Vis,1.0,0.524822695035461,0.595911949685534
HSPA6+_Macro,Macro,GSM6177609_NYU_GIST2_Vis,,,0.528832630098452
HSPA6+_Macro,Macro,GSM6177612_NYU_LIHC1_Vis,1.0,1.0,0.65034965034965
HSPA6+_Macro,Macro,GSM6177614_NYU_OVCA1_Vis,0.616666666666666,0.75,0.81094527363184
HSPA6+_Macro,Macro,GSM6177617_NYU_OVCA3_Vis,0.802631578947368,0.478260869565217,0.558739255014326
HSPA6+_Macro,Macro,GSM6177618_NYU_PDAC1_Vis,0.81578947368421,0.379182156133829,0.374732334047109
HSPA6+_Macro,Macro,GSM6177623_NYU_UCEC3_Vis,0.618867924528301,0.297872340425531,0.64516129032258
HSPA6+_Macro,Macro,GSM6339631_s1,0.0,0.0,0.354609929078014
HSPA6+_Macro,Macro,GSM6339632_s2,0.427397260273972,0.547619047619047,0.371921182266009
HSPA6+_Macro,Macro,GSM6339633_s3,0.600985221674876,0.702702702702702,0.793893129770992
HSPA6+_Macro,Macro,GSM6339634_s4,0.0,0.0,0.347619047619047
HSPA6+_Macro,Macro,GSM6339635_s5,1.0,0.612244897959183,0.100213219616204
HSPA6+_Macro,Macro,GSM6339636_s6,0.0,0.0,0.1284046692607
HSPA6+_Macro,Macro,GSM6339637_s7,,,0.390184049079754
HSPA6+_Macro,Macro,GSM6339638_s8,,0.0,0.496790757381258
HSPA6+_Macro,Macro,GSM6339639_s9,,0.0,0.293508936970837
HSPA6+_Macro,Macro,GSM6339640_s10,1.0,1.0,0.643550624133148
HSPA6+_Macro,Macro,GSM6339641_s11,1.0,0.9375,0.0290858725761772
HSPA6+_Macro,Macro,GSM6339642_s12,0.581699346405228,0.98076923076923,0.384083044982698
HSPA6+_Macro,Macro,GSM6433585_092A,0.470588235294117,0.0,0.50110864745011
HSPA6+_Macro,Macro,GSM6433586_092B,0.0,0.0,0.196159122085048
HSPA6+_Macro,Macro,GSM6433587_093A,0.699530516431924,0.240963855421686,0.252293577981651
HSPA6+_Macro,Macro,GSM6433588_093B,0.35016835016835,0.134328358208955,1.0
HSPA6+_Macro,Macro,GSM6433589_093C,0.621890547263681,0.591145833333333,0.422273781902552
HSPA6+_Macro,Macro,GSM6433590_093D,0.742268041237113,0.709677419354838,0.405217391304347
HSPA6+_Macro,Macro,GSM6433591_094A,,0.0,0.21639344262295
HSPA6+_Macro,Macro,GSM6433592_094B,0.365296803652968,0.495238095238095,0.303896103896103
HSPA6+_Macro,Macro,GSM6433593_094C,0.33048433048433,0.653061224489795,0.202602230483271
HSPA6+_Macro,Macro,GSM6433594_094D,1.0,0.317073170731707,0.232815964523281
HSPA6+_Macro,Macro,GSM6433595_095A,0.247311827956989,0.0,0.491124260355029
HSPA6+_Macro,Macro,GSM6433596_095B,1.0,1.0,0.461538461538461
HSPA6+_Macro,Macro,GSM6433597_117B,0.0,0.406976744186046,0.19501133786848
HSPA6+_Macro,Macro,GSM6433598_117C,0.327731092436974,0.564245810055865,0.220238095238095
HSPA6+_Macro,Macro,GSM6433599_117D,0.383474576271186,0.197841726618705,0.34087694483734
HSPA6+_Macro,Macro,GSM6433600_117E,0.293617021276595,1.0,1.0
HSPA6+_Macro,Macro,GSM6433601_118B,0.657534246575342,0.0,0.121546961325966
HSPA6+_Macro,Macro,GSM6433602_118C,0.0,0.771428571428571,0.147668393782383
HSPA6+_Macro,Macro,GSM6433603_118D,1.0,0.540983606557377,0.15274949083503
HSPA6+_Macro,Macro,GSM6433604_118E,0.114754098360655,0.527472527472527,0.340823970037453
HSPA6+_Macro,Macro,GSM6433605_119B,0.0,0.0,0.110465116279069
HSPA6+_Macro,Macro,GSM6433606_119C,0.0,0.292682926829268,0.197014925373134
HSPA6+_Macro,Macro,GSM6433607_119D,0.586206896551724,0.0,0.489010989010989
HSPA6+_Macro,Macro,GSM6433608_119E,0.600790513833992,0.60204081632653,0.310418904403866
HSPA6+_Macro,Macro,GSM6433609_120B,0.620155038759689,0.689320388349514,0.703539823008849
HSPA6+_Macro,Macro,GSM6433610_120C,0.272425249169435,1.0,0.238317757009345
HSPA6+_Macro,Macro,GSM6433611_120D,0.728,0.392156862745098,0.694767441860465
HSPA6+_Macro,Macro,GSM6433612_120E,,1.0,0.419540229885057
HSPA6+_Macro,Macro,GSM6433613_395A,0.603260869565217,0.0,0.382749326145552
HSPA6+_Macro,Macro,GSM6433614_395B,0.0,0.0,0.388888888888888
HSPA6+_Macro,Macro,GSM6433615_395C,1.0,0.0,0.389067524115755
HSPA6+_Macro,Macro,GSM6433616_395D,1.0,1.0,0.767441860465116
HSPA6+_Macro,Macro,GSM6433617_396A,0.0,0.0,0.206703910614525
HSPA6+_Macro,Macro,GSM6433618_396C,0.259259259259259,0.0,0.227129337539432
HSPA6+_Macro,Macro,GSM6433619_396D,0.517857142857142,0.671875,0.269172932330827
HSPA6+_Macro,Macro,GSM6433620_397A,0.81,0.50943396226415,0.124434389140271
HSPA6+_Macro,Macro,GSM6433621_397B,0.441717791411042,1.0,0.0
HSPA6+_Macro,Macro,GSM6433622_397C,0.147286821705426,0.401360544217687,0.462025316455696
HSPA6+_Macro,Macro,GSM6433623_397D,0.0,0.0,0.420382165605095
HSPA6+_Macro,Macro,GSM6433624_398A,0.768844221105527,0.0,0.370588235294117
HSPA6+_Macro,Macro,GSM6433625_398B,1.0,0.689655172413793,0.202453987730061
HSPA6+_Macro,Macro,GSM6433626_398C,,0.0,0.87828947368421
HSPA6+_Macro,Macro,GSM6433627_398D,1.0,0.413793103448275,0.118457300275482
HSPA6+_Macro,Macro,GSM6505133_DonorA,0.0,0.715189873417721,0.678571428571428
HSPA6+_Macro,Macro,GSM6505134_DonorB,0.556291390728476,0.681528662420382,0.364597093791281
HSPA6+_Macro,Macro,GSM6505135_DonorC,0.453061224489795,0.661538461538461,0.36280487804878
HSPA6+_Macro,Macro,GSM6506110_SP1,0.596385542168674,0.542124542124542,0.609004739336492
HSPA6+_Macro,Macro,GSM6506111_SP2,0.0,0.0,0.594272076372315
HSPA6+_Macro,Macro,GSM6506112_SP3,1.0,1.0,0.75
HSPA6+_Macro,Macro,GSM6506113_SP4,0.917910447761194,0.734375,0.179163378058405
HSPA6+_Macro,Macro,GSM6506114_SP5,0.0,1.0,0.19108280254777
HSPA6+_Macro,Macro,GSM6506115_SP6,1.0,0.484536082474226,0.84870848708487
HSPA6+_Macro,Macro,GSM6506116_SP7,0.768,0.722222222222222,0.393142857142857
HSPA6+_Macro,Macro,GSM6506117_SP8,0.836363636363636,0.6625,0.442528735632183
HSPA6+_Macro,Macro,GSM6833484_Patient1,0.359701492537313,0.529085872576177,0.561327561327561
HSPA6+_Macro,Macro,GSM6833485_Patient2,0.0,0.58955223880597,0.309734513274336
HSPA6+_Macro,Macro,GSM6833486_Patient3,0.0,0.0,0.329733163913595
HSPA6+_Macro,Macro,GSM6833487_Patient4,0.368421052631578,0.755447941888619,0.693264248704663
HSPA6+_Macro,Macro,GSM7019835_OCCR2v,0.916666666666666,0.61437908496732,0.423694779116465
HSPA6+_Macro,Macro,GSM7019836_OCCS3v,0.734042553191489,0.434210526315789,0.695530726256983
HSPA6+_Macro,Macro,GSM7058756,0.754257907542579,0.975903614457831,0.685543964232488
HSPA6+_Macro,Macro,GSM7058757,0.610223642172524,0.637096774193548,0.633371169125993
HSPA6+_Macro,Macro,GSM7058758,0.0,1.0,0.653979238754325
HSPA6+_Macro,Macro,GSM7058759,1.0,0.75,0.170464904284412
HSPA6+_Macro,Macro,GSM7090086_NextSeq2000,0.61630695443645,1.0,0.478005865102639
HSPA6+_Macro,Macro,GSM7090087_NextSeq2000,1.0,0.97986577181208,0.587121212121212
HSPA6+_Macro,Macro,GSM7090088_NextSeq2000,1.0,1.0,0.321814254859611
HSPA6+_Macro,Macro,GSM7211257_EHU-W3,0.124763705103969,0.0205761316872428,0.19367816091954
HSPA6+_Macro,Macro,GSM7421790_PDAC_1,1.0,0.0,0.325281803542673
HSPA6+_Macro,Macro,GSM7421791_PDAC_2,1.0,1.0,0.622710622710622
HSPA6+_Macro,Macro,GSM7421792_PDAC_3,1.0,1.0,0.458874458874458
HSPA6+_Macro,Macro,GSM7498811_SS1905133,0.307262569832402,0.701834862385321,0.451292246520874
HSPA6+_Macro,Macro,GSM7498812_SS1923404,0.735849056603773,0.106060606060606,0.668055555555555
HSPA6+_Macro,Macro,GSM7498813_SS1945070,0.0,0.0,0.348739495798319
HSPA6+_Macro,Macro,GSM7498814_SS1960050,0.0,0.898876404494382,0.465155331654072
HSPA6+_Macro,Macro,GSM7498815_SS2002154,0.48491879350348,0.944444444444444,0.321078431372549
HSPA6+_Macro,Macro,GSM7498816_SS2005094,0.307692307692307,0.757575757575757,0.752054794520547
HSPA6+_Macro,Macro,GSM7498817_SS2021309,1.0,1.0,0.311852704257767
HSPA6+_Macro,Macro,GSM7757970_R1-S1,1.0,0.0,0.503681885125184
HSPA6+_Macro,Macro,GSM7757972_R1-S3,,,0.233333333333333
HSPA6+_Macro,Macro,GSM7757973_R1-S4,0.237918215613382,0.578616352201257,0.169546436285097
HSPA6+_Macro,Macro,GSM7757974_R1-S5,0.147113594040968,0.0,0.0
HSPA6+_Macro,Macro,GSM7757975_R1-S6,0.25660964230171,0.233870967741935,0.229461756373937
HSPA6+_Macro,Macro,GSM7757976_R2-S1,0.533088235294117,0.395939086294416,0.329225352112676
HSPA6+_Macro,Macro,GSM7757977_R2-S2,0.0,0.503937007874015,0.557142857142857
HSPA6+_Macro,Macro,GSM7757978_R2-S3,0.853658536585365,0.627586206896551,0.472370766488413
HSPA6+_Macro,Macro,GSM7757979_R2-S4,0.238095238095238,1.0,0.513513513513513
HSPA6+_Macro,Macro,GSM7757980_R2-S5,0.0,0.0,0.384046052631578
HSPA6+_Macro,Macro,GSM7757982_R3-S2,0.623655913978494,0.638888888888888,0.530805687203791
HSPA6+_Macro,Macro,GSM7757983_R3-S3,0.0,1.0,0.290322580645161
HSPA6+_Macro,Macro,GSM7757984_R3-S4,0.312236286919831,0.402234636871508,0.525798525798525
HSPA6+_Macro,Macro,GSM7757985_R3-S5,0.462745098039215,0.88095238095238,0.798927613941018
HSPA6+_Macro,Macro,GSM7777520_A1,,1.0,0.52433628318584
HSPA6+_Macro,Macro,GSM7777521_B1,0.0,0.0,0.773218142548596
HSPA6+_Macro,Macro,GSM7777522_C1,0.342507645259938,1.0,0.0
HSPA6+_Macro,Macro,GSM7777523_D1,0.0,1.0,0.581761006289308
HSPA6+_Macro,Macro,GSM7850822_CHC20,0.271428571428571,1.0,0.124064171122994
HSPA6+_Macro,Macro,HCC1R,0.397101449275362,1.0,0.682779456193353
HSPA6+_Macro,Macro,HCC3R,0.488095238095238,1.0,0.58133971291866
HSPA6+_Macro,Macro,HCC4R,1.0,1.0,0.374880153403643
HSPA6+_Macro,Macro,HCC6NR,1.0,0.432748538011695,0.382739212007504
HSPA6+_Macro,Macro,HCC7NR,0.767857142857142,0.426991150442477,1.0
HSPA6+_Macro,Macro,HRA000437_HCC-1T,0.311688311688311,0.490566037735849,0.656514382402707
HSPA6+_Macro,Macro,HRA000437_HCC-2T,0.429859719438877,0.500586166471277,0.575757575757575
HSPA6+_Macro,Macro,HRA000437_HCC-3T,0.307692307692307,0.689102564102564,0.364877161055505
HSPA6+_Macro,Macro,HRA000437_HCC-4T,0.340101522842639,0.435643564356435,0.378654970760233
HSPA6+_Macro,Macro,Parent_Visium_Human_BreastCancer_201027,0.832402234636871,0.47153024911032,0.653664302600472
HSPA6+_Macro,Macro,Parent_Visium_Human_ColorectalCancer_201027,0.901234567901234,1.0,0.615300546448087
HSPA6+_Macro,Macro,Parent_Visium_Human_OvarianCancer_201027,0.931688804554079,0.509761388286334,0.355633802816901
HSPA6+_Macro,Macro,S16_43398,0.896296296296296,0.357664233576642,0.389880952380952
HSPA6+_Macro,Macro,S20_47598,0.251677852348993,0.441666666666666,0.384293193717277
HSPA6+_Macro,Macro,S20_61122,0.612244897959183,0.468446601941747,0.224330357142857
HSPA6+_Macro,Macro,S20_63981,0.498591549295774,0.49099099099099,0.372365339578454
HSPA6+_Macro,Macro,S21_10267,0.360601001669449,0.91860465116279,0.611764705882353
HSPA6+_Macro,Macro,SN048_A121573_Rep1,0.627737226277372,0.934065934065934,0.584352078239608
HSPA6+_Macro,Macro,SN048_A121573_Rep2,1.0,1.0,0.71850699844479
HSPA6+_Macro,Macro,SN048_A416371_Rep1,0.46875,0.0,0.633027522935779
HSPA6+_Macro,Macro,SN048_A416371_Rep2,1.0,0.0,0.60310421286031
HSPA6+_Macro,Macro,SN123_A551763_Rep1,1.0,0.0,0.680161943319838
HSPA6+_Macro,Macro,SN123_A595688_Rep1,0.933774834437086,0.31060606060606,0.50314465408805
HSPA6+_Macro,Macro,SN123_A938797_Rep1_X,1.0,0.532608695652174,0.540630182421227
HSPA6+_Macro,Macro,SN124_A551763_Rep2,,,0.374683544303797
HSPA6+_Macro,Macro,SN124_A595688_Rep2,1.0,1.0,1.0
HSPA6+_Macro,Macro,SN124_A938797_Rep2,0.913043478260869,0.543859649122807,0.257035647279549
HSPA6+_Macro,Macro,SN84_A120838_Rep1,1.0,1.0,0.779816513761467
HSPA6+_Macro,Macro,SN84_A120838_Rep2,1.0,0.448087431693989,0.515151515151515
HSPA6+_Macro,Macro,V10F24-015_A1,1.0,0.0,0.267217630853994
HSPA6+_Macro,Macro,V10F24-015_B1,1.0,0.834782608695652,0.186422413793103
HSPA6+_Macro,Macro,V10F24-015_C1,0.941860465116279,0.735632183908046,0.148491879350348
HSPA6+_Macro,Macro,V10F24-015_D1,0.0,0.717171717171717,0.238888888888888
HSPA6+_Macro,Macro,V11A20-405_C1,0.481236203090507,0.445544554455445,0.478873239436619
HSPA6+_Macro,Macro,V11A20-405_D1,0.47338403041825,0.848484848484848,0.277834525025536
HSPA6+_Macro,Macro,V11M22-349_C1,0.339130434782608,0.765714285714285,0.140811455847255
HSPA6+_Macro,Macro,V11M22-349_D1,0.6,0.352941176470588,0.356929212362911
HSPA6+_Macro,Macro,V1_Breast_Cancer_Block_A_Section_2_200623,0.371727748691099,0.239669421487603,0.220324508966695
HSPA6+_Macro,Macro,V1_Human_Invasive_Ductal_Carcinoma_210511,0.386363636363636,0.225225225225225,0.2782131661442
HSPA6+_Macro,Macro,Visium_FFPE_Human_Breast_Cancer_210609,0.617529880478087,0.603174603174603,0.627027027027027
HSPA6+_Macro,Macro,Visium_FFPE_Human_Intestinal_Cancer_220329,0.5625,0.37122969837587,0.483974358974359
HSPA6+_Macro,Macro,Visium_FFPE_Human_Ovarian_Cancer_220329,0.566355140186915,0.682403433476394,0.386075949367088
HSPA6+_Macro,Macro,Visium_FFPE_Human_Prostate_Acinar_Cell_Carcinoma_211009,0.609929078014184,0.34074074074074,0.265917602996254
HSPA6+_Macro,Macro,Visium_FFPE_Human_Prostate_Cancer_210609,0.418560606060606,0.54054054054054,0.310150375939849
HSPA6+_Macro,Macro,Visium_FFPE_Human_Prostate_IF_220713,0.452991452991453,0.456521739130434,0.419463087248322
HSPA6+_Macro,Macro,Visium_Human_Breast_Cancer_220702,0.695024077046549,0.412820512820512,0.484186746987951
HSPA6+_Macro,Macro,WSSKNKCLsp12140270,1.0,0.0,0.353503184713375
HSPA6+_Macro,Macro,WSSKNKCLsp12140271,0.0,0.635761589403973,0.227799227799227
HSPA6+_Macro,Macro,WSSKNKCLsp12140272,1.0,1.0,0.635578583765112
HSPA6+_Macro,Macro,WSSKNKCLsp12140273,1.0,0.0,0.155677655677655
HSPA6+_Macro,Macro,WSSKNKCLsp12887267,1.0,0.0,0.548387096774193
HSPA6+_Macro,Macro,WSSKNKCLsp12887268,1.0,0.0,0.238095238095238
HSPA6+_Macro,Macro,WSSKNKCLsp12887269,1.0,0.0,0.0519480519480519
HSPA6+_Macro,Macro,WSSKNKCLsp12887270,,0.0,0.247311827956989
HSPA6+_Macro,Macro,Zenodo10119273_Tumor2,0.558011049723756,0.752066115702479,0.6125
HSPA6+_Macro,Macro,scCRLM_Atlas_ST-colon1,0.785714285714285,0.554140127388535,0.696202531645569
HSPA6+_Macro,Macro,scCRLM_Atlas_ST-colon2,0.0,0.982758620689655,0.515936254980079
HSPA6+_Macro,Macro,scCRLM_Atlas_ST-colon3,0.850961538461538,1.0,0.621726479146459
HSPA6+_Macro,Macro,scCRLM_Atlas_ST-colon4,0.531172069825436,0.937142857142857,0.611776447105788
HSPA6+_Macro,SPP1+_cycMacro,01_034_C1d1,1.0,0.0,0.537671232876712
HSPA6+_Macro,SPP1+_cycMacro,01_034_C3d1,0.224543080939947,0.373134328358209,0.274193548387096
HSPA6+_Macro,SPP1+_cycMacro,01_039_C1d1,0.0,0.63953488372093,0.280155642023346
HSPA6+_Macro,SPP1+_cycMacro,01_039_C3d1,0.081967213114754,0.0,0.219298245614035
HSPA6+_Macro,SPP1+_cycMacro,1142243F,0.904,0.590243902439024,0.0786163522012578
HSPA6+_Macro,SPP1+_cycMacro,1160920F,0.286091549295774,0.770623742454728,0.518159806295399
HSPA6+_Macro,SPP1+_cycMacro,A_955_OvarianTumor,1.0,0.770666666666666,0.568647540983606
HSPA6+_Macro,SPP1+_cycMacro,A_GTFB1154_OvarianCancerTumor,0.0,0.410112359550561,0.533178114086146
HSPA6+_Macro,SPP1+_cycMacro,Ajou_Visium_P1,0.869281045751634,0.911262798634812,0.590118938700823
HSPA6+_Macro,SPP1+_cycMacro,Ajou_Visium_P2,0.580645161290322,0.578231292517006,0.61528326745718
HSPA6+_Macro,SPP1+_cycMacro,Ajou_Visium_P3,,,0.688668866886688
HSPA6+_Macro,SPP1+_cycMacro,Ajou_Visium_P4,0.951367781155015,0.785,0.647727272727272
HSPA6+_Macro,SPP1+_cycMacro,B_GTFB1191_OvarianCancerTumor,0.654929577464788,0.682291666666666,0.286419753086419
HSPA6+_Macro,SPP1+_cycMacro,CID4290,1.0,0.94776119402985,0.441618497109826
HSPA6+_Macro,SPP1+_cycMacro,CID4465,0.283687943262411,0.521052631578947,0.493261455525606
HSPA6+_Macro,SPP1+_cycMacro,CID44971,0.830985915492957,0.406896551724137,0.493150684931506
HSPA6+_Macro,SPP1+_cycMacro,CID4535,0.549019607843137,0.976190476190476,0.496621621621621
HSPA6+_Macro,SPP1+_cycMacro,C_GTFB1170_SmallCellOvarianCancer,1.0,0.730434782608695,0.787786259541984
HSPA6+_Macro,SPP1+_cycMacro,Colon_10x_Visium_SampleP2_CRC,0.243566176470588,0.344117647058823,0.59626168224299
HSPA6+_Macro,SPP1+_cycMacro,CytAssist_11mm_FFPE_Human_Lung_Cancer_230214,0.403225806451612,0.734251968503937,0.357050452781371
HSPA6+_Macro,SPP1+_cycMacro,CytAssist_11mm_FFPE_Human_Ovarian_Carcinoma_220715,0.73224043715847,0.947826086956521,0.410596026490066
HSPA6+_Macro,SPP1+_cycMacro,CytAssist_FFPE_Human_Lung_Squamous_Cell_Carcinoma_220714,0.422644770959377,0.525,0.503401360544217
HSPA6+_Macro,SPP1+_cycMacro,CytAssist_Fresh_Frozen_Human_Breast_Cancer_230107,0.526960784313725,0.727699530516431,0.678111587982832
HSPA6+_Macro,SPP1+_cycMacro,D_GTFB1170_SmallCellOvarianCancer,0.532307692307692,1.0,0.659090909090909
HSPA6+_Macro,SPP1+_cycMacro,D_GTFB_1230_OvarianTumor,0.0,1.0,0.438543247344461
HSPA6+_Macro,SPP1+_cycMacro,E_MTAB_13530_P10_T1,0.445,0.555970149253731,0.496197718631178
HSPA6+_Macro,SPP1+_cycMacro,E_MTAB_13530_P10_T2,0.373015873015873,0.589285714285714,0.345177664974619
HSPA6+_Macro,SPP1+_cycMacro,E_MTAB_13530_P10_T3,0.785714285714285,0.0,0.333333333333333
HSPA6+_Macro,SPP1+_cycMacro,E_MTAB_13530_P10_T4,0.0,0.422727272727272,0.470672389127324
HSPA6+_Macro,SPP1+_cycMacro,E_MTAB_13530_P11_T1,0.151515151515151,0.555555555555555,0.329870129870129
HSPA6+_Macro,SPP1+_cycMacro,E_MTAB_13530_P11_T2,0.306122448979591,0.52112676056338,0.0847058823529411
HSPA6+_Macro,SPP1+_cycMacro,E_MTAB_13530_P11_T3,0.784313725490196,0.0,0.419795221843003
HSPA6+_Macro,SPP1+_cycMacro,E_MTAB_13530_P11_T4,1.0,0.0,0.556719022687609
HSPA6+_Macro,SPP1+_cycMacro,E_MTAB_13530_P15_T1,0.406015037593984,0.413566739606126,0.641655886157826
HSPA6+_Macro,SPP1+_cycMacro,E_MTAB_13530_P15_T2,0.700440528634361,0.571428571428571,0.558411214953271
HSPA6+_Macro,SPP1+_cycMacro,E_MTAB_13530_P16_T1,0.346820809248554,0.47191011235955,0.430311231393775
HSPA6+_Macro,SPP1+_cycMacro,E_MTAB_13530_P16_T2,0.0,0.369230769230769,0.337152209492635
HSPA6+_Macro,SPP1+_cycMacro,E_MTAB_13530_P17_T1,0.469491525423728,0.504878048780487,0.595015576323987
HSPA6+_Macro,SPP1+_cycMacro,E_MTAB_13530_P17_T2,0.735395189003436,0.495398773006135,0.397463002114164
HSPA6+_Macro,SPP1+_cycMacro,E_MTAB_13530_P19_T1,0.393592677345537,0.287383177570093,0.264750378214826
HSPA6+_Macro,SPP1+_cycMacro,E_MTAB_13530_P19_T2,0.389830508474576,0.53076923076923,0.525573192239858
HSPA6+_Macro,SPP1+_cycMacro,E_MTAB_13530_P24_T1,0.234042553191489,0.0,0.300572519083969
HSPA6+_Macro,SPP1+_cycMacro,E_MTAB_13530_P24_T2,0.242647058823529,0.312056737588652,0.369154228855721
HSPA6+_Macro,SPP1+_cycMacro,E_MTAB_13530_P25_T1,0.257918552036199,0.359281437125748,0.680701754385964
HSPA6+_Macro,SPP1+_cycMacro,E_MTAB_13530_P25_T2,1.0,0.513888888888888,0.394557823129251
HSPA6+_Macro,SPP1+_cycMacro,GSE144239_GSM4565823,0.0,0.0,0.267806267806267
HSPA6+_Macro,SPP1+_cycMacro,GSE144239_GSM4565824,0.0,,0.341296928327645
HSPA6+_Macro,SPP1+_cycMacro,GSE144239_GSM4565825,0.326855123674911,0.897297297297297,0.373529411764705
HSPA6+_Macro,SPP1+_cycMacro,GSE144239_GSM4565826,0.0,0.0,0.380555555555555
HSPA6+_Macro,SPP1+_cycMacro,GSE251950_20_00331_LI_SING,0.780068728522336,1.0,0.88095238095238
HSPA6+_Macro,SPP1+_cycMacro,GSE251950_21_00731_LI_SING,0.362745098039215,0.929292929292929,0.51895991332611
HSPA6+_Macro,SPP1+_cycMacro,GSE251950_21_00732_LI_SING,0.355353075170842,0.0,0.569157392686804
HSPA6+_Macro,SPP1+_cycMacro,GSE251950_21_00733_LI_SING,0.0,1.0,0.375409836065573
HSPA6+_Macro,SPP1+_cycMacro,GSE251950_21_00734_LI_SING,0.52183908045977,0.164634146341463,0.464240903387703
HSPA6+_Macro,SPP1+_cycMacro,GSE251950_21_01251_LI_SING,0.721698113207547,0.857142857142857,0.821052631578947
HSPA6+_Macro,SPP1+_cycMacro,GSE251950_21_01253_LI_SING,0.918478260869565,1.0,0.460280373831775
HSPA6+_Macro,SPP1+_cycMacro,GSE251950_21_01254_LI_SING,0.388297872340425,0.972222222222222,0.366492146596858
HSPA6+_Macro,SPP1+_cycMacro,GSE251950_21_01675_LI_SING,0.453237410071942,0.513761467889908,0.496428571428571
HSPA6+_Macro,SPP1+_cycMacro,GSM5494475_HNSCC201125T04,1.0,0.916666666666666,0.616580310880829
HSPA6+_Macro,SPP1+_cycMacro,GSM5494476_HNSCC201125T05,0.19375,0.896551724137931,0.792592592592592
HSPA6+_Macro,SPP1+_cycMacro,GSM5494477_HNSCC201125T07,0.0,0.0,0.315240083507306
HSPA6+_Macro,SPP1+_cycMacro,GSM5494478_HNSCC201125T10,1.0,0.203703703703703,0.105911330049261
HSPA6+_Macro,SPP1+_cycMacro,GSM5494479_P210325T1,,0.0,0.39047619047619
HSPA6+_Macro,SPP1+_cycMacro,GSM5494480_P210325T3,0.0,0.848484848484848,0.5
HSPA6+_Macro,SPP1+_cycMacro,GSM5494481_P210325T5,0.0,0.0,0.415959252971137
HSPA6+_Macro,SPP1+_cycMacro,GSM5494482_P210325T6,0.0,0.0,0.417910447761194
HSPA6+_Macro,SPP1+_cycMacro,GSM5924030_ffpe_c_2,0.797619047619047,0.698717948717948,0.45113369820172
HSPA6+_Macro,SPP1+_cycMacro,GSM5924031_ffpe_c_3,0.338006230529595,0.632411067193675,0.137962128043282
HSPA6+_Macro,SPP1+_cycMacro,GSM5924032_ffpe_c_4,0.100694444444444,0.531400966183574,0.543817527010804
HSPA6+_Macro,SPP1+_cycMacro,GSM5924033_ffpe_c_7,0.21806167400881,0.389972144846796,0.430616740088105
HSPA6+_Macro,SPP1+_cycMacro,GSM5924034_ffpe_c_10,0.4126213592233,0.477272727272727,0.213243546576879
HSPA6+_Macro,SPP1+_cycMacro,GSM5924035_ffpe_c_20,0.54739336492891,0.474770642201834,0.323925593329057
HSPA6+_Macro,SPP1+_cycMacro,GSM5924036_ffpe_c_21,0.55064935064935,0.371584699453551,0.126682986536107
HSPA6+_Macro,SPP1+_cycMacro,GSM5924037_ffpe_c_34,0.559585492227979,0.783783783783783,0.221779548472775
HSPA6+_Macro,SPP1+_cycMacro,GSM5924038_ffpe_c_36,0.73076923076923,0.609890109890109,0.481889763779527
HSPA6+_Macro,SPP1+_cycMacro,GSM5924039_ffpe_c_39,0.326970954356846,0.507246376811594,0.378283712784588
HSPA6+_Macro,SPP1+_cycMacro,GSM5924040_ffpe_c_45,0.28604118993135,0.341584158415841,0.231496062992126
HSPA6+_Macro,SPP1+_cycMacro,GSM5924041_ffpe_c_51,0.287703016241299,0.0,0.331801470588235
HSPA6+_Macro,SPP1+_cycMacro,GSM5924042_frozen_a_1,0.644808743169399,0.0,0.174636174636174
HSPA6+_Macro,SPP1+_cycMacro,GSM5924043_frozen_a_3,0.32484076433121,0.0,0.411764705882352
HSPA6+_Macro,SPP1+_cycMacro,GSM5924044_frozen_a_15,0.792618629173989,0.631578947368421,0.650103519668737
HSPA6+_Macro,SPP1+_cycMacro,GSM5924045_frozen_a_17,0.0,1.0,0.199430199430199
HSPA6+_Macro,SPP1+_cycMacro,GSM5924046_frozen_b_1,0.408602150537634,1.0,0.411202185792349
HSPA6+_Macro,SPP1+_cycMacro,GSM5924048_frozen_b_13,0.619047619047619,0.323529411764705,0.532591414944356
HSPA6+_Macro,SPP1+_cycMacro,GSM5924049_frozen_b_18,0.541666666666666,0.632075471698113,0.253443526170798
HSPA6+_Macro,SPP1+_cycMacro,GSM5924050_frozen_c_2,0.579439252336448,0.0,0.546647230320699
HSPA6+_Macro,SPP1+_cycMacro,GSM5924051_frozen_c_5,1.0,0.532338308457711,0.403418803418803
HSPA6+_Macro,SPP1+_cycMacro,GSM5924052_frozen_c_23,0.351020408163265,0.77127659574468,0.221784776902887
HSPA6+_Macro,SPP1+_cycMacro,GSM5924053_frozen_c_57,,0.0,0.21551724137931
HSPA6+_Macro,SPP1+_cycMacro,GSM6030901_patient_1,0.335877862595419,1.0,0.588541666666666
HSPA6+_Macro,SPP1+_cycMacro,GSM6030902_patient_2,0.0,0.523076923076923,0.596638655462184
HSPA6+_Macro,SPP1+_cycMacro,GSM6177599_NYU_BRCA0_Vis,0.387387387387387,0.708,0.497747747747747
HSPA6+_Macro,SPP1+_cycMacro,GSM6177603_NYU_BRCA2_Vis,0.772727272727272,0.801724137931034,0.372222222222222
HSPA6+_Macro,SPP1+_cycMacro,GSM6177607_NYU_GIST1_Vis,0.0,0.806949806949807,0.910994764397905
HSPA6+_Macro,SPP1+_cycMacro,GSM6177609_NYU_GIST2_Vis,,,0.734133790737564
HSPA6+_Macro,SPP1+_cycMacro,GSM6177612_NYU_LIHC1_Vis,1.0,1.0,0.637037037037037
HSPA6+_Macro,SPP1+_cycMacro,GSM6177614_NYU_OVCA1_Vis,1.0,0.936599423631124,0.941326530612244
HSPA6+_Macro,SPP1+_cycMacro,GSM6177617_NYU_OVCA3_Vis,0.723684210526315,1.0,0.4750656167979
HSPA6+_Macro,SPP1+_cycMacro,GSM6177618_NYU_PDAC1_Vis,0.81578947368421,0.53781512605042,0.424460431654676
HSPA6+_Macro,SPP1+_cycMacro,GSM6177623_NYU_UCEC3_Vis,0.317073170731707,0.617021276595744,0.330049261083743
HSPA6+_Macro,SPP1+_cycMacro,GSM6339631_s1,0.0,0.0,0.445454545454545
HSPA6+_Macro,SPP1+_cycMacro,GSM6339632_s2,0.67945205479452,0.175757575757575,0.440677966101694
HSPA6+_Macro,SPP1+_cycMacro,GSM6339633_s3,0.537190082644628,0.702702702702702,0.642424242424242
HSPA6+_Macro,SPP1+_cycMacro,GSM6339634_s4,0.0,0.0,0.357247437774524
HSPA6+_Macro,SPP1+_cycMacro,GSM6339635_s5,1.0,0.390410958904109,0.134831460674157
HSPA6+_Macro,SPP1+_cycMacro,GSM6339636_s6,0.0,0.0,0.0856236786469344
HSPA6+_Macro,SPP1+_cycMacro,GSM6339637_s7,,,0.409488139825218
HSPA6+_Macro,SPP1+_cycMacro,GSM6339638_s8,,0.0,0.403381642512077
HSPA6+_Macro,SPP1+_cycMacro,GSM6339639_s9,,0.0,0.302536231884058
HSPA6+_Macro,SPP1+_cycMacro,GSM6339640_s10,1.0,1.0,0.555066079295154
HSPA6+_Macro,SPP1+_cycMacro,GSM6339641_s11,0.0,0.439393939393939,0.0239043824701195
HSPA6+_Macro,SPP1+_cycMacro,GSM6339642_s12,0.57516339869281,0.371794871794871,0.428082191780821
HSPA6+_Macro,SPP1+_cycMacro,GSM6433585_092A,0.342857142857142,0.0,0.342789598108747
HSPA6+_Macro,SPP1+_cycMacro,GSM6433586_092B,0.0,0.0,0.155518394648829
HSPA6+_Macro,SPP1+_cycMacro,GSM6433587_093A,0.339130434782608,0.265060240963855,0.226475279106858
HSPA6+_Macro,SPP1+_cycMacro,GSM6433588_093B,0.362153344208809,0.417910447761194,1.0
HSPA6+_Macro,SPP1+_cycMacro,GSM6433589_093C,0.383817427385892,0.616966580976863,0.762820512820512
HSPA6+_Macro,SPP1+_cycMacro,GSM6433590_093D,0.773195876288659,0.709677419354838,0.299879081015719
HSPA6+_Macro,SPP1+_cycMacro,GSM6433591_094A,,1.0,0.225
HSPA6+_Macro,SPP1+_cycMacro,GSM6433592_094B,0.454545454545454,0.495238095238095,0.298804780876494
HSPA6+_Macro,SPP1+_cycMacro,GSM6433593_094C,0.1878612716763,0.837606837606837,0.595903165735568
HSPA6+_Macro,SPP1+_cycMacro,GSM6433594_094D,1.0,0.317073170731707,0.302895322939866
HSPA6+_Macro,SPP1+_cycMacro,GSM6433595_095A,0.50375939849624,0.0,0.535087719298245
HSPA6+_Macro,SPP1+_cycMacro,GSM6433596_095B,1.0,1.0,0.455621301775147
HSPA6+_Macro,SPP1+_cycMacro,GSM6433597_117B,0.0,0.651162790697674,0.12035010940919
HSPA6+_Macro,SPP1+_cycMacro,GSM6433598_117C,0.133047210300429,0.425287356321839,0.25531914893617
HSPA6+_Macro,SPP1+_cycMacro,GSM6433599_117D,0.296470588235294,0.320143884892086,0.32258064516129
HSPA6+_Macro,SPP1+_cycMacro,GSM6433600_117E,0.211356466876971,1.0,1.0
HSPA6+_Macro,SPP1+_cycMacro,GSM6433601_118B,1.0,0.0,0.0265060240963855
HSPA6+_Macro,SPP1+_cycMacro,GSM6433602_118C,0.0,0.771428571428571,0.0633187772925764
HSPA6+_Macro,SPP1+_cycMacro,GSM6433603_118D,1.0,1.0,0.130346232179226
HSPA6+_Macro,SPP1+_cycMacro,GSM6433604_118E,0.114754098360655,0.527472527472527,0.255033557046979
HSPA6+_Macro,SPP1+_cycMacro,GSM6433605_119B,0.0,0.0,0.254237288135593
HSPA6+_Macro,SPP1+_cycMacro,GSM6433606_119C,0.0,0.0,0.101973684210526
HSPA6+_Macro,SPP1+_cycMacro,GSM6433607_119D,0.604166666666666,0.0,0.335787923416789
HSPA6+_Macro,SPP1+_cycMacro,GSM6433608_119E,0.376923076923076,0.60204081632653,0.385416666666666
HSPA6+_Macro,SPP1+_cycMacro,GSM6433609_120B,0.0,0.760714285714285,0.685344827586206
HSPA6+_Macro,SPP1+_cycMacro,GSM6433610_120C,0.336842105263157,1.0,0.92964824120603
HSPA6+_Macro,SPP1+_cycMacro,GSM6433611_120D,0.728,0.370192307692307,0.675977653631284
HSPA6+_Macro,SPP1+_cycMacro,GSM6433612_120E,,0.0,0.346368715083798
HSPA6+_Macro,SPP1+_cycMacro,GSM6433613_395A,0.457013574660633,0.0,0.369928400954653
HSPA6+_Macro,SPP1+_cycMacro,GSM6433614_395B,0.0,0.0,0.417457305502846
HSPA6+_Macro,SPP1+_cycMacro,GSM6433615_395C,1.0,0.0,0.888198757763975
HSPA6+_Macro,SPP1+_cycMacro,GSM6433616_395D,1.0,0.975609756097561,0.751937984496124
HSPA6+_Macro,SPP1+_cycMacro,GSM6433617_396A,0.0,0.0,0.254901960784313
HSPA6+_Macro,SPP1+_cycMacro,GSM6433618_396C,0.446969696969696,0.0,0.185419968304278
HSPA6+_Macro,SPP1+_cycMacro,GSM6433619_396D,0.466666666666666,0.328125,0.20886075949367
HSPA6+_Macro,SPP1+_cycMacro,GSM6433620_397A,0.0,0.63095238095238,0.173493975903614
HSPA6+_Macro,SPP1+_cycMacro,GSM6433621_397B,0.756756756756756,1.0,0.0
HSPA6+_Macro,SPP1+_cycMacro,GSM6433622_397C,0.101694915254237,0.401360544217687,0.48993288590604
HSPA6+_Macro,SPP1+_cycMacro,GSM6433623_397D,0.344827586206896,0.0,0.583333333333333
HSPA6+_Macro,SPP1+_cycMacro,GSM6433624_398A,0.723618090452261,0.0,0.38235294117647
HSPA6+_Macro,SPP1+_cycMacro,GSM6433625_398B,0.0,0.689655172413793,0.25
HSPA6+_Macro,SPP1+_cycMacro,GSM6433626_398C,,0.0,0.876254180602006
HSPA6+_Macro,SPP1+_cycMacro,GSM6433627_398D,1.0,0.532786885245901,0.118457300275482
HSPA6+_Macro,SPP1+_cycMacro,GSM6505133_DonorA,0.0,0.614973262032085,0.280813214739517
HSPA6+_Macro,SPP1+_cycMacro,GSM6505134_DonorB,0.509933774834437,0.656050955414012,0.574144486692015
HSPA6+_Macro,SPP1+_cycMacro,GSM6505135_DonorC,0.510373443983402,0.930232558139534,0.524590163934426
HSPA6+_Macro,SPP1+_cycMacro,GSM6506110_SP1,0.587301587301587,0.959595959595959,0.958579881656804
HSPA6+_Macro,SPP1+_cycMacro,GSM6506111_SP2,0.0,0.0,0.6575
HSPA6+_Macro,SPP1+_cycMacro,GSM6506112_SP3,0.0,0.54054054054054,0.957142857142857
HSPA6+_Macro,SPP1+_cycMacro,GSM6506113_SP4,0.253731343283582,0.5625,0.508495145631068
HSPA6+_Macro,SPP1+_cycMacro,GSM6506114_SP5,0.0,0.98076923076923,0.186180422264875
HSPA6+_Macro,SPP1+_cycMacro,GSM6506115_SP6,0.611111111111111,0.484536082474226,0.902621722846442
HSPA6+_Macro,SPP1+_cycMacro,GSM6506116_SP7,0.479729729729729,0.795698924731182,0.546070460704607
HSPA6+_Macro,SPP1+_cycMacro,GSM6506117_SP8,0.787037037037037,0.915254237288135,0.695906432748538
HSPA6+_Macro,SPP1+_cycMacro,GSM6833484_Patient1,0.412095639943741,0.449877750611246,0.51578947368421
HSPA6+_Macro,SPP1+_cycMacro,GSM6833485_Patient2,0.232258064516129,0.497237569060773,0.215973003374578
HSPA6+_Macro,SPP1+_cycMacro,GSM6833486_Patient3,0.0,0.0,0.220541902961562
HSPA6+_Macro,SPP1+_cycMacro,GSM6833487_Patient4,0.360344827586206,0.727891156462585,0.609936575052854
HSPA6+_Macro,SPP1+_cycMacro,GSM7019835_OCCR2v,0.493827160493827,0.664383561643835,0.602373887240356
HSPA6+_Macro,SPP1+_cycMacro,GSM7019836_OCCS3v,0.734042553191489,0.264900662251655,0.792022792022792
HSPA6+_Macro,SPP1+_cycMacro,GSM7058756,0.511221945137157,0.905027932960894,0.427737226277372
HSPA6+_Macro,SPP1+_cycMacro,GSM7058757,0.535031847133758,0.6328125,0.728553137003841
HSPA6+_Macro,SPP1+_cycMacro,GSM7058758,0.0,1.0,0.624636275460717
HSPA6+_Macro,SPP1+_cycMacro,GSM7058759,1.0,0.708661417322834,0.404031551270815
HSPA6+_Macro,SPP1+_cycMacro,GSM7090086_NextSeq2000,0.513387660069848,1.0,0.693181818181818
HSPA6+_Macro,SPP1+_cycMacro,GSM7090087_NextSeq2000,1.0,0.707482993197278,0.719745222929936
HSPA6+_Macro,SPP1+_cycMacro,GSM7090088_NextSeq2000,1.0,1.0,0.302575107296137
HSPA6+_Macro,SPP1+_cycMacro,GSM7211257_EHU-W3,0.285714285714285,0.26171875,0.200568181818181
HSPA6+_Macro,SPP1+_cycMacro,GSM7421790_PDAC_1,1.0,0.0,0.455197132616487
HSPA6+_Macro,SPP1+_cycMacro,GSM7421791_PDAC_2,0.0,1.0,0.718253968253968
HSPA6+_Macro,SPP1+_cycMacro,GSM7421792_PDAC_3,1.0,1.0,0.422794117647058
HSPA6+_Macro,SPP1+_cycMacro,GSM7498811_SS1905133,0.0,0.633744855967078,0.670385395537525
HSPA6+_Macro,SPP1+_cycMacro,GSM7498812_SS1923404,0.867924528301886,0.106060606060606,0.723098995695839
HSPA6+_Macro,SPP1+_cycMacro,GSM7498813_SS1945070,0.0915492957746478,0.0,0.351
HSPA6+_Macro,SPP1+_cycMacro,GSM7498814_SS1960050,1.0,0.83695652173913,0.368925831202046
HSPA6+_Macro,SPP1+_cycMacro,GSM7498815_SS2002154,0.407608695652173,0.462365591397849,0.301837270341207
HSPA6+_Macro,SPP1+_cycMacro,GSM7498816_SS2005094,0.71875,0.765306122448979,0.787550744248985
HSPA6+_Macro,SPP1+_cycMacro,GSM7498817_SS2021309,1.0,1.0,0.31261770244821
HSPA6+_Macro,SPP1+_cycMacro,GSM7757970_R1-S1,0.105084745762711,0.0,0.408275862068965
HSPA6+_Macro,SPP1+_cycMacro,GSM7757972_R1-S3,,,0.160513643659711
HSPA6+_Macro,SPP1+_cycMacro,GSM7757973_R1-S4,0.340425531914893,0.538011695906432,0.171129220023282
HSPA6+_Macro,SPP1+_cycMacro,GSM7757974_R1-S5,0.185714285714285,0.0,0.0459770114942528
HSPA6+_Macro,SPP1+_cycMacro,GSM7757975_R1-S6,0.234108527131782,0.0,0.190544412607449
HSPA6+_Macro,SPP1+_cycMacro,GSM7757976_R2-S1,0.649253731343283,0.612244897959183,0.383701188455008
HSPA6+_Macro,SPP1+_cycMacro,GSM7757977_R2-S2,0.195,0.502183406113537,0.592061742006615
HSPA6+_Macro,SPP1+_cycMacro,GSM7757978_R2-S3,0.737588652482269,0.599542334096109,0.64376130198915
HSPA6+_Macro,SPP1+_cycMacro,GSM7757979_R2-S4,0.296178343949044,1.0,0.517482517482517
HSPA6+_Macro,SPP1+_cycMacro,GSM7757980_R2-S5,1.0,0.0,0.433760683760683
HSPA6+_Macro,SPP1+_cycMacro,GSM7757982_R3-S2,0.619565217391304,0.652777777777777,0.51278409090909
HSPA6+_Macro,SPP1+_cycMacro,GSM7757983_R3-S3,0.0,1.0,0.312796208530805
HSPA6+_Macro,SPP1+_cycMacro,GSM7757984_R3-S4,0.352534562211981,0.73641304347826,0.516949152542372
HSPA6+_Macro,SPP1+_cycMacro,GSM7757985_R3-S5,0.394179894179894,0.876190476190476,0.838526912181303
HSPA6+_Macro,SPP1+_cycMacro,GSM7777520_A1,,1.0,0.439655172413793
HSPA6+_Macro,SPP1+_cycMacro,GSM7777521_B1,0.0,0.0,0.411904761904761
HSPA6+_Macro,SPP1+_cycMacro,GSM7777522_C1,0.359756097560975,1.0,0.0
HSPA6+_Macro,SPP1+_cycMacro,GSM7777523_D1,0.0,1.0,0.551928783382789
HSPA6+_Macro,SPP1+_cycMacro,GSM7850822_CHC20,0.312,1.0,0.145320197044334
HSPA6+_Macro,SPP1+_cycMacro,HCC1R,0.434920634920634,1.0,0.721014492753623
HSPA6+_Macro,SPP1+_cycMacro,HCC3R,0.132701421800947,1.0,0.87087912087912
HSPA6+_Macro,SPP1+_cycMacro,HCC4R,1.0,1.0,0.298095238095238
HSPA6+_Macro,SPP1+_cycMacro,HCC6NR,1.0,0.638376383763837,0.409363745498199
HSPA6+_Macro,SPP1+_cycMacro,HCC7NR,0.900602409638554,0.55125284738041,1.0
HSPA6+_Macro,SPP1+_cycMacro,HRA000437_HCC-1T,0.35377358490566,1.0,0.64855687606112
HSPA6+_Macro,SPP1+_cycMacro,HRA000437_HCC-2T,0.441371681415929,0.478209658421672,0.475124378109452
HSPA6+_Macro,SPP1+_cycMacro,HRA000437_HCC-3T,1.0,0.872340425531914,0.543374642516682
HSPA6+_Macro,SPP1+_cycMacro,HRA000437_HCC-4T,0.539823008849557,0.340101522842639,0.370089593383873
HSPA6+_Macro,SPP1+_cycMacro,Parent_Visium_Human_BreastCancer_201027,0.873873873873873,0.615384615384615,0.569590643274853
HSPA6+_Macro,SPP1+_cycMacro,Parent_Visium_Human_ColorectalCancer_201027,0.917721518987341,0.0,0.662439024390243
HSPA6+_Macro,SPP1+_cycMacro,Parent_Visium_Human_OvarianCancer_201027,0.91337099811676,0.894886363636363,0.688775510204081
HSPA6+_Macro,SPP1+_cycMacro,S16_43398,0.3348623853211,1.0,0.672222222222222
HSPA6+_Macro,SPP1+_cycMacro,S20_47598,0.334558823529411,0.426523297491039,0.324013157894736
HSPA6+_Macro,SPP1+_cycMacro,S20_61122,0.855799373040752,0.764258555133079,0.294307196562835
HSPA6+_Macro,SPP1+_cycMacro,S20_63981,0.526027397260273,0.193675889328063,0.491544532130777
HSPA6+_Macro,SPP1+_cycMacro,S21_10267,0.4288256227758,0.536458333333333,0.615474794841735
HSPA6+_Macro,SPP1+_cycMacro,SN048_A121573_Rep1,0.613636363636363,0.92391304347826,0.444794952681388
HSPA6+_Macro,SPP1+_cycMacro,SN048_A121573_Rep2,1.0,0.796610169491525,0.380747126436781
HSPA6+_Macro,SPP1+_cycMacro,SN048_A416371_Rep1,0.631067961165048,0.0,0.622820919175911
HSPA6+_Macro,SPP1+_cycMacro,SN048_A416371_Rep2,0.0,0.0,0.493589743589743
HSPA6+_Macro,SPP1+_cycMacro,SN123_A551763_Rep1,1.0,0.0,0.707762557077625
HSPA6+_Macro,SPP1+_cycMacro,SN123_A595688_Rep1,0.6,0.422018348623853,0.498442367601246
HSPA6+_Macro,SPP1+_cycMacro,SN123_A938797_Rep1_X,0.0,0.359712230215827,0.459379615952732
HSPA6+_Macro,SPP1+_cycMacro,SN124_A551763_Rep2,,,0.423887587822014
HSPA6+_Macro,SPP1+_cycMacro,SN124_A595688_Rep2,0.297709923664122,1.0,1.0
HSPA6+_Macro,SPP1+_cycMacro,SN124_A938797_Rep2,0.807692307692307,0.868613138686131,0.2
HSPA6+_Macro,SPP1+_cycMacro,SN84_A120838_Rep1,1.0,1.0,0.747826086956521
HSPA6+_Macro,SPP1+_cycMacro,SN84_A120838_Rep2,1.0,0.446327683615819,0.301694915254237
HSPA6+_Macro,SPP1+_cycMacro,V10F24-015_A1,1.0,0.0,0.264758497316636
HSPA6+_Macro,SPP1+_cycMacro,V10F24-015_B1,1.0,0.595959595959595,0.24009900990099
HSPA6+_Macro,SPP1+_cycMacro,V10F24-015_C1,0.887096774193548,0.798850574712643,0.201117318435754
HSPA6+_Macro,SPP1+_cycMacro,V10F24-015_D1,0.0,0.353535353535353,0.207182320441988
HSPA6+_Macro,SPP1+_cycMacro,V11A20-405_C1,0.501030927835051,0.72463768115942,0.477560414269275
HSPA6+_Macro,SPP1+_cycMacro,V11A20-405_D1,0.552016985138004,0.862385321100917,0.327368421052631
HSPA6+_Macro,SPP1+_cycMacro,V11M22-349_C1,0.449230769230769,0.721925133689839,0.215175537938844
HSPA6+_Macro,SPP1+_cycMacro,V11M22-349_D1,0.6,0.36094674556213,0.281376518218623
HSPA6+_Macro,SPP1+_cycMacro,V1_Breast_Cancer_Block_A_Section_2_200623,0.523584905660377,0.594444444444444,0.315345699831365
HSPA6+_Macro,SPP1+_cycMacro,V1_Human_Invasive_Ductal_Carcinoma_210511,0.378787878787878,0.225225225225225,0.342522974101921
HSPA6+_Macro,SPP1+_cycMacro,Visium_FFPE_Human_Breast_Cancer_210609,0.46594982078853,0.608163265306122,0.636659436008676
HSPA6+_Macro,SPP1+_cycMacro,Visium_FFPE_Human_Intestinal_Cancer_220329,0.41908713692946,0.57471264367816,0.462081128747795
HSPA6+_Macro,SPP1+_cycMacro,Visium_FFPE_Human_Ovarian_Cancer_220329,0.386554621848739,0.731141199226305,0.221830985915492
HSPA6+_Macro,SPP1+_cycMacro,Visium_FFPE_Human_Prostate_Acinar_Cell_Carcinoma_211009,0.65680473372781,0.34074074074074,0.252996005326231
HSPA6+_Macro,SPP1+_cycMacro,Visium_FFPE_Human_Prostate_Cancer_210609,0.305785123966942,0.43646408839779,0.365482233502538
HSPA6+_Macro,SPP1+_cycMacro,Visium_FFPE_Human_Prostate_IF_220713,0.452991452991453,0.422222222222222,0.43076923076923
HSPA6+_Macro,SPP1+_cycMacro,Visium_Human_Breast_Cancer_220702,0.623604465709728,0.526011560693641,0.521501172791243
HSPA6+_Macro,SPP1+_cycMacro,WSSKNKCLsp12140270,0.0,1.0,0.383966244725738
HSPA6+_Macro,SPP1+_cycMacro,WSSKNKCLsp12140271,0.0,0.635761589403973,0.375816993464052
HSPA6+_Macro,SPP1+_cycMacro,WSSKNKCLsp12140272,1.0,1.0,0.653543307086614
HSPA6+_Macro,SPP1+_cycMacro,WSSKNKCLsp12140273,1.0,0.0,0.310483870967741
HSPA6+_Macro,SPP1+_cycMacro,WSSKNKCLsp12887267,1.0,0.407407407407407,0.690860215053763
HSPA6+_Macro,SPP1+_cycMacro,WSSKNKCLsp12887268,1.0,0.0,0.4
HSPA6+_Macro,SPP1+_cycMacro,WSSKNKCLsp12887269,1.0,0.133333333333333,0.0848214285714285
HSPA6+_Macro,SPP1+_cycMacro,WSSKNKCLsp12887270,,0.0,0.312195121951219
HSPA6+_Macro,SPP1+_cycMacro,Zenodo10119273_Tumor2,0.452229299363057,0.633663366336633,0.472279260780287
HSPA6+_Macro,SPP1+_cycMacro,scCRLM_Atlas_ST-colon1,0.46311475409836,0.493670886075949,0.579310344827586
HSPA6+_Macro,SPP1+_cycMacro,scCRLM_Atlas_ST-colon2,0.0,1.0,0.603322949117341
HSPA6+_Macro,SPP1+_cycMacro,scCRLM_Atlas_ST-colon3,0.850961538461538,1.0,0.788766788766788
HSPA6+_Macro,SPP1+_cycMacro,scCRLM_Atlas_ST-colon4,0.469135802469135,0.942528735632184,0.635437881873727
HSPA6+_Macro,Epi_Interferon,01_034_C1d1,0.0,0.785714285714285,0.57347670250896
HSPA6+_Macro,Epi_Interferon,01_034_C3d1,0.483775811209439,0.543478260869565,0.274193548387096
HSPA6+_Macro,Epi_Interferon,01_039_C1d1,0.0,0.888888888888888,0.608108108108108
HSPA6+_Macro,Epi_Interferon,01_039_C3d1,0.734375,0.0,0.229098805646036
HSPA6+_Macro,Epi_Interferon,1142243F,0.796178343949044,0.797687861271676,0.594706368899917
HSPA6+_Macro,Epi_Interferon,1160920F,0.480863591756624,0.691588785046728,0.685997171145686
HSPA6+_Macro,Epi_Interferon,A_955_OvarianTumor,1.0,0.50293542074364,0.432509505703422
HSPA6+_Macro,Epi_Interferon,A_GTFB1154_OvarianCancerTumor,0.0,0.584269662921348,0.328025477707006
HSPA6+_Macro,Epi_Interferon,Ajou_Visium_P1,0.527272727272727,0.746575342465753,0.474689589302769
HSPA6+_Macro,Epi_Interferon,Ajou_Visium_P2,0.310621242484969,0.826923076923076,0.449328449328449
HSPA6+_Macro,Epi_Interferon,Ajou_Visium_P3,,,0.452671040299906
HSPA6+_Macro,Epi_Interferon,Ajou_Visium_P4,0.696629213483146,0.71063829787234,0.336935166994106
HSPA6+_Macro,Epi_Interferon,B_GTFB1191_OvarianCancerTumor,0.594736842105263,0.521978021978022,0.253680634201585
HSPA6+_Macro,Epi_Interferon,CID4290,0.546052631578947,0.93984962406015,0.534075104311543
HSPA6+_Macro,Epi_Interferon,CID4465,0.869565217391304,0.670807453416149,0.503856041131105
HSPA6+_Macro,Epi_Interferon,CID44971,0.478873239436619,0.4609375,0.47560975609756
HSPA6+_Macro,Epi_Interferon,CID4535,0.626262626262626,0.0,0.399267399267399
HSPA6+_Macro,Epi_Interferon,C_GTFB1170_SmallCellOvarianCancer,0.0,0.730434782608695,0.385887541345093
HSPA6+_Macro,Epi_Interferon,Colon_10x_Visium_SampleP2_CRC,0.22512647554806,0.490683229813664,0.184210526315789
HSPA6+_Macro,Epi_Interferon,CytAssist_11mm_FFPE_Human_Lung_Cancer_230214,0.550827423167848,0.789361702127659,0.243743199129488
HSPA6+_Macro,Epi_Interferon,CytAssist_11mm_FFPE_Human_Ovarian_Carcinoma_220715,0.60752688172043,0.846846846846846,0.205972434915773
HSPA6+_Macro,Epi_Interferon,CytAssist_FFPE_Human_Lung_Squamous_Cell_Carcinoma_220714,0.362151777137367,0.523809523809523,0.566197183098591
HSPA6+_Macro,Epi_Interferon,CytAssist_Fresh_Frozen_Human_Breast_Cancer_230107,0.682215743440233,0.623931623931623,0.3046875
HSPA6+_Macro,Epi_Interferon,D_GTFB1170_SmallCellOvarianCancer,0.234939759036144,1.0,0.199261992619926
HSPA6+_Macro,Epi_Interferon,D_GTFB_1230_OvarianTumor,1.0,1.0,0.338394793926247
HSPA6+_Macro,Epi_Interferon,E_MTAB_13530_P10_T1,0.258264462809917,0.507042253521126,0.205811138014527
HSPA6+_Macro,Epi_Interferon,E_MTAB_13530_P10_T2,0.0,0.657004830917874,0.185840707964601
HSPA6+_Macro,Epi_Interferon,E_MTAB_13530_P10_T3,0.899328859060402,1.0,0.186246418338108
HSPA6+_Macro,Epi_Interferon,E_MTAB_13530_P10_T4,0.0,0.664705882352941,0.186855670103092
HSPA6+_Macro,Epi_Interferon,E_MTAB_13530_P11_T1,0.461988304093567,0.540880503144654,0.331189710610932
HSPA6+_Macro,Epi_Interferon,E_MTAB_13530_P11_T2,0.0,0.902985074626865,0.385074626865671
HSPA6+_Macro,Epi_Interferon,E_MTAB_13530_P11_T3,1.0,0.0,0.740909090909091
HSPA6+_Macro,Epi_Interferon,E_MTAB_13530_P11_T4,1.0,1.0,0.582089552238806
HSPA6+_Macro,Epi_Interferon,E_MTAB_13530_P15_T1,0.903381642512077,0.676712328767123,0.354265402843601
HSPA6+_Macro,Epi_Interferon,E_MTAB_13530_P15_T2,0.684931506849315,0.441048034934497,0.321160042964554
HSPA6+_Macro,Epi_Interferon,E_MTAB_13530_P16_T1,0.622857142857142,0.0,0.0993303571428571
HSPA6+_Macro,Epi_Interferon,E_MTAB_13530_P16_T2,0.571428571428571,0.163934426229508,0.131172839506172
HSPA6+_Macro,Epi_Interferon,E_MTAB_13530_P17_T1,0.74274661508704,0.64172335600907,0.406025824964132
HSPA6+_Macro,Epi_Interferon,E_MTAB_13530_P17_T2,0.812727272727272,0.729787234042553,0.288747346072186
HSPA6+_Macro,Epi_Interferon,E_MTAB_13530_P19_T1,0.859416445623342,0.511111111111111,0.621212121212121
HSPA6+_Macro,Epi_Interferon,E_MTAB_13530_P19_T2,0.893181818181818,0.576407506702412,0.552577319587628
HSPA6+_Macro,Epi_Interferon,E_MTAB_13530_P24_T1,0.0,1.0,0.177978883861236
HSPA6+_Macro,Epi_Interferon,E_MTAB_13530_P24_T2,0.263157894736842,0.673076923076923,0.146532438478747
HSPA6+_Macro,Epi_Interferon,E_MTAB_13530_P25_T1,0.424870466321243,0.624242424242424,0.445945945945945
HSPA6+_Macro,Epi_Interferon,E_MTAB_13530_P25_T2,0.0,0.0,0.210084033613445
HSPA6+_Macro,Epi_Interferon,GSE144239_GSM4565823,0.0,0.0,0.3886925795053
HSPA6+_Macro,Epi_Interferon,GSE144239_GSM4565824,0.0,,0.437148217636022
HSPA6+_Macro,Epi_Interferon,GSE144239_GSM4565825,0.0905587668593449,0.741935483870967,0.247142857142857
HSPA6+_Macro,Epi_Interferon,GSE144239_GSM4565826,0.978723404255319,0.0,0.401526717557251
HSPA6+_Macro,Epi_Interferon,GSE251950_20_00331_LI_SING,0.543065693430656,0.768421052631578,0.659090909090909
HSPA6+_Macro,Epi_Interferon,GSE251950_21_00731_LI_SING,0.0869565217391304,0.451327433628318,0.170353982300884
HSPA6+_Macro,Epi_Interferon,GSE251950_21_00732_LI_SING,0.375555555555555,0.0,0.384401114206128
HSPA6+_Macro,Epi_Interferon,GSE251950_21_00733_LI_SING,0.0,1.0,0.361538461538461
HSPA6+_Macro,Epi_Interferon,GSE251950_21_00734_LI_SING,0.113333333333333,0.143617021276595,0.332988624612202
HSPA6+_Macro,Epi_Interferon,GSE251950_21_01251_LI_SING,0.280104712041884,0.535864978902953,0.407252440725244
HSPA6+_Macro,Epi_Interferon,GSE251950_21_01253_LI_SING,0.666666666666666,1.0,0.318087318087318
HSPA6+_Macro,Epi_Interferon,GSE251950_21_01254_LI_SING,0.414772727272727,0.595505617977528,0.627388535031847
HSPA6+_Macro,Epi_Interferon,GSE251950_21_01675_LI_SING,0.394160583941605,0.213270142180094,0.415420023014959
HSPA6+_Macro,Epi_Interferon,GSM5494475_HNSCC201125T04,1.0,0.76,0.557788944723618
HSPA6+_Macro,Epi_Interferon,GSM5494476_HNSCC201125T05,0.475124378109452,0.590551181102362,0.536672629695885
HSPA6+_Macro,Epi_Interferon,GSM5494477_HNSCC201125T07,0.0,0.0,0.440809968847352
HSPA6+_Macro,Epi_Interferon,GSM5494478_HNSCC201125T10,0.0,0.247422680412371,0.0388170055452865
HSPA6+_Macro,Epi_Interferon,GSM5494479_P210325T1,,0.0,0.472995090016366
HSPA6+_Macro,Epi_Interferon,GSM5494480_P210325T3,0.0,0.846153846153846,0.441805225653206
HSPA6+_Macro,Epi_Interferon,GSM5494481_P210325T5,0.0,0.0,0.567619047619047
HSPA6+_Macro,Epi_Interferon,GSM5494482_P210325T6,0.0,0.0,0.205882352941176
HSPA6+_Macro,Epi_Interferon,GSM5924030_ffpe_c_2,0.493006993006993,0.164429530201342,0.056282722513089
HSPA6+_Macro,Epi_Interferon,GSM5924031_ffpe_c_3,0.215568862275449,0.586440677966101,0.0755186721991701
HSPA6+_Macro,Epi_Interferon,GSM5924032_ffpe_c_4,0.21344537815126,0.47787610619469,0.526995305164319
HSPA6+_Macro,Epi_Interferon,GSM5924033_ffpe_c_7,0.0678127984718242,0.310096153846153,0.287269681742043
HSPA6+_Macro,Epi_Interferon,GSM5924034_ffpe_c_10,1.0,1.0,0.286880466472303
HSPA6+_Macro,Epi_Interferon,GSM5924035_ffpe_c_20,0.273408239700374,0.662870159453303,0.317741935483871
HSPA6+_Macro,Epi_Interferon,GSM5924036_ffpe_c_21,0.66504854368932,0.349462365591397,0.117803837953091
HSPA6+_Macro,Epi_Interferon,GSM5924037_ffpe_c_34,0.544117647058823,0.783783783783783,0.160904255319148
HSPA6+_Macro,Epi_Interferon,GSM5924038_ffpe_c_36,0.794326241134751,0.676470588235294,0.214017521902377
HSPA6+_Macro,Epi_Interferon,GSM5924039_ffpe_c_39,0.356905158069883,0.655976676384839,0.441391941391941
HSPA6+_Macro,Epi_Interferon,GSM5924040_ffpe_c_45,0.437751004016064,0.315068493150684,0.270246478873239
HSPA6+_Macro,Epi_Interferon,GSM5924041_ffpe_c_51,0.439583333333333,0.216666666666666,0.269856459330143
HSPA6+_Macro,Epi_Interferon,GSM5924042_frozen_a_1,0.644808743169399,0.0,0.189852700490998
HSPA6+_Macro,Epi_Interferon,GSM5924043_frozen_a_3,0.228494623655913,0.0,0.242798353909465
HSPA6+_Macro,Epi_Interferon,GSM5924044_frozen_a_15,0.303085299455535,0.360576923076923,0.202643171806167
HSPA6+_Macro,Epi_Interferon,GSM5924045_frozen_a_17,1.0,1.0,0.230184581976112
HSPA6+_Macro,Epi_Interferon,GSM5924046_frozen_b_1,0.261904761904761,1.0,0.139759036144578
HSPA6+_Macro,Epi_Interferon,GSM5924048_frozen_b_13,0.304347826086956,0.366666666666666,0.063063063063063
HSPA6+_Macro,Epi_Interferon,GSM5924049_frozen_b_18,0.187845303867403,0.0,0.192592592592592
HSPA6+_Macro,Epi_Interferon,GSM5924050_frozen_c_2,0.579439252336448,0.0,0.288065843621399
HSPA6+_Macro,Epi_Interferon,GSM5924051_frozen_c_5,1.0,0.532338308457711,0.324013157894736
HSPA6+_Macro,Epi_Interferon,GSM5924052_frozen_c_23,0.191374663072776,0.382608695652173,0.314192849404117
HSPA6+_Macro,Epi_Interferon,GSM5924053_frozen_c_57,,0.0,0.177672955974842
HSPA6+_Macro,Epi_Interferon,GSM6030901_patient_1,0.504950495049505,0.0,0.1875
HSPA6+_Macro,Epi_Interferon,GSM6030902_patient_2,0.0,0.971428571428571,0.270588235294117
HSPA6+_Macro,Epi_Interferon,GSM6177599_NYU_BRCA0_Vis,0.375,0.777227722772277,0.429189189189189
HSPA6+_Macro,Epi_Interferon,GSM6177603_NYU_BRCA2_Vis,0.21875,0.282758620689655,0.402420574886535
HSPA6+_Macro,Epi_Interferon,GSM6177607_NYU_GIST1_Vis,0.0,0.283687943262411,0.615720524017467
HSPA6+_Macro,Epi_Interferon,GSM6177609_NYU_GIST2_Vis,,,0.409488139825218
HSPA6+_Macro,Epi_Interferon,GSM6177612_NYU_LIHC1_Vis,0.873015873015873,0.208333333333333,0.0972515856236786
HSPA6+_Macro,Epi_Interferon,GSM6177614_NYU_OVCA1_Vis,0.60655737704918,0.445292620865139,0.331481481481481
HSPA6+_Macro,Epi_Interferon,GSM6177617_NYU_OVCA3_Vis,0.285714285714285,0.372881355932203,0.257918552036199
HSPA6+_Macro,Epi_Interferon,GSM6177618_NYU_PDAC1_Vis,0.62,0.342756183745583,0.529411764705882
HSPA6+_Macro,Epi_Interferon,GSM6177623_NYU_UCEC3_Vis,0.606741573033707,0.31578947368421,0.313465783664459
HSPA6+_Macro,Epi_Interferon,GSM6339631_s1,0.0,0.0,0.306525037936267
HSPA6+_Macro,Epi_Interferon,GSM6339632_s2,0.616438356164383,0.527272727272727,0.256338028169014
HSPA6+_Macro,Epi_Interferon,GSM6339633_s3,0.308333333333333,1.0,0.545945945945945
HSPA6+_Macro,Epi_Interferon,GSM6339634_s4,0.0,0.0,0.275100401606425
HSPA6+_Macro,Epi_Interferon,GSM6339635_s5,1.0,0.591836734693877,0.0675675675675675
HSPA6+_Macro,Epi_Interferon,GSM6339636_s6,0.0,0.0,0.0437436419125127
HSPA6+_Macro,Epi_Interferon,GSM6339637_s7,,,0.253873659117997
HSPA6+_Macro,Epi_Interferon,GSM6339638_s8,,0.0,0.191558441558441
HSPA6+_Macro,Epi_Interferon,GSM6339639_s9,,0.0,0.16867469879518
HSPA6+_Macro,Epi_Interferon,GSM6339640_s10,1.0,0.535714285714285,0.465783664459161
HSPA6+_Macro,Epi_Interferon,GSM6339641_s11,0.0,0.216417910447761,0.0255376344086021
HSPA6+_Macro,Epi_Interferon,GSM6339642_s12,0.682170542635658,0.320987654320987,0.18552036199095
HSPA6+_Macro,Epi_Interferon,GSM6433585_092A,0.741803278688524,0.5,0.460122699386503
HSPA6+_Macro,Epi_Interferon,GSM6433586_092B,0.215686274509803,0.0,0.665903890160183
HSPA6+_Macro,Epi_Interferon,GSM6433587_093A,0.685990338164251,1.0,0.492813141683778
HSPA6+_Macro,Epi_Interferon,GSM6433588_093B,0.680203045685279,1.0,1.0
HSPA6+_Macro,Epi_Interferon,GSM6433589_093C,0.696428571428571,0.794871794871794,0.668523676880222
HSPA6+_Macro,Epi_Interferon,GSM6433590_093D,1.0,0.0,0.23827392120075
HSPA6+_Macro,Epi_Interferon,GSM6433591_094A,,1.0,0.380530973451327
HSPA6+_Macro,Epi_Interferon,GSM6433592_094B,0.912790697674418,0.98095238095238,0.405247813411078
HSPA6+_Macro,Epi_Interferon,GSM6433593_094C,0.813793103448275,0.395973154362416,0.360714285714285
HSPA6+_Macro,Epi_Interferon,GSM6433594_094D,1.0,0.764705882352941,0.348432055749128
HSPA6+_Macro,Epi_Interferon,GSM6433595_095A,0.50375939849624,0.6,0.526096033402922
HSPA6+_Macro,Epi_Interferon,GSM6433596_095B,0.463917525773195,0.612244897959183,0.252707581227436
HSPA6+_Macro,Epi_Interferon,GSM6433597_117B,1.0,1.0,0.662049861495844
HSPA6+_Macro,Epi_Interferon,GSM6433598_117C,0.834394904458598,0.568965517241379,0.191489361702127
HSPA6+_Macro,Epi_Interferon,GSM6433599_117D,0.795107033639143,1.0,0.434622467771639
HSPA6+_Macro,Epi_Interferon,GSM6433600_117E,0.8,0.923076923076923,0.388349514563106
HSPA6+_Macro,Epi_Interferon,GSM6433601_118B,0.0,0.0,0.318881118881118
HSPA6+_Macro,Epi_Interferon,GSM6433602_118C,0.0,0.0,0.557291666666666
HSPA6+_Macro,Epi_Interferon,GSM6433603_118D,0.0,1.0,0.413994169096209
HSPA6+_Macro,Epi_Interferon,GSM6433604_118E,0.67032967032967,0.564705882352941,0.280936454849498
HSPA6+_Macro,Epi_Interferon,GSM6433605_119B,1.0,0.25,0.303116147308781
HSPA6+_Macro,Epi_Interferon,GSM6433606_119C,1.0,0.72463768115942,0.650943396226415
HSPA6+_Macro,Epi_Interferon,GSM6433607_119D,0.752747252747252,1.0,0.432357043235704
HSPA6+_Macro,Epi_Interferon,GSM6433608_119E,0.436274509803921,0.267123287671232,0.602550478214665
HSPA6+_Macro,Epi_Interferon,GSM6433609_120B,0.426229508196721,0.593856655290102,0.141176470588235
HSPA6+_Macro,Epi_Interferon,GSM6433610_120C,0.346041055718475,0.0,0.591439688715953
HSPA6+_Macro,Epi_Interferon,GSM6433611_120D,0.82,0.42,0.38045738045738
HSPA6+_Macro,Epi_Interferon,GSM6433612_120E,,1.0,0.427872860635696
HSPA6+_Macro,Epi_Interferon,GSM6433613_395A,0.538461538461538,1.0,0.43559718969555
HSPA6+_Macro,Epi_Interferon,GSM6433614_395B,0.0,0.0,0.466183574879227
HSPA6+_Macro,Epi_Interferon,GSM6433615_395C,1.0,1.0,0.20954356846473
HSPA6+_Macro,Epi_Interferon,GSM6433616_395D,1.0,0.451219512195121,0.521739130434782
HSPA6+_Macro,Epi_Interferon,GSM6433617_396A,0.0,1.0,0.817460317460317
HSPA6+_Macro,Epi_Interferon,GSM6433618_396C,0.402173913043478,0.0,0.41506646971935
HSPA6+_Macro,Epi_Interferon,GSM6433619_396D,0.51048951048951,1.0,0.216687422166874
HSPA6+_Macro,Epi_Interferon,GSM6433620_397A,0.611764705882353,0.63095238095238,0.564885496183206
HSPA6+_Macro,Epi_Interferon,GSM6433621_397B,0.345945945945945,0.0,0.520661157024793
HSPA6+_Macro,Epi_Interferon,GSM6433622_397C,0.523809523809523,0.41860465116279,0.146892655367231
HSPA6+_Macro,Epi_Interferon,GSM6433623_397D,0.4375,0.0,0.349480968858131
HSPA6+_Macro,Epi_Interferon,GSM6433624_398A,0.587301587301587,1.0,0.762402088772846
HSPA6+_Macro,Epi_Interferon,GSM6433625_398B,0.744186046511627,0.18,0.578796561604584
HSPA6+_Macro,Epi_Interferon,GSM6433626_398C,,0.0,0.198614318706697
HSPA6+_Macro,Epi_Interferon,GSM6433627_398D,0.0,0.341935483870967,0.0
HSPA6+_Macro,Epi_Interferon,GSM6505133_DonorA,0.0,0.670807453416149,0.782089552238805
HSPA6+_Macro,Epi_Interferon,GSM6505134_DonorB,0.610294117647058,0.621794871794871,0.502645502645502
HSPA6+_Macro,Epi_Interferon,GSM6505135_DonorC,0.742063492063492,0.969696969696969,0.379549393414211
HSPA6+_Macro,Epi_Interferon,GSM6506110_SP1,0.203125,0.25,0.521303258145363
HSPA6+_Macro,Epi_Interferon,GSM6506111_SP2,0.0,0.0,0.108484005563282
HSPA6+_Macro,Epi_Interferon,GSM6506112_SP3,0.903846153846154,0.3125,0.240066225165562
HSPA6+_Macro,Epi_Interferon,GSM6506113_SP4,0.0539215686274509,0.4921875,0.342377260981912
HSPA6+_Macro,Epi_Interferon,GSM6506114_SP5,0.0,0.0,0.0464516129032258
HSPA6+_Macro,Epi_Interferon,GSM6506115_SP6,1.0,0.598360655737704,0.111929307805596
HSPA6+_Macro,Epi_Interferon,GSM6506116_SP7,0.538288288288288,0.369770580296896,0.372619047619047
HSPA6+_Macro,Epi_Interferon,GSM6506117_SP8,0.339869281045751,0.166666666666666,0.518737672583826
HSPA6+_Macro,Epi_Interferon,GSM6833484_Patient1,0.373608903020667,0.68465909090909,0.287280701754385
HSPA6+_Macro,Epi_Interferon,GSM6833485_Patient2,0.0,0.209726443768996,0.0629921259842519
HSPA6+_Macro,Epi_Interferon,GSM6833486_Patient3,0.0,0.0,0.259604829857299
HSPA6+_Macro,Epi_Interferon,GSM6833487_Patient4,0.358885017421602,0.317843866171003,0.309568480300187
HSPA6+_Macro,Epi_Interferon,GSM7019835_OCCR2v,0.482558139534883,0.763888888888888,0.207843137254901
HSPA6+_Macro,Epi_Interferon,GSM7019836_OCCS3v,0.734042553191489,0.97457627118644,0.36013986013986
HSPA6+_Macro,Epi_Interferon,GSM7058756,0.794285714285714,0.613259668508287,0.392473118279569
HSPA6+_Macro,Epi_Interferon,GSM7058757,0.558490566037735,0.736,0.319780219780219
HSPA6+_Macro,Epi_Interferon,GSM7058758,0.0,0.9375,0.328480436760691
HSPA6+_Macro,Epi_Interferon,GSM7058759,0.717821782178217,0.554913294797687,0.299145299145299
HSPA6+_Macro,Epi_Interferon,GSM7090086_NextSeq2000,0.415599534342258,1.0,0.505813953488372
HSPA6+_Macro,Epi_Interferon,GSM7090087_NextSeq2000,0.394957983193277,0.571428571428571,0.157963446475195
HSPA6+_Macro,Epi_Interferon,GSM7090088_NextSeq2000,1.0,0.897959183673469,0.0542328042328042
HSPA6+_Macro,Epi_Interferon,GSM7211257_EHU-W3,0.210831721470019,0.20446096654275,0.16269113149847
HSPA6+_Macro,Epi_Interferon,GSM7421790_PDAC_1,0.0,1.0,0.316139767054908
HSPA6+_Macro,Epi_Interferon,GSM7421791_PDAC_2,0.0,1.0,0.548
HSPA6+_Macro,Epi_Interferon,GSM7421792_PDAC_3,0.0,1.0,0.274305555555555
HSPA6+_Macro,Epi_Interferon,GSM7498811_SS1905133,0.976470588235294,0.414746543778801,0.397020157756354
HSPA6+_Macro,Epi_Interferon,GSM7498812_SS1923404,0.0,0.893939393939393,0.6343792633015
HSPA6+_Macro,Epi_Interferon,GSM7498813_SS1945070,1.0,0.0,0.439628482972136
HSPA6+_Macro,Epi_Interferon,GSM7498814_SS1960050,0.14,0.413793103448275,0.239636570130607
HSPA6+_Macro,Epi_Interferon,GSM7498815_SS2002154,0.259943181818181,0.827586206896551,0.36986301369863
HSPA6+_Macro,Epi_Interferon,GSM7498816_SS2005094,0.0,0.938271604938271,0.569155446756425
HSPA6+_Macro,Epi_Interferon,GSM7498817_SS2021309,1.0,0.23076923076923,0.262027491408934
HSPA6+_Macro,Epi_Interferon,GSM7757970_R1-S1,0.328813559322033,0.0,0.449355432780847
HSPA6+_Macro,Epi_Interferon,GSM7757972_R1-S3,,,0.563920454545454
HSPA6+_Macro,Epi_Interferon,GSM7757973_R1-S4,0.681660899653979,0.568720379146919,0.453968253968253
HSPA6+_Macro,Epi_Interferon,GSM7757974_R1-S5,0.621890547263681,1.0,0.384039900249376
HSPA6+_Macro,Epi_Interferon,GSM7757975_R1-S6,0.220164609053497,0.58,0.591489361702127
HSPA6+_Macro,Epi_Interferon,GSM7757976_R2-S1,0.334310850439882,0.556179775280898,0.336336336336336
HSPA6+_Macro,Epi_Interferon,GSM7757977_R2-S2,0.720930232558139,0.426966292134831,0.406438631790744
HSPA6+_Macro,Epi_Interferon,GSM7757978_R2-S3,0.334754797441364,0.447513812154696,0.559085133418043
HSPA6+_Macro,Epi_Interferon,GSM7757979_R2-S4,0.428571428571428,0.596153846153846,0.460481099656357
HSPA6+_Macro,Epi_Interferon,GSM7757980_R2-S5,0.0,1.0,0.338535414165666
HSPA6+_Macro,Epi_Interferon,GSM7757982_R3-S2,0.527777777777777,1.0,0.246899661781285
HSPA6+_Macro,Epi_Interferon,GSM7757983_R3-S3,0.0,0.88235294117647,0.304172274562584
HSPA6+_Macro,Epi_Interferon,GSM7757984_R3-S4,0.654708520179372,0.457142857142857,0.483176312247644
HSPA6+_Macro,Epi_Interferon,GSM7757985_R3-S5,0.43483556638246,0.807106598984771,0.237089201877934
HSPA6+_Macro,Epi_Interferon,GSM7777520_A1,,1.0,0.263681592039801
HSPA6+_Macro,Epi_Interferon,GSM7777521_B1,1.0,0.0,0.414578587699316
HSPA6+_Macro,Epi_Interferon,GSM7777522_C1,0.65530303030303,0.516129032258064,0.0
HSPA6+_Macro,Epi_Interferon,GSM7777523_D1,0.0,0.836734693877551,0.303630363036303
HSPA6+_Macro,Epi_Interferon,GSM7850822_CHC20,0.0,0.0,0.45418326693227
HSPA6+_Macro,Epi_Interferon,HCC1R,0.629807692307692,0.0,0.242705570291777
HSPA6+_Macro,Epi_Interferon,HCC3R,0.640552995391705,0.545454545454545,0.664179104477612
HSPA6+_Macro,Epi_Interferon,HCC4R,0.751111111111111,0.543046357615894,0.382763975155279
HSPA6+_Macro,Epi_Interferon,HCC6NR,1.0,0.708771929824561,0.60900140646976
HSPA6+_Macro,Epi_Interferon,HCC7NR,0.745257452574525,0.619266055045871,0.486021505376344
HSPA6+_Macro,Epi_Interferon,HRA000437_HCC-1T,0.174731182795698,1.0,0.142038946162657
HSPA6+_Macro,Epi_Interferon,HRA000437_HCC-2T,0.658761528326745,0.415990730011587,0.268858800773694
HSPA6+_Macro,Epi_Interferon,HRA000437_HCC-3T,1.0,0.707964601769911,0.544878563885955
HSPA6+_Macro,Epi_Interferon,HRA000437_HCC-4T,0.476683937823834,0.424083769633507,0.245243128964059
HSPA6+_Macro,Epi_Interferon,Parent_Visium_Human_BreastCancer_201027,0.752112676056338,0.772833723653395,0.412348401323043
HSPA6+_Macro,Epi_Interferon,Parent_Visium_Human_ColorectalCancer_201027,0.574257425742574,0.0,0.554845580404685
HSPA6+_Macro,Epi_Interferon,Parent_Visium_Human_OvarianCancer_201027,0.26657824933687,0.451111111111111,0.111455108359133
HSPA6+_Macro,Epi_Interferon,S16_43398,0.431578947368421,0.451923076923076,0.513297872340425
HSPA6+_Macro,Epi_Interferon,S20_47598,0.461538461538461,0.3886925795053,0.200966183574879
HSPA6+_Macro,Epi_Interferon,S20_61122,0.608955223880597,0.542682926829268,0.390751445086705
HSPA6+_Macro,Epi_Interferon,S20_63981,0.40041928721174,0.411504424778761,0.193265993265993
HSPA6+_Macro,Epi_Interferon,S21_10267,0.286206896551724,0.632124352331606,0.327783558792924
HSPA6+_Macro,Epi_Interferon,SN048_A121573_Rep1,0.241935483870967,0.45,0.374331550802139
HSPA6+_Macro,Epi_Interferon,SN048_A121573_Rep2,0.406360424028268,0.676258992805755,0.202780996523754
HSPA6+_Macro,Epi_Interferon,SN048_A416371_Rep1,0.371212121212121,0.0,0.310615989515072
HSPA6+_Macro,Epi_Interferon,SN048_A416371_Rep2,0.0,0.0,0.25801282051282
HSPA6+_Macro,Epi_Interferon,SN123_A551763_Rep1,0.0,0.0,0.406593406593406
HSPA6+_Macro,Epi_Interferon,SN123_A595688_Rep1,0.587837837837837,0.350318471337579,0.334261838440111
HSPA6+_Macro,Epi_Interferon,SN123_A938797_Rep1_X,0.0,0.472727272727272,0.456813819577735
HSPA6+_Macro,Epi_Interferon,SN124_A551763_Rep2,,,0.428571428571428
HSPA6+_Macro,Epi_Interferon,SN124_A595688_Rep2,1.0,1.0,1.0
HSPA6+_Macro,Epi_Interferon,SN124_A938797_Rep2,0.33695652173913,0.608695652173913,0.515
HSPA6+_Macro,Epi_Interferon,SN84_A120838_Rep1,1.0,0.0,0.463917525773195
HSPA6+_Macro,Epi_Interferon,SN84_A120838_Rep2,0.544973544973545,0.395604395604395,0.327526132404181
HSPA6+_Macro,Epi_Interferon,V10F24-015_A1,1.0,0.0,0.236723672367236
HSPA6+_Macro,Epi_Interferon,V10F24-015_B1,1.0,0.595959595959595,0.146778042959427
HSPA6+_Macro,Epi_Interferon,V10F24-015_C1,0.797687861271676,0.770114942528735,0.116851168511685
HSPA6+_Macro,Epi_Interferon,V10F24-015_D1,0.0,0.282828282828282,0.235355648535564
HSPA6+_Macro,Epi_Interferon,V11A20-405_C1,0.245652173913043,0.338235294117647,0.188023952095808
HSPA6+_Macro,Epi_Interferon,V11A20-405_D1,0.392307692307692,0.270992366412213,0.302173913043478
HSPA6+_Macro,Epi_Interferon,V11M22-349_C1,0.123015873015873,0.5929203539823,0.191520467836257
HSPA6+_Macro,Epi_Interferon,V11M22-349_D1,0.857142857142857,0.422222222222222,0.323453608247422
HSPA6+_Macro,Epi_Interferon,V1_Breast_Cancer_Block_A_Section_2_200623,0.481481481481481,0.578231292517006,0.434210526315789
HSPA6+_Macro,Epi_Interferon,V1_Human_Invasive_Ductal_Carcinoma_210511,0.413461538461538,0.429629629629629,0.388927820602662
HSPA6+_Macro,Epi_Interferon,Visium_FFPE_Human_Breast_Cancer_210609,0.980099502487562,0.765873015873015,0.582051282051282
HSPA6+_Macro,Epi_Interferon,Visium_FFPE_Human_Intestinal_Cancer_220329,0.358267716535433,0.485838779956427,0.233112582781456
HSPA6+_Macro,Epi_Interferon,Visium_FFPE_Human_Ovarian_Cancer_220329,0.459691252144082,0.391213389121338,0.196620583717357
HSPA6+_Macro,Epi_Interferon,Visium_FFPE_Human_Prostate_Acinar_Cell_Carcinoma_211009,0.596491228070175,0.648148148148148,0.211842105263157
HSPA6+_Macro,Epi_Interferon,Visium_FFPE_Human_Prostate_Cancer_210609,0.333941605839416,0.612903225806451,0.415417558886509
HSPA6+_Macro,Epi_Interferon,Visium_FFPE_Human_Prostate_IF_220713,1.0,0.25,0.239339752407152
HSPA6+_Macro,Epi_Interferon,Visium_Human_Breast_Cancer_220702,0.443076923076923,0.475274725274725,0.477326968973747
HSPA6+_Macro,Epi_Interferon,WSSKNKCLsp12140270,0.396551724137931,0.714285714285714,0.169741697416974
HSPA6+_Macro,Epi_Interferon,WSSKNKCLsp12140271,0.306818181818181,0.505050505050505,0.288043478260869
HSPA6+_Macro,Epi_Interferon,WSSKNKCLsp12140272,1.0,1.0,0.306366047745358
HSPA6+_Macro,Epi_Interferon,WSSKNKCLsp12140273,1.0,0.951219512195122,0.458413926499032
HSPA6+_Macro,Epi_Interferon,WSSKNKCLsp12887267,0.0,0.392857142857142,0.728571428571428
HSPA6+_Macro,Epi_Interferon,WSSKNKCLsp12887268,0.0,0.0,0.414414414414414
HSPA6+_Macro,Epi_Interferon,WSSKNKCLsp12887269,1.0,0.153846153846153,0.404145077720207
HSPA6+_Macro,Epi_Interferon,WSSKNKCLsp12887270,,0.0,0.273224043715847
HSPA6+_Macro,Epi_Interferon,Zenodo10119273_Tumor2,0.408653846153846,0.801980198019802,0.0915141430948419
HSPA6+_Macro,Epi_Interferon,scCRLM_Atlas_ST-colon1,0.160714285714285,0.383333333333333,0.358527131782945
HSPA6+_Macro,Epi_Interferon,scCRLM_Atlas_ST-colon2,0.0,0.59375,0.338709677419354
HSPA6+_Macro,Epi_Interferon,scCRLM_Atlas_ST-colon3,0.850961538461538,1.0,0.626564003849855
HSPA6+_Macro,Epi_Interferon,scCRLM_Atlas_ST-colon4,0.514469453376205,0.55859375,0.22782446311858
HSPA6+_Macro,CD8_Tex,01_034_C1d1,1.0,0.329670329670329,0.179856115107913
HSPA6+_Macro,CD8_Tex,01_034_C3d1,0.186528497409326,1.0,0.725806451612903
HSPA6+_Macro,CD8_Tex,01_039_C1d1,0.0,0.559523809523809,0.246323529411764
HSPA6+_Macro,CD8_Tex,01_039_C3d1,0.352941176470588,0.0,0.22648401826484
HSPA6+_Macro,CD8_Tex,1142243F,0.904,0.606635071090047,0.061864406779661
HSPA6+_Macro,CD8_Tex,1160920F,0.306742640075973,0.33015873015873,0.143621766280107
HSPA6+_Macro,CD8_Tex,A_955_OvarianTumor,0.470588235294117,0.387850467289719,0.452547452547452
HSPA6+_Macro,CD8_Tex,A_GTFB1154_OvarianCancerTumor,0.0,1.0,0.650130548302872
HSPA6+_Macro,CD8_Tex,Ajou_Visium_P1,0.566964285714285,0.879084967320261,0.508587786259541
HSPA6+_Macro,CD8_Tex,Ajou_Visium_P2,0.57451923076923,0.352601156069364,0.0780559646539028
HSPA6+_Macro,CD8_Tex,Ajou_Visium_P3,,,0.502543234994913
HSPA6+_Macro,CD8_Tex,Ajou_Visium_P4,0.70679012345679,0.58080808080808,0.4
HSPA6+_Macro,CD8_Tex,B_GTFB1191_OvarianCancerTumor,0.504464285714285,0.56084656084656,0.365979381443298
HSPA6+_Macro,CD8_Tex,CID4290,1.0,0.94776119402985,0.474462365591397
HSPA6+_Macro,CD8_Tex,CID4465,0.396039603960396,0.393258426966292,0.183884297520661
HSPA6+_Macro,CD8_Tex,CID44971,0.28169014084507,0.280701754385964,0.307324840764331
HSPA6+_Macro,CD8_Tex,CID4535,0.364406779661016,0.621212121212121,0.191977077363896
HSPA6+_Macro,CD8_Tex,C_GTFB1170_SmallCellOvarianCancer,1.0,0.495495495495495,0.756218905472636
HSPA6+_Macro,CD8_Tex,Colon_10x_Visium_SampleP2_CRC,0.217391304347826,0.309941520467836,0.202166064981949
HSPA6+_Macro,CD8_Tex,CytAssist_11mm_FFPE_Human_Lung_Cancer_230214,0.247844827586206,0.638181818181818,0.433481152993348
HSPA6+_Macro,CD8_Tex,CytAssist_11mm_FFPE_Human_Ovarian_Carcinoma_220715,0.698113207547169,0.918181818181818,0.504310344827586
HSPA6+_Macro,CD8_Tex,CytAssist_FFPE_Human_Lung_Squamous_Cell_Carcinoma_220714,0.281753130590339,0.589877835951134,0.633738601823708
HSPA6+_Macro,CD8_Tex,CytAssist_Fresh_Frozen_Human_Breast_Cancer_230107,0.391592920353982,0.555555555555555,0.184818481848184
HSPA6+_Macro,CD8_Tex,D_GTFB1170_SmallCellOvarianCancer,0.551546391752577,1.0,0.69877408056042
HSPA6+_Macro,CD8_Tex,D_GTFB_1230_OvarianTumor,0.0,1.0,0.553884711779448
HSPA6+_Macro,CD8_Tex,E_MTAB_13530_P10_T1,0.338164251207729,0.449612403100775,0.402810304449648
HSPA6+_Macro,CD8_Tex,E_MTAB_13530_P10_T2,1.0,0.685393258426966,0.413897280966767
HSPA6+_Macro,CD8_Tex,E_MTAB_13530_P10_T3,0.609467455621301,0.0,0.355704697986577
HSPA6+_Macro,CD8_Tex,E_MTAB_13530_P10_T4,0.242647058823529,0.945578231292517,0.515094339622641
HSPA6+_Macro,CD8_Tex,E_MTAB_13530_P11_T1,0.232258064516129,0.379746835443038,0.327526132404181
HSPA6+_Macro,CD8_Tex,E_MTAB_13530_P11_T2,0.693877551020408,0.512658227848101,0.0695187165775401
HSPA6+_Macro,CD8_Tex,E_MTAB_13530_P11_T3,0.0,0.0,0.208588957055214
HSPA6+_Macro,CD8_Tex,E_MTAB_13530_P11_T4,0.0,0.0,0.444646098003629
HSPA6+_Macro,CD8_Tex,E_MTAB_13530_P15_T1,0.433734939759036,0.353080568720379,0.454419889502762
HSPA6+_Macro,CD8_Tex,E_MTAB_13530_P15_T2,0.330708661417322,0.516666666666666,0.556008146639511
HSPA6+_Macro,CD8_Tex,E_MTAB_13530_P16_T1,1.0,0.711864406779661,0.369165487977369
HSPA6+_Macro,CD8_Tex,E_MTAB_13530_P16_T2,0.363636363636363,1.0,0.439669421487603
HSPA6+_Macro,CD8_Tex,E_MTAB_13530_P17_T1,0.641821946169772,0.528301886792452,0.60832137733142
HSPA6+_Macro,CD8_Tex,E_MTAB_13530_P17_T2,0.569420035149384,0.358333333333333,0.401028277634961
HSPA6+_Macro,CD8_Tex,E_MTAB_13530_P19_T1,0.140388768898488,0.3475,0.31810766721044
HSPA6+_Macro,CD8_Tex,E_MTAB_13530_P19_T2,0.278033794162826,0.528023598820059,0.483245149911816
HSPA6+_Macro,CD8_Tex,E_MTAB_13530_P24_T1,0.272727272727272,0.0,0.435817805383022
HSPA6+_Macro,CD8_Tex,E_MTAB_13530_P24_T2,0.442953020134228,0.964125560538116,0.461240310077519
HSPA6+_Macro,CD8_Tex,E_MTAB_13530_P25_T1,0.361990950226244,0.551724137931034,0.42159383033419
HSPA6+_Macro,CD8_Tex,E_MTAB_13530_P25_T2,1.0,1.0,0.457055214723926
HSPA6+_Macro,CD8_Tex,GSE144239_GSM4565823,0.0,0.0,0.319672131147541
HSPA6+_Macro,CD8_Tex,GSE144239_GSM4565824,0.0,,0.219780219780219
HSPA6+_Macro,CD8_Tex,GSE144239_GSM4565825,0.365418894830659,0.740932642487046,0.097005988023952
HSPA6+_Macro,CD8_Tex,GSE144239_GSM4565826,1.0,0.0,0.0742574257425742
HSPA6+_Macro,CD8_Tex,GSE251950_20_00331_LI_SING,0.570224719101123,0.875675675675675,0.311688311688311
HSPA6+_Macro,CD8_Tex,GSE251950_21_00731_LI_SING,0.427927927927927,0.742574257425742,0.499569336778639
HSPA6+_Macro,CD8_Tex,GSE251950_21_00732_LI_SING,0.215469613259668,0.0,0.284313725490196
HSPA6+_Macro,CD8_Tex,GSE251950_21_00733_LI_SING,0.0,0.839743589743589,0.391732283464566
HSPA6+_Macro,CD8_Tex,GSE251950_21_00734_LI_SING,0.465822784810126,0.111111111111111,0.349307774227902
HSPA6+_Macro,CD8_Tex,GSE251950_21_01251_LI_SING,0.439024390243902,0.819587628865979,0.475218658892128
HSPA6+_Macro,CD8_Tex,GSE251950_21_01253_LI_SING,0.875,0.0,0.369727047146402
HSPA6+_Macro,CD8_Tex,GSE251950_21_01254_LI_SING,0.277372262773722,0.834101382488479,0.558309037900874
HSPA6+_Macro,CD8_Tex,GSE251950_21_01675_LI_SING,0.25,0.493877551020408,0.379474940334128
HSPA6+_Macro,CD8_Tex,GSM5494475_HNSCC201125T04,1.0,0.958333333333333,0.553435114503816
HSPA6+_Macro,CD8_Tex,GSM5494476_HNSCC201125T05,0.490445859872611,0.904761904761904,0.6125
HSPA6+_Macro,CD8_Tex,GSM5494477_HNSCC201125T07,0.0,0.0,0.406926406926406
HSPA6+_Macro,CD8_Tex,GSM5494478_HNSCC201125T10,0.0,1.0,0.203661327231121
HSPA6+_Macro,CD8_Tex,GSM5494479_P210325T1,,0.0,0.353801169590643
HSPA6+_Macro,CD8_Tex,GSM5494480_P210325T3,0.0,0.878787878787878,0.512249443207127
HSPA6+_Macro,CD8_Tex,GSM5494481_P210325T5,0.0,0.0,0.5
HSPA6+_Macro,CD8_Tex,GSM5494482_P210325T6,0.0,0.0,0.144542772861356
HSPA6+_Macro,CD8_Tex,GSM5924030_ffpe_c_2,0.772357723577235,0.826086956521739,0.456716417910447
HSPA6+_Macro,CD8_Tex,GSM5924031_ffpe_c_3,0.205673758865248,0.416666666666666,0.228260869565217
HSPA6+_Macro,CD8_Tex,GSM5924032_ffpe_c_4,0.081081081081081,0.360169491525423,0.0657894736842105
HSPA6+_Macro,CD8_Tex,GSM5924033_ffpe_c_7,0.508528784648187,0.678787878787878,0.412360688956433
HSPA6+_Macro,CD8_Tex,GSM5924034_ffpe_c_10,1.0,0.0,0.0407191961924907
HSPA6+_Macro,CD8_Tex,GSM5924035_ffpe_c_20,0.273764258555133,0.373195876288659,0.182408500590318
HSPA6+_Macro,CD8_Tex,GSM5924036_ffpe_c_21,0.6375,0.803418803418803,0.286860581745235
HSPA6+_Macro,CD8_Tex,GSM5924037_ffpe_c_34,0.115555555555555,0.279569892473118,0.201238390092879
HSPA6+_Macro,CD8_Tex,GSM5924038_ffpe_c_36,0.103960396039603,0.573529411764705,0.0659599528857479
HSPA6+_Macro,CD8_Tex,GSM5924039_ffpe_c_39,0.293528505392912,0.551637279596977,0.153046062407132
HSPA6+_Macro,CD8_Tex,GSM5924040_ffpe_c_45,0.169435215946843,0.0945945945945946,0.0268199233716475
HSPA6+_Macro,CD8_Tex,GSM5924041_ffpe_c_51,0.262790697674418,0.0,0.0430528375733855
HSPA6+_Macro,CD8_Tex,GSM5924042_frozen_a_1,0.803921568627451,1.0,0.356955380577427
HSPA6+_Macro,CD8_Tex,GSM5924043_frozen_a_3,0.459923664122137,1.0,0.212218649517684
HSPA6+_Macro,CD8_Tex,GSM5924044_frozen_a_15,0.35234899328859,0.623853211009174,0.436046511627907
HSPA6+_Macro,CD8_Tex,GSM5924045_frozen_a_17,1.0,1.0,0.475409836065573
HSPA6+_Macro,CD8_Tex,GSM5924046_frozen_b_1,0.719512195121951,0.0,0.732142857142857
HSPA6+_Macro,CD8_Tex,GSM5924048_frozen_b_13,0.259259259259259,0.0,0.252307692307692
HSPA6+_Macro,CD8_Tex,GSM5924049_frozen_b_18,0.6,0.0,0.478431372549019
HSPA6+_Macro,CD8_Tex,GSM5924050_frozen_c_2,0.732394366197183,0.0,0.818873668188736
HSPA6+_Macro,CD8_Tex,GSM5924051_frozen_c_5,0.446808510638297,0.210762331838565,0.111261872455902
HSPA6+_Macro,CD8_Tex,GSM5924052_frozen_c_23,0.471223021582733,0.671497584541062,0.340511440107671
HSPA6+_Macro,CD8_Tex,GSM5924053_frozen_c_57,,0.0,0.514223194748358
HSPA6+_Macro,CD8_Tex,GSM6030901_patient_1,0.564356435643564,1.0,0.572164948453608
HSPA6+_Macro,CD8_Tex,GSM6030902_patient_2,1.0,1.0,0.744493392070484
HSPA6+_Macro,CD8_Tex,GSM6177599_NYU_BRCA0_Vis,0.88235294117647,0.361344537815126,0.196736174070716
HSPA6+_Macro,CD8_Tex,GSM6177603_NYU_BRCA2_Vis,0.958333333333333,0.838461538461538,0.179916317991631
HSPA6+_Macro,CD8_Tex,GSM6177607_NYU_GIST1_Vis,0.361111111111111,0.694968553459119,0.479490806223479
HSPA6+_Macro,CD8_Tex,GSM6177609_NYU_GIST2_Vis,,,0.52
HSPA6+_Macro,CD8_Tex,GSM6177612_NYU_LIHC1_Vis,0.174603174603174,1.0,0.626623376623376
HSPA6+_Macro,CD8_Tex,GSM6177614_NYU_OVCA1_Vis,0.596774193548387,0.870588235294117,0.85969387755102
HSPA6+_Macro,CD8_Tex,GSM6177617_NYU_OVCA3_Vis,0.95,0.478260869565217,0.536697247706422
HSPA6+_Macro,CD8_Tex,GSM6177618_NYU_PDAC1_Vis,0.837837837837837,0.517647058823529,0.428571428571428
HSPA6+_Macro,CD8_Tex,GSM6177623_NYU_UCEC3_Vis,0.654135338345864,0.0,0.705722070844686
HSPA6+_Macro,CD8_Tex,GSM6339631_s1,0.0,0.0,0.718085106382978
HSPA6+_Macro,CD8_Tex,GSM6339632_s2,0.413698630136986,0.55688622754491,0.335648148148148
HSPA6+_Macro,CD8_Tex,GSM6339633_s3,0.627906976744186,1.0,0.704225352112676
HSPA6+_Macro,CD8_Tex,GSM6339634_s4,0.0,0.0,0.301980198019801
HSPA6+_Macro,CD8_Tex,GSM6339635_s5,1.0,0.65040650406504,0.110869565217391
HSPA6+_Macro,CD8_Tex,GSM6339636_s6,0.0,0.0,0.118435754189944
HSPA6+_Macro,CD8_Tex,GSM6339637_s7,,,0.394160583941605
HSPA6+_Macro,CD8_Tex,GSM6339638_s8,,0.0,0.24
HSPA6+_Macro,CD8_Tex,GSM6339639_s9,,0.0,0.350176263219741
HSPA6+_Macro,CD8_Tex,GSM6339640_s10,1.0,1.0,0.683916083916083
HSPA6+_Macro,CD8_Tex,GSM6339641_s11,1.0,0.723214285714285,0.0042194092827004
HSPA6+_Macro,CD8_Tex,GSM6339642_s12,0.0,0.0,0.31
HSPA6+_Macro,CD8_Tex,GSM6433585_092A,0.332089552238806,0.0,0.546840958605664
HSPA6+_Macro,CD8_Tex,GSM6433586_092B,0.0,0.0,0.389261744966442
HSPA6+_Macro,CD8_Tex,GSM6433587_093A,0.599056603773584,0.0,0.118443316412859
HSPA6+_Macro,CD8_Tex,GSM6433588_093B,0.235384615384615,0.756756756756756,0.0
HSPA6+_Macro,CD8_Tex,GSM6433589_093C,0.294532627865961,0.476309226932668,0.230563002680965
HSPA6+_Macro,CD8_Tex,GSM6433590_093D,1.0,0.709677419354838,0.15625
HSPA6+_Macro,CD8_Tex,GSM6433591_094A,,1.0,0.0633484162895927
HSPA6+_Macro,CD8_Tex,GSM6433592_094B,0.148837209302325,0.333333333333333,0.229249011857707
HSPA6+_Macro,CD8_Tex,GSM6433593_094C,0.250746268656716,0.648648648648648,0.0518134715025906
HSPA6+_Macro,CD8_Tex,GSM6433594_094D,1.0,0.317073170731707,0.150515463917525
HSPA6+_Macro,CD8_Tex,GSM6433595_095A,0.357894736842105,0.0,0.35064935064935
HSPA6+_Macro,CD8_Tex,GSM6433596_095B,1.0,0.287878787878787,0.0883116883116883
HSPA6+_Macro,CD8_Tex,GSM6433597_117B,0.0,1.0,0.311546840958605
HSPA6+_Macro,CD8_Tex,GSM6433598_117C,0.355623100303951,0.270114942528735,0.310344827586206
HSPA6+_Macro,CD8_Tex,GSM6433599_117D,0.310344827586206,0.298561151079136,0.303030303030303
HSPA6+_Macro,CD8_Tex,GSM6433600_117E,0.2,1.0,1.0
HSPA6+_Macro,CD8_Tex,GSM6433601_118B,1.0,0.0,0.169109357384441
HSPA6+_Macro,CD8_Tex,GSM6433602_118C,0.0,0.771428571428571,0.121513944223107
HSPA6+_Macro,CD8_Tex,GSM6433603_118D,1.0,0.540983606557377,0.224852071005917
HSPA6+_Macro,CD8_Tex,GSM6433604_118E,0.973684210526315,1.0,0.226666666666666
HSPA6+_Macro,CD8_Tex,GSM6433605_119B,0.0,1.0,0.0
HSPA6+_Macro,CD8_Tex,GSM6433606_119C,1.0,0.406779661016949,0.0
HSPA6+_Macro,CD8_Tex,GSM6433607_119D,0.713375796178343,0.0,0.398963730569948
HSPA6+_Macro,CD8_Tex,GSM6433608_119E,0.437810945273631,0.152,0.352293577981651
HSPA6+_Macro,CD8_Tex,GSM6433609_120B,0.12883435582822,0.20807453416149,0.5
HSPA6+_Macro,CD8_Tex,GSM6433610_120C,0.226006191950464,0.617021276595744,0.18705035971223
HSPA6+_Macro,CD8_Tex,GSM6433611_120D,0.728,0.369230769230769,0.477011494252873
HSPA6+_Macro,CD8_Tex,GSM6433612_120E,,0.0,0.111405835543766
HSPA6+_Macro,CD8_Tex,GSM6433613_395A,0.639257294429708,1.0,0.256048387096774
HSPA6+_Macro,CD8_Tex,GSM6433614_395B,0.0,0.0,0.334217506631299
HSPA6+_Macro,CD8_Tex,GSM6433615_395C,1.0,0.761363636363636,0.238442822384428
HSPA6+_Macro,CD8_Tex,GSM6433616_395D,0.738372093023255,0.0,0.176817288801571
HSPA6+_Macro,CD8_Tex,GSM6433617_396A,0.0,0.0,0.134831460674157
HSPA6+_Macro,CD8_Tex,GSM6433618_396C,0.446969696969696,0.0,0.100137174211248
HSPA6+_Macro,CD8_Tex,GSM6433619_396D,0.466666666666666,1.0,0.066465256797583
HSPA6+_Macro,CD8_Tex,GSM6433620_397A,0.81,0.943396226415094,0.2275
HSPA6+_Macro,CD8_Tex,GSM6433621_397B,0.0,0.0,0.0
HSPA6+_Macro,CD8_Tex,GSM6433622_397C,0.172413793103448,0.401360544217687,0.186746987951807
HSPA6+_Macro,CD8_Tex,GSM6433623_397D,0.0,0.0,0.073170731707317
HSPA6+_Macro,CD8_Tex,GSM6433624_398A,0.364161849710982,0.916666666666666,0.44743935309973
HSPA6+_Macro,CD8_Tex,GSM6433625_398B,0.0,0.689655172413793,0.282051282051282
HSPA6+_Macro,CD8_Tex,GSM6433626_398C,,0.0,0.88704318936877
HSPA6+_Macro,CD8_Tex,GSM6433627_398D,1.0,0.569620253164557,0.823529411764705
HSPA6+_Macro,CD8_Tex,GSM6505133_DonorA,0.0,0.312925170068027,0.358320839580209
HSPA6+_Macro,CD8_Tex,GSM6505134_DonorB,0.603174603174603,0.632911392405063,0.252141982864137
HSPA6+_Macro,CD8_Tex,GSM6505135_DonorC,0.654676258992805,0.449612403100775,0.172312223858615
HSPA6+_Macro,CD8_Tex,GSM6506110_SP1,0.595375722543352,0.904040404040404,0.780487804878048
HSPA6+_Macro,CD8_Tex,GSM6506111_SP2,0.0,0.0,0.653846153846153
HSPA6+_Macro,CD8_Tex,GSM6506112_SP3,1.0,0.666666666666666,0.790927021696252
HSPA6+_Macro,CD8_Tex,GSM6506113_SP4,0.917910447761194,0.1953125,0.474916387959866
HSPA6+_Macro,CD8_Tex,GSM6506114_SP5,0.0,1.0,0.266040688575899
HSPA6+_Macro,CD8_Tex,GSM6506115_SP6,1.0,0.484536082474226,0.764808362369338
HSPA6+_Macro,CD8_Tex,GSM6506116_SP7,0.749354005167958,0.731808731808731,0.364396654719235
HSPA6+_Macro,CD8_Tex,GSM6506117_SP8,0.820754716981132,0.9,0.59667852906287
HSPA6+_Macro,CD8_Tex,GSM6833484_Patient1,0.327407407407407,0.747899159663865,0.215346534653465
HSPA6+_Macro,CD8_Tex,GSM6833485_Patient2,0.0,0.473684210526315,0.276811594202898
HSPA6+_Macro,CD8_Tex,GSM6833486_Patient3,0.0,0.0,0.348084544253632
HSPA6+_Macro,CD8_Tex,GSM6833487_Patient4,0.386965376782077,0.496551724137931,0.299487179487179
HSPA6+_Macro,CD8_Tex,GSM7019835_OCCR2v,0.931818181818181,0.641379310344827,0.378205128205128
HSPA6+_Macro,CD8_Tex,GSM7019836_OCCS3v,1.0,0.888888888888888,0.75268817204301
HSPA6+_Macro,CD8_Tex,GSM7058756,0.72429906542056,0.927710843373494,0.566347469220246
HSPA6+_Macro,CD8_Tex,GSM7058757,0.51081081081081,0.957446808510638,0.544783983140147
HSPA6+_Macro,CD8_Tex,GSM7058758,0.0,1.0,0.5625
HSPA6+_Macro,CD8_Tex,GSM7058759,1.0,0.75,0.245875883739198
HSPA6+_Macro,CD8_Tex,GSM7090086_NextSeq2000,0.442105263157894,1.0,0.878787878787878
HSPA6+_Macro,CD8_Tex,GSM7090087_NextSeq2000,1.0,0.986486486486486,0.549728752260397
HSPA6+_Macro,CD8_Tex,GSM7090088_NextSeq2000,1.0,1.0,0.451143451143451
HSPA6+_Macro,CD8_Tex,GSM7211257_EHU-W3,0.290836653386454,0.355263157894736,0.668499607227022
HSPA6+_Macro,CD8_Tex,GSM7421790_PDAC_1,1.0,0.0,0.0
HSPA6+_Macro,CD8_Tex,GSM7421791_PDAC_2,0.0657894736842105,0.0,0.0495356037151702
HSPA6+_Macro,CD8_Tex,GSM7421792_PDAC_3,0.611111111111111,0.0,0.146245059288537
HSPA6+_Macro,CD8_Tex,GSM7498811_SS1905133,0.307262569832402,0.372950819672131,0.200162074554294
HSPA6+_Macro,CD8_Tex,GSM7498812_SS1923404,0.714285714285714,0.106060606060606,0.117100371747211
HSPA6+_Macro,CD8_Tex,GSM7498813_SS1945070,0.0,0.0,0.145816733067729
HSPA6+_Macro,CD8_Tex,GSM7498814_SS1960050,0.0,0.887755102040816,0.0508582326764145
HSPA6+_Macro,CD8_Tex,GSM7498815_SS2002154,0.304273504273504,0.475524475524475,0.328865058087578
HSPA6+_Macro,CD8_Tex,GSM7498816_SS2005094,0.0,0.73,0.0536467751657625
HSPA6+_Macro,CD8_Tex,GSM7498817_SS2021309,1.0,1.0,0.324491600353669
HSPA6+_Macro,CD8_Tex,GSM7757970_R1-S1,0.27457627118644,0.0,0.171398527865404
HSPA6+_Macro,CD8_Tex,GSM7757972_R1-S3,,,0.180555555555555
HSPA6+_Macro,CD8_Tex,GSM7757973_R1-S4,0.141242937853107,0.540880503144654,0.0
HSPA6+_Macro,CD8_Tex,GSM7757974_R1-S5,0.0440917107583774,0.0,0.0
HSPA6+_Macro,CD8_Tex,GSM7757975_R1-S6,0.435203094777562,0.210144927536231,0.0465717981888745
HSPA6+_Macro,CD8_Tex,GSM7757976_R2-S1,0.106635071090047,0.309236947791164,0.119565217391304
HSPA6+_Macro,CD8_Tex,GSM7757977_R2-S2,0.0,0.27177700348432,0.0889248181083266
HSPA6+_Macro,CD8_Tex,GSM7757978_R2-S3,0.483383685800604,0.374777975133214,0.238557558945908
HSPA6+_Macro,CD8_Tex,GSM7757979_R2-S4,0.0769230769230769,0.596153846153846,0.119718309859154
HSPA6+_Macro,CD8_Tex,GSM7757980_R2-S5,0.0,0.610169491525423,0.0786397449521785
HSPA6+_Macro,CD8_Tex,GSM7757982_R3-S2,0.0,0.0,0.0881696428571428
HSPA6+_Macro,CD8_Tex,GSM7757983_R3-S3,0.0,1.0,0.113936927772126
HSPA6+_Macro,CD8_Tex,GSM7757984_R3-S4,0.281385281385281,0.265658747300216,0.258064516129032
HSPA6+_Macro,CD8_Tex,GSM7757985_R3-S5,0.334075723830734,0.739837398373983,0.58811475409836
HSPA6+_Macro,CD8_Tex,GSM7777520_A1,,1.0,0.111111111111111
HSPA6+_Macro,CD8_Tex,GSM7777521_B1,0.0,0.0,0.376498800959232
HSPA6+_Macro,CD8_Tex,GSM7777522_C1,0.236933797909407,0.720930232558139,0.0
HSPA6+_Macro,CD8_Tex,GSM7777523_D1,0.0,1.0,0.61631419939577
HSPA6+_Macro,CD8_Tex,GSM7850822_CHC20,0.165354330708661,0.617647058823529,0.0156739811912225
HSPA6+_Macro,CD8_Tex,HCC1R,0.360714285714285,1.0,0.660431654676259
HSPA6+_Macro,CD8_Tex,HCC3R,0.470588235294117,1.0,0.502314814814814
HSPA6+_Macro,CD8_Tex,HCC4R,1.0,1.0,0.292436974789916
HSPA6+_Macro,CD8_Tex,HCC6NR,0.777777777777777,0.314917127071823,0.37609841827768
HSPA6+_Macro,CD8_Tex,HCC7NR,0.565853658536585,0.322469982847341,0.797872340425531
HSPA6+_Macro,CD8_Tex,HRA000437_HCC-1T,0.241847826086956,0.490566037735849,0.590524534686971
HSPA6+_Macro,CD8_Tex,HRA000437_HCC-2T,0.366735537190082,0.539627039627039,0.594871794871794
HSPA6+_Macro,CD8_Tex,HRA000437_HCC-3T,0.307692307692307,0.684210526315789,0.313517915309446
HSPA6+_Macro,CD8_Tex,HRA000437_HCC-4T,0.4,0.388646288209607,0.322105263157894
HSPA6+_Macro,CD8_Tex,Parent_Visium_Human_BreastCancer_201027,0.796352583586626,0.441056910569105,0.608548931383577
HSPA6+_Macro,CD8_Tex,Parent_Visium_Human_ColorectalCancer_201027,0.803571428571428,1.0,0.645435244161358
HSPA6+_Macro,CD8_Tex,Parent_Visium_Human_OvarianCancer_201027,0.941520467836257,0.659523809523809,0.466535433070866
HSPA6+_Macro,CD8_Tex,S16_43398,0.631578947368421,1.0,0.197285067873303
HSPA6+_Macro,CD8_Tex,S20_47598,0.412903225806451,0.52892561983471,0.22309970384995
HSPA6+_Macro,CD8_Tex,S20_61122,0.536231884057971,0.448837209302325,0.238883143743536
HSPA6+_Macro,CD8_Tex,S20_63981,0.3225,0.613636363636363,0.436348408710217
HSPA6+_Macro,CD8_Tex,S21_10267,0.188267394270122,0.883720930232558,0.595663265306122
HSPA6+_Macro,CD8_Tex,SN048_A121573_Rep1,1.0,0.977272727272727,0.606407322654462
HSPA6+_Macro,CD8_Tex,SN048_A121573_Rep2,1.0,1.0,0.498579545454545
HSPA6+_Macro,CD8_Tex,SN048_A416371_Rep1,0.628865979381443,0.0,0.582317073170731
HSPA6+_Macro,CD8_Tex,SN048_A416371_Rep2,0.0,0.0,0.518358531317494
HSPA6+_Macro,CD8_Tex,SN123_A551763_Rep1,1.0,0.0,0.669354838709677
HSPA6+_Macro,CD8_Tex,SN123_A595688_Rep1,0.617021276595744,0.385185185185185,0.464285714285714
HSPA6+_Macro,CD8_Tex,SN123_A938797_Rep1_X,1.0,0.490566037735849,0.443165467625899
HSPA6+_Macro,CD8_Tex,SN124_A551763_Rep2,,,0.425742574257425
HSPA6+_Macro,CD8_Tex,SN124_A595688_Rep2,1.0,1.0,1.0
HSPA6+_Macro,CD8_Tex,SN124_A938797_Rep2,0.913043478260869,0.6775956284153,0.26775956284153
HSPA6+_Macro,CD8_Tex,SN84_A120838_Rep1,1.0,1.0,0.86734693877551
HSPA6+_Macro,CD8_Tex,SN84_A120838_Rep2,0.598837209302325,0.448087431693989,0.428571428571428
HSPA6+_Macro,CD8_Tex,V10F24-015_A1,1.0,0.0,0.200554528650646
HSPA6+_Macro,CD8_Tex,V10F24-015_B1,1.0,0.784,0.102925243770314
HSPA6+_Macro,CD8_Tex,V10F24-015_C1,0.868263473053892,0.706896551724137,0.168458781362007
HSPA6+_Macro,CD8_Tex,V10F24-015_D1,0.0,0.717171717171717,0.225247524752475
HSPA6+_Macro,CD8_Tex,V11A20-405_C1,0.460048426150121,0.926605504587156,0.583989501312336
HSPA6+_Macro,CD8_Tex,V11A20-405_D1,0.444244604316546,0.824,0.509980039920159
HSPA6+_Macro,CD8_Tex,V11M22-349_C1,0.431159420289855,0.675,0.427574171029668
HSPA6+_Macro,CD8_Tex,V11M22-349_D1,0.6,0.763358778625954,0.614825581395348
HSPA6+_Macro,CD8_Tex,V1_Breast_Cancer_Block_A_Section_2_200623,0.397905759162303,0.0,0.0577617328519855
HSPA6+_Macro,CD8_Tex,V1_Human_Invasive_Ductal_Carcinoma_210511,0.187725631768953,0.461538461538461,0.129202373104812
HSPA6+_Macro,CD8_Tex,Visium_FFPE_Human_Breast_Cancer_210609,0.42811501597444,0.442244224422442,0.234615384615384
HSPA6+_Macro,CD8_Tex,Visium_FFPE_Human_Intestinal_Cancer_220329,0.408906882591093,0.479381443298969,0.285
HSPA6+_Macro,CD8_Tex,Visium_FFPE_Human_Ovarian_Cancer_220329,0.666666666666666,0.710467706013363,0.305172413793103
HSPA6+_Macro,CD8_Tex,Visium_FFPE_Human_Prostate_Acinar_Cell_Carcinoma_211009,0.714285714285714,0.34074074074074,0.369539551357733
HSPA6+_Macro,CD8_Tex,Visium_FFPE_Human_Prostate_Cancer_210609,0.526932084309133,0.526315789473684,0.488180883864337
HSPA6+_Macro,CD8_Tex,Visium_FFPE_Human_Prostate_IF_220713,0.452991452991453,0.477272727272727,0.514258555133079
HSPA6+_Macro,CD8_Tex,Visium_Human_Breast_Cancer_220702,0.626262626262626,0.285087719298245,0.180124223602484
HSPA6+_Macro,CD8_Tex,WSSKNKCLsp12140270,0.696969696969697,0.952380952380952,0.0072727272727272
HSPA6+_Macro,CD8_Tex,WSSKNKCLsp12140271,0.294117647058823,0.637583892617449,0.139024390243902
HSPA6+_Macro,CD8_Tex,WSSKNKCLsp12140272,1.0,1.0,0.478260869565217
HSPA6+_Macro,CD8_Tex,WSSKNKCLsp12140273,1.0,0.0,0.256931608133086
HSPA6+_Macro,CD8_Tex,WSSKNKCLsp12887267,1.0,0.0,0.261044176706827
HSPA6+_Macro,CD8_Tex,WSSKNKCLsp12887268,0.0,0.0,0.122023809523809
HSPA6+_Macro,CD8_Tex,WSSKNKCLsp12887269,0.701030927835051,0.0,0.0847457627118644
HSPA6+_Macro,CD8_Tex,WSSKNKCLsp12887270,,0.0,0.156829679595278
HSPA6+_Macro,CD8_Tex,Zenodo10119273_Tumor2,0.6125,0.198473282442748,0.709219858156028
HSPA6+_Macro,CD8_Tex,scCRLM_Atlas_ST-colon1,0.75,0.544303797468354,0.530434782608695
HSPA6+_Macro,CD8_Tex,scCRLM_Atlas_ST-colon2,0.0,1.0,0.42892561983471
HSPA6+_Macro,CD8_Tex,scCRLM_Atlas_ST-colon3,1.0,1.0,0.542338709677419
HSPA6+_Macro,CD8_Tex,scCRLM_Atlas_ST-colon4,0.801587301587301,0.914772727272727,0.489361702127659
HSPA6+_Macro,Epi_Squamous,01_034_C1d1,0.0,1.0,0.496402877697841
HSPA6+_Macro,Epi_Squamous,01_034_C3d1,0.419928825622775,0.313432835820895,0.725806451612903
HSPA6+_Macro,Epi_Squamous,01_039_C1d1,0.0,0.0,0.0674603174603174
HSPA6+_Macro,Epi_Squamous,01_039_C3d1,0.476744186046511,0.0,0.285333333333333
HSPA6+_Macro,Epi_Squamous,1142243F,1.0,0.649289099526066,0.674917491749174
HSPA6+_Macro,Epi_Squamous,1160920F,0.487473903966597,0.780114722753346,0.694444444444444
HSPA6+_Macro,Epi_Squamous,A_955_OvarianTumor,0.144578313253012,0.501154734411085,0.391382405745062
HSPA6+_Macro,Epi_Squamous,A_GTFB1154_OvarianCancerTumor,0.0,0.449438202247191,0.340782122905027
HSPA6+_Macro,Epi_Squamous,Ajou_Visium_P1,0.589041095890411,0.819397993311036,0.625967325881341
HSPA6+_Macro,Epi_Squamous,Ajou_Visium_P2,0.524793388429752,0.666666666666666,0.361227336122733
HSPA6+_Macro,Epi_Squamous,Ajou_Visium_P3,,,0.274765003615329
HSPA6+_Macro,Epi_Squamous,Ajou_Visium_P4,0.730337078651685,0.456521739130434,0.478172588832487
HSPA6+_Macro,Epi_Squamous,B_GTFB1191_OvarianCancerTumor,0.412017167381974,0.49090909090909,0.271856287425149
HSPA6+_Macro,Epi_Squamous,CID4290,0.546052631578947,0.932835820895522,0.511140235910878
HSPA6+_Macro,Epi_Squamous,CID4465,1.0,0.44041450777202,0.470588235294117
HSPA6+_Macro,Epi_Squamous,CID44971,0.478873239436619,0.479674796747967,0.688524590163934
HSPA6+_Macro,Epi_Squamous,CID4535,0.633027522935779,0.0,0.491525423728813
HSPA6+_Macro,Epi_Squamous,C_GTFB1170_SmallCellOvarianCancer,0.0,0.730434782608695,0.367469879518072
HSPA6+_Macro,Epi_Squamous,Colon_10x_Visium_SampleP2_CRC,0.233502538071066,0.272727272727272,0.152380952380952
HSPA6+_Macro,Epi_Squamous,CytAssist_11mm_FFPE_Human_Lung_Cancer_230214,0.212692967409948,0.491007194244604,0.259740259740259
HSPA6+_Macro,Epi_Squamous,CytAssist_11mm_FFPE_Human_Ovarian_Carcinoma_220715,0.664516129032258,0.927272727272727,0.117359413202933
HSPA6+_Macro,Epi_Squamous,CytAssist_FFPE_Human_Lung_Squamous_Cell_Carcinoma_220714,0.461466165413533,0.582397003745318,0.218055555555555
HSPA6+_Macro,Epi_Squamous,CytAssist_Fresh_Frozen_Human_Breast_Cancer_230107,0.437673130193905,0.543147208121827,0.287749287749287
HSPA6+_Macro,Epi_Squamous,D_GTFB1170_SmallCellOvarianCancer,0.22189349112426,1.0,0.245145631067961
HSPA6+_Macro,Epi_Squamous,D_GTFB_1230_OvarianTumor,1.0,0.256410256410256,0.216951788491446
HSPA6+_Macro,Epi_Squamous,E_MTAB_13530_P10_T1,0.544025157232704,0.422535211267605,0.185110663983903
HSPA6+_Macro,Epi_Squamous,E_MTAB_13530_P10_T2,0.0,0.678048780487804,0.268888888888888
HSPA6+_Macro,Epi_Squamous,E_MTAB_13530_P10_T3,0.883561643835616,1.0,0.299202127659574
HSPA6+_Macro,Epi_Squamous,E_MTAB_13530_P10_T4,0.0,0.56547619047619,0.173509933774834
HSPA6+_Macro,Epi_Squamous,E_MTAB_13530_P11_T1,0.721153846153846,0.477124183006536,0.332247557003257
HSPA6+_Macro,Epi_Squamous,E_MTAB_13530_P11_T2,1.0,0.771653543307086,0.610169491525423
HSPA6+_Macro,Epi_Squamous,E_MTAB_13530_P11_T3,1.0,0.0,0.699360341151385
HSPA6+_Macro,Epi_Squamous,E_MTAB_13530_P11_T4,1.0,1.0,0.567514677103718
HSPA6+_Macro,Epi_Squamous,E_MTAB_13530_P15_T1,0.903381642512077,0.755263157894736,0.529675251959686
HSPA6+_Macro,Epi_Squamous,E_MTAB_13530_P15_T2,0.653846153846153,0.437788018433179,0.280524722502522
HSPA6+_Macro,Epi_Squamous,E_MTAB_13530_P16_T1,0.325581395348837,0.0,0.176020408163265
HSPA6+_Macro,Epi_Squamous,E_MTAB_13530_P16_T2,0.555555555555555,0.198019801980198,0.144808743169398
HSPA6+_Macro,Epi_Squamous,E_MTAB_13530_P17_T1,0.634577603143418,0.684210526315789,0.539886039886039
HSPA6+_Macro,Epi_Squamous,E_MTAB_13530_P17_T2,0.815551537070524,0.724731182795698,0.30625
HSPA6+_Macro,Epi_Squamous,E_MTAB_13530_P19_T1,0.60377358490566,0.504761904761904,0.58484349258649
HSPA6+_Macro,Epi_Squamous,E_MTAB_13530_P19_T2,0.809829059829059,0.572192513368983,0.490721649484536
HSPA6+_Macro,Epi_Squamous,E_MTAB_13530_P24_T1,0.225490196078431,1.0,0.189024390243902
HSPA6+_Macro,Epi_Squamous,E_MTAB_13530_P24_T2,0.0,0.748062015503876,0.144763860369609
HSPA6+_Macro,Epi_Squamous,E_MTAB_13530_P25_T1,0.38341968911917,0.406417112299465,0.266
HSPA6+_Macro,Epi_Squamous,E_MTAB_13530_P25_T2,0.0,0.0,0.0968379446640316
HSPA6+_Macro,Epi_Squamous,GSE144239_GSM4565823,0.0,0.0,0.430656934306569
HSPA6+_Macro,Epi_Squamous,GSE144239_GSM4565824,1.0,,0.703296703296703
HSPA6+_Macro,Epi_Squamous,GSE144239_GSM4565825,0.502538071065989,0.39,0.448512585812357
HSPA6+_Macro,Epi_Squamous,GSE144239_GSM4565826,1.0,1.0,0.390625
HSPA6+_Macro,Epi_Squamous,GSE251950_20_00331_LI_SING,0.495840266222961,0.755980861244019,0.702702702702702
HSPA6+_Macro,Epi_Squamous,GSE251950_21_00731_LI_SING,0.551401869158878,0.376623376623376,0.41216795201371
HSPA6+_Macro,Epi_Squamous,GSE251950_21_00732_LI_SING,0.29891304347826,0.735294117647058,0.333836858006042
HSPA6+_Macro,Epi_Squamous,GSE251950_21_00733_LI_SING,0.0,0.634615384615384,0.303703703703703
HSPA6+_Macro,Epi_Squamous,GSE251950_21_00734_LI_SING,0.281395348837209,0.416149068322981,0.463636363636363
HSPA6+_Macro,Epi_Squamous,GSE251950_21_01251_LI_SING,0.424920127795527,0.404929577464788,0.608620689655172
HSPA6+_Macro,Epi_Squamous,GSE251950_21_01253_LI_SING,0.645418326693227,0.39,0.3475
HSPA6+_Macro,Epi_Squamous,GSE251950_21_01254_LI_SING,0.62135922330097,0.422382671480144,0.332136445242369
HSPA6+_Macro,Epi_Squamous,GSE251950_21_01675_LI_SING,0.339449541284403,0.575471698113207,0.333333333333333
HSPA6+_Macro,Epi_Squamous,GSM5494475_HNSCC201125T04,1.0,0.0,0.305019305019305
HSPA6+_Macro,Epi_Squamous,GSM5494476_HNSCC201125T05,0.421487603305785,0.123893805309734,0.435233160621761
HSPA6+_Macro,Epi_Squamous,GSM5494477_HNSCC201125T07,0.0,0.0,0.206349206349206
HSPA6+_Macro,Epi_Squamous,GSM5494478_HNSCC201125T10,0.0,1.0,0.28051391862955
HSPA6+_Macro,Epi_Squamous,GSM5494479_P210325T1,,0.0,0.415292353823088
HSPA6+_Macro,Epi_Squamous,GSM5494480_P210325T3,0.0,0.0,0.248192771084337
HSPA6+_Macro,Epi_Squamous,GSM5494481_P210325T5,0.0,0.526315789473684,0.299871299871299
HSPA6+_Macro,Epi_Squamous,GSM5494482_P210325T6,0.0,0.0,0.28032345013477
HSPA6+_Macro,Epi_Squamous,GSM5924030_ffpe_c_2,0.384848484848484,0.479853479853479,0.169594594594594
HSPA6+_Macro,Epi_Squamous,GSM5924031_ffpe_c_3,0.276785714285714,0.810699588477366,0.349904397705544
HSPA6+_Macro,Epi_Squamous,GSM5924032_ffpe_c_4,0.203478260869565,0.493273542600896,0.619647355163727
HSPA6+_Macro,Epi_Squamous,GSM5924033_ffpe_c_7,0.107892107892107,0.42817679558011,0.130434782608695
HSPA6+_Macro,Epi_Squamous,GSM5924034_ffpe_c_10,1.0,0.552631578947368,0.338129496402877
HSPA6+_Macro,Epi_Squamous,GSM5924035_ffpe_c_20,0.213963963963963,0.290254237288135,0.307798481711525
HSPA6+_Macro,Epi_Squamous,GSM5924036_ffpe_c_21,0.479784366576819,0.209183673469387,0.122073578595317
HSPA6+_Macro,Epi_Squamous,GSM5924037_ffpe_c_34,0.415559772296015,0.453416149068323,0.154430379746835
HSPA6+_Macro,Epi_Squamous,GSM5924038_ffpe_c_36,0.798611111111111,0.736434108527131,0.111872146118721
HSPA6+_Macro,Epi_Squamous,GSM5924039_ffpe_c_39,0.229007633587786,0.405541561712846,0.445525291828793
HSPA6+_Macro,Epi_Squamous,GSM5924040_ffpe_c_45,0.743455497382199,1.0,0.453074433656957
HSPA6+_Macro,Epi_Squamous,GSM5924041_ffpe_c_51,0.182608695652173,0.405797101449275,0.325147347740668
HSPA6+_Macro,Epi_Squamous,GSM5924042_frozen_a_1,0.974025974025974,0.0,0.15210355987055
HSPA6+_Macro,Epi_Squamous,GSM5924043_frozen_a_3,0.221925133689839,0.0,0.215686274509803
HSPA6+_Macro,Epi_Squamous,GSM5924044_frozen_a_15,0.541825095057034,0.631578947368421,0.383297644539614
HSPA6+_Macro,Epi_Squamous,GSM5924045_frozen_a_17,1.0,1.0,0.140378548895899
HSPA6+_Macro,Epi_Squamous,GSM5924046_frozen_b_1,0.202898550724637,1.0,0.106138107416879
HSPA6+_Macro,Epi_Squamous,GSM5924048_frozen_b_13,0.0,0.323529411764705,0.130016051364365
HSPA6+_Macro,Epi_Squamous,GSM5924049_frozen_b_18,0.382653061224489,0.536,0.295180722891566
HSPA6+_Macro,Epi_Squamous,GSM5924050_frozen_c_2,0.579439252336448,0.0,0.161137440758293
HSPA6+_Macro,Epi_Squamous,GSM5924051_frozen_c_5,0.371428571428571,1.0,0.479853479853479
HSPA6+_Macro,Epi_Squamous,GSM5924052_frozen_c_23,0.175074183976261,0.439560439560439,0.30886075949367
HSPA6+_Macro,Epi_Squamous,GSM5924053_frozen_c_57,,0.0,0.166986564299424
HSPA6+_Macro,Epi_Squamous,GSM6030901_patient_1,0.389312977099236,0.548022598870056,0.215277777777777
HSPA6+_Macro,Epi_Squamous,GSM6030902_patient_2,1.0,0.523076923076923,0.185117967332123
HSPA6+_Macro,Epi_Squamous,GSM6177599_NYU_BRCA0_Vis,0.375,0.629955947136563,0.409237379162191
HSPA6+_Macro,Epi_Squamous,GSM6177603_NYU_BRCA2_Vis,0.475524475524475,0.275862068965517,0.353909465020576
HSPA6+_Macro,Epi_Squamous,GSM6177607_NYU_GIST1_Vis,0.0,0.432432432432432,0.54054054054054
HSPA6+_Macro,Epi_Squamous,GSM6177609_NYU_GIST2_Vis,,,0.280657395701643
HSPA6+_Macro,Epi_Squamous,GSM6177612_NYU_LIHC1_Vis,0.619047619047619,0.208333333333333,0.0642201834862385
HSPA6+_Macro,Epi_Squamous,GSM6177614_NYU_OVCA1_Vis,0.596774193548387,0.4975,0.300751879699248
HSPA6+_Macro,Epi_Squamous,GSM6177617_NYU_OVCA3_Vis,0.31578947368421,0.372881355932203,0.265658747300216
HSPA6+_Macro,Epi_Squamous,GSM6177618_NYU_PDAC1_Vis,0.607843137254901,0.425454545454545,0.355042016806722
HSPA6+_Macro,Epi_Squamous,GSM6177623_NYU_UCEC3_Vis,0.732638888888888,0.783783783783783,0.23714759535655
HSPA6+_Macro,Epi_Squamous,GSM6339631_s1,0.0,0.0,0.357142857142857
HSPA6+_Macro,Epi_Squamous,GSM6339632_s2,0.298630136986301,0.813793103448275,0.118421052631578
HSPA6+_Macro,Epi_Squamous,GSM6339633_s3,0.223958333333333,0.0,0.0564516129032258
HSPA6+_Macro,Epi_Squamous,GSM6339634_s4,1.0,0.0,0.255072463768115
HSPA6+_Macro,Epi_Squamous,GSM6339635_s5,0.0,0.902439024390244,0.567073170731707
HSPA6+_Macro,Epi_Squamous,GSM6339636_s6,0.0,0.0,0.131506849315068
HSPA6+_Macro,Epi_Squamous,GSM6339637_s7,,,0.360931435963777
HSPA6+_Macro,Epi_Squamous,GSM6339638_s8,,1.0,0.205208333333333
HSPA6+_Macro,Epi_Squamous,GSM6339639_s9,,0.0,0.201098901098901
HSPA6+_Macro,Epi_Squamous,GSM6339640_s10,0.181102362204724,0.0,0.1416015625
HSPA6+_Macro,Epi_Squamous,GSM6339641_s11,1.0,0.741071428571428,0.62287104622871
HSPA6+_Macro,Epi_Squamous,GSM6339642_s12,0.862903225806451,0.611111111111111,0.162291169451074
HSPA6+_Macro,Epi_Squamous,GSM6433585_092A,0.360902255639097,0.5,0.398706896551724
HSPA6+_Macro,Epi_Squamous,GSM6433586_092B,0.189655172413793,0.0,0.564053537284894
HSPA6+_Macro,Epi_Squamous,GSM6433587_093A,0.694174757281553,1.0,0.463551401869158
HSPA6+_Macro,Epi_Squamous,GSM6433588_093B,0.676767676767676,1.0,1.0
HSPA6+_Macro,Epi_Squamous,GSM6433589_093C,0.716216216216216,0.647368421052631,0.66576819407008
HSPA6+_Macro,Epi_Squamous,GSM6433590_093D,1.0,0.955555555555555,0.258872651356993
HSPA6+_Macro,Epi_Squamous,GSM6433591_094A,,1.0,0.4375
HSPA6+_Macro,Epi_Squamous,GSM6433592_094B,0.441860465116279,0.972222222222222,0.406824146981627
HSPA6+_Macro,Epi_Squamous,GSM6433593_094C,0.792642140468227,0.261744966442953,0.640625
HSPA6+_Macro,Epi_Squamous,GSM6433594_094D,1.0,1.0,0.297551789077212
HSPA6+_Macro,Epi_Squamous,GSM6433595_095A,0.847222222222222,0.0,0.589073634204275
HSPA6+_Macro,Epi_Squamous,GSM6433596_095B,0.777777777777777,0.612244897959183,0.56656346749226
HSPA6+_Macro,Epi_Squamous,GSM6433597_117B,1.0,1.0,0.671348314606741
HSPA6+_Macro,Epi_Squamous,GSM6433598_117C,0.851612903225806,1.0,0.193548387096774
HSPA6+_Macro,Epi_Squamous,GSM6433599_117D,0.835403726708074,1.0,0.525790349417637
HSPA6+_Macro,Epi_Squamous,GSM6433600_117E,0.83076923076923,0.923076923076923,0.388349514563106
HSPA6+_Macro,Epi_Squamous,GSM6433601_118B,0.0,1.0,0.711436170212766
HSPA6+_Macro,Epi_Squamous,GSM6433602_118C,0.0,0.0,0.556701030927835
HSPA6+_Macro,Epi_Squamous,GSM6433603_118D,0.0,1.0,0.392764857881136
HSPA6+_Macro,Epi_Squamous,GSM6433604_118E,0.67032967032967,0.564705882352941,0.283783783783783
HSPA6+_Macro,Epi_Squamous,GSM6433605_119B,1.0,0.0,0.274358974358974
HSPA6+_Macro,Epi_Squamous,GSM6433606_119C,1.0,0.586206896551724,0.582159624413145
HSPA6+_Macro,Epi_Squamous,GSM6433607_119D,0.847133757961783,1.0,0.355905511811023
HSPA6+_Macro,Epi_Squamous,GSM6433608_119E,0.495049504950495,0.610169491525423,0.51673640167364
HSPA6+_Macro,Epi_Squamous,GSM6433609_120B,0.378378378378378,0.651006711409395,0.145061728395061
HSPA6+_Macro,Epi_Squamous,GSM6433610_120C,0.480968858131487,0.0,0.438247011952191
HSPA6+_Macro,Epi_Squamous,GSM6433611_120D,0.82,0.429951690821256,0.268796992481203
HSPA6+_Macro,Epi_Squamous,GSM6433612_120E,,1.0,0.573033707865168
HSPA6+_Macro,Epi_Squamous,GSM6433613_395A,0.923076923076923,1.0,0.41002277904328
HSPA6+_Macro,Epi_Squamous,GSM6433614_395B,0.0,0.0,0.413625304136253
HSPA6+_Macro,Epi_Squamous,GSM6433615_395C,1.0,1.0,0.232604373757455
HSPA6+_Macro,Epi_Squamous,GSM6433616_395D,1.0,0.719512195121951,0.435897435897435
HSPA6+_Macro,Epi_Squamous,GSM6433617_396A,0.0,1.0,0.873873873873873
HSPA6+_Macro,Epi_Squamous,GSM6433618_396C,0.797101449275362,0.0,0.310259579728059
HSPA6+_Macro,Epi_Squamous,GSM6433619_396D,0.533333333333333,1.0,0.295735900962861
HSPA6+_Macro,Epi_Squamous,GSM6433620_397A,0.764705882352941,0.63095238095238,0.496240601503759
HSPA6+_Macro,Epi_Squamous,GSM6433621_397B,0.418994413407821,0.0,0.56198347107438
HSPA6+_Macro,Epi_Squamous,GSM6433622_397C,0.603015075376884,0.406015037593984,0.172185430463576
HSPA6+_Macro,Epi_Squamous,GSM6433623_397D,0.481481481481481,0.0,0.3008356545961
HSPA6+_Macro,Epi_Squamous,GSM6433624_398A,0.594594594594594,0.970588235294117,0.776595744680851
HSPA6+_Macro,Epi_Squamous,GSM6433625_398B,0.0,0.18,0.304498269896193
HSPA6+_Macro,Epi_Squamous,GSM6433626_398C,,0.0,0.187032418952618
HSPA6+_Macro,Epi_Squamous,GSM6433627_398D,0.0,0.40506329113924,0.0610932475884244
HSPA6+_Macro,Epi_Squamous,GSM6505133_DonorA,0.0,0.608938547486033,0.706521739130434
HSPA6+_Macro,Epi_Squamous,GSM6505134_DonorB,0.385714285714285,0.422764227642276,0.550802139037433
HSPA6+_Macro,Epi_Squamous,GSM6505135_DonorC,0.449612403100775,0.746153846153846,0.466501240694789
HSPA6+_Macro,Epi_Squamous,GSM6506110_SP1,0.224783861671469,0.191489361702127,0.419678714859437
HSPA6+_Macro,Epi_Squamous,GSM6506111_SP2,0.0,0.0,0.0881542699724518
HSPA6+_Macro,Epi_Squamous,GSM6506112_SP3,0.92156862745098,0.3125,0.244718309859154
HSPA6+_Macro,Epi_Squamous,GSM6506113_SP4,0.0539215686274509,0.484375,0.32615715823466
HSPA6+_Macro,Epi_Squamous,GSM6506114_SP5,0.0,0.962264150943396,0.0647291941875825
HSPA6+_Macro,Epi_Squamous,GSM6506115_SP6,1.0,1.0,0.183359013867488
HSPA6+_Macro,Epi_Squamous,GSM6506116_SP7,0.549327354260089,0.357050452781371,0.439688715953307
HSPA6+_Macro,Epi_Squamous,GSM6506117_SP8,0.521052631578947,0.576086956521739,0.52760736196319
HSPA6+_Macro,Epi_Squamous,GSM6833484_Patient1,0.185567010309278,0.451697127937336,0.130544993662864
HSPA6+_Macro,Epi_Squamous,GSM6833485_Patient2,0.693251533742331,0.445859872611465,0.0011135857461024
HSPA6+_Macro,Epi_Squamous,GSM6833486_Patient3,0.0,0.0,0.249381188118811
HSPA6+_Macro,Epi_Squamous,GSM6833487_Patient4,0.294217687074829,0.313385826771653,0.169000933706816
HSPA6+_Macro,Epi_Squamous,GSM7019835_OCCR2v,0.491228070175438,0.669064748201438,0.212643678160919
HSPA6+_Macro,Epi_Squamous,GSM7019836_OCCS3v,0.734042553191489,0.966101694915254,0.440140845070422
HSPA6+_Macro,Epi_Squamous,GSM7058756,0.528907922912205,0.900552486187845,0.513043478260869
HSPA6+_Macro,Epi_Squamous,GSM7058757,0.724252491694352,0.73015873015873,0.464646464646464
HSPA6+_Macro,Epi_Squamous,GSM7058758,0.0,0.9375,0.407826982492276
HSPA6+_Macro,Epi_Squamous,GSM7058759,0.614406779661017,0.75,0.389544688026981
HSPA6+_Macro,Epi_Squamous,GSM7090086_NextSeq2000,0.32,1.0,0.806818181818181
HSPA6+_Macro,Epi_Squamous,GSM7090087_NextSeq2000,1.0,0.565217391304347,0.18051575931232
HSPA6+_Macro,Epi_Squamous,GSM7090088_NextSeq2000,1.0,0.897959183673469,0.119444444444444
HSPA6+_Macro,Epi_Squamous,GSM7211257_EHU-W3,0.294532627865961,0.193548387096774,0.135593220338983
HSPA6+_Macro,Epi_Squamous,GSM7421790_PDAC_1,0.0,1.0,0.317375886524822
HSPA6+_Macro,Epi_Squamous,GSM7421791_PDAC_2,0.0,0.727272727272727,0.548387096774193
HSPA6+_Macro,Epi_Squamous,GSM7421792_PDAC_3,0.611111111111111,0.0,0.288607594936708
HSPA6+_Macro,Epi_Squamous,GSM7498811_SS1905133,0.684210526315789,0.604081632653061,0.436222005842259
HSPA6+_Macro,Epi_Squamous,GSM7498812_SS1923404,0.816326530612244,0.893939393939393,0.629255989911727
HSPA6+_Macro,Epi_Squamous,GSM7498813_SS1945070,1.0,0.0,0.331346841477949
HSPA6+_Macro,Epi_Squamous,GSM7498814_SS1960050,1.0,0.422413793103448,0.257255936675461
HSPA6+_Macro,Epi_Squamous,GSM7498815_SS2002154,0.21875,0.462365591397849,0.247078464106844
HSPA6+_Macro,Epi_Squamous,GSM7498816_SS2005094,0.382113821138211,0.0,0.523631840796019
HSPA6+_Macro,Epi_Squamous,GSM7498817_SS2021309,0.0,0.769230769230769,0.240161453077699
HSPA6+_Macro,Epi_Squamous,GSM7757970_R1-S1,1.0,0.0,0.346281908990011
HSPA6+_Macro,Epi_Squamous,GSM7757972_R1-S3,,,0.414956011730205
HSPA6+_Macro,Epi_Squamous,GSM7757973_R1-S4,0.608433734939759,0.788888888888888,0.569672131147541
HSPA6+_Macro,Epi_Squamous,GSM7757974_R1-S5,0.475694444444444,1.0,0.387096774193548
HSPA6+_Macro,Epi_Squamous,GSM7757975_R1-S6,0.193415637860082,0.58,0.434944237918215
HSPA6+_Macro,Epi_Squamous,GSM7757976_R2-S1,0.35799522673031,0.554285714285714,0.322822822822822
HSPA6+_Macro,Epi_Squamous,GSM7757977_R2-S2,0.720930232558139,0.555555555555555,0.38152610441767
HSPA6+_Macro,Epi_Squamous,GSM7757978_R2-S3,0.185840707964601,0.435222672064777,0.503506311360448
HSPA6+_Macro,Epi_Squamous,GSM7757979_R2-S4,0.447058823529411,0.596153846153846,0.466192170818505
HSPA6+_Macro,Epi_Squamous,GSM7757980_R2-S5,0.0,1.0,0.419117647058823
HSPA6+_Macro,Epi_Squamous,GSM7757982_R3-S2,0.73076923076923,1.0,0.253071253071253
HSPA6+_Macro,Epi_Squamous,GSM7757983_R3-S3,0.0,0.852941176470588,0.30570652173913
HSPA6+_Macro,Epi_Squamous,GSM7757984_R3-S4,0.686602870813397,0.468827930174563,0.518970189701897
HSPA6+_Macro,Epi_Squamous,GSM7757985_R3-S5,0.360969387755102,0.682795698924731,0.432126696832579
HSPA6+_Macro,Epi_Squamous,GSM7777520_A1,,1.0,0.184729064039408
HSPA6+_Macro,Epi_Squamous,GSM7777521_B1,1.0,0.0,0.259023354564755
HSPA6+_Macro,Epi_Squamous,GSM7777522_C1,0.751054852320675,0.720930232558139,0.0
HSPA6+_Macro,Epi_Squamous,GSM7777523_D1,0.0,0.0,0.323432343234323
HSPA6+_Macro,Epi_Squamous,GSM7850822_CHC20,0.202702702702702,1.0,0.266304347826087
HSPA6+_Macro,Epi_Squamous,HCC1R,0.621495327102803,0.0,0.168329177057356
HSPA6+_Macro,Epi_Squamous,HCC3R,0.631818181818181,0.545454545454545,0.582938388625592
HSPA6+_Macro,Epi_Squamous,HCC4R,0.341584158415841,0.543046357615894,0.375219683655536
HSPA6+_Macro,Epi_Squamous,HCC6NR,1.0,0.666666666666666,0.625538020086083
HSPA6+_Macro,Epi_Squamous,HCC7NR,0.756830601092896,0.473684210526315,0.35268817204301
HSPA6+_Macro,Epi_Squamous,HRA000437_HCC-1T,0.249042145593869,1.0,0.0615711252653927
HSPA6+_Macro,Epi_Squamous,HRA000437_HCC-2T,0.572429906542056,0.380459770114942,0.398156682027649
HSPA6+_Macro,Epi_Squamous,HRA000437_HCC-3T,1.0,0.566371681415929,0.442680776014109
HSPA6+_Macro,Epi_Squamous,HRA000437_HCC-4T,0.458333333333333,0.6282722513089,0.234532374100719
HSPA6+_Macro,Epi_Squamous,Parent_Visium_Human_BreastCancer_201027,0.779710144927536,0.741092636579572,0.41012909632572
HSPA6+_Macro,Epi_Squamous,Parent_Visium_Human_ColorectalCancer_201027,0.668639053254437,0.0930232558139534,0.510676156583629
HSPA6+_Macro,Epi_Squamous,Parent_Visium_Human_OvarianCancer_201027,0.426470588235294,0.458797327394209,0.170153417015341
HSPA6+_Macro,Epi_Squamous,S16_43398,0.407407407407407,0.461538461538461,0.564668769716088
HSPA6+_Macro,Epi_Squamous,S20_47598,0.0,0.328358208955223,0.174188440221694
HSPA6+_Macro,Epi_Squamous,S20_61122,0.612612612612612,0.711974110032362,0.317787418655097
HSPA6+_Macro,Epi_Squamous,S20_63981,0.276785714285714,0.432989690721649,0.122053872053872
HSPA6+_Macro,Epi_Squamous,S21_10267,0.264,0.571428571428571,0.337361530715005
HSPA6+_Macro,Epi_Squamous,SN048_A121573_Rep1,0.53875236294896,0.46551724137931,0.534090909090909
HSPA6+_Macro,Epi_Squamous,SN048_A121573_Rep2,0.717592592592592,0.240875912408759,0.382102272727272
HSPA6+_Macro,Epi_Squamous,SN048_A416371_Rep1,0.390697674418604,0.0,0.419062027231467
HSPA6+_Macro,Epi_Squamous,SN048_A416371_Rep2,0.0,0.0,0.464157706093189
HSPA6+_Macro,Epi_Squamous,SN123_A551763_Rep1,1.0,0.0,0.775401069518716
HSPA6+_Macro,Epi_Squamous,SN123_A595688_Rep1,0.587837837837837,0.339285714285714,0.257234726688102
HSPA6+_Macro,Epi_Squamous,SN123_A938797_Rep1_X,0.0,0.336538461538461,0.41159420289855
HSPA6+_Macro,Epi_Squamous,SN124_A551763_Rep2,,,0.371069182389937
HSPA6+_Macro,Epi_Squamous,SN124_A595688_Rep2,1.0,0.0,0.217647058823529
HSPA6+_Macro,Epi_Squamous,SN124_A938797_Rep2,0.576086956521739,0.541899441340782,0.188622754491017
HSPA6+_Macro,Epi_Squamous,SN84_A120838_Rep1,1.0,0.0,0.8
HSPA6+_Macro,Epi_Squamous,SN84_A120838_Rep2,0.598837209302325,0.567164179104477,0.225
HSPA6+_Macro,Epi_Squamous,V10F24-015_A1,0.0,0.0,0.212855637513171
HSPA6+_Macro,Epi_Squamous,V10F24-015_B1,1.0,0.359756097560975,0.219573400250941
HSPA6+_Macro,Epi_Squamous,V10F24-015_C1,0.0,0.669811320754716,0.321854304635761
HSPA6+_Macro,Epi_Squamous,V10F24-015_D1,0.0,0.454545454545454,0.420499342969776
HSPA6+_Macro,Epi_Squamous,V11A20-405_C1,0.357285429141716,0.343283582089552,0.256313131313131
HSPA6+_Macro,Epi_Squamous,V11A20-405_D1,0.418655097613882,0.474074074074074,0.299674267100977
HSPA6+_Macro,Epi_Squamous,V11M22-349_C1,0.424137931034482,0.409523809523809,0.221582733812949
HSPA6+_Macro,Epi_Squamous,V11M22-349_D1,0.857142857142857,0.708333333333333,0.297180043383947
HSPA6+_Macro,Epi_Squamous,V1_Breast_Cancer_Block_A_Section_2_200623,0.541666666666666,0.434343434343434,0.440217391304347
HSPA6+_Macro,Epi_Squamous,V1_Human_Invasive_Ductal_Carcinoma_210511,0.413461538461538,0.429629629629629,0.43010752688172
HSPA6+_Macro,Epi_Squamous,Visium_FFPE_Human_Breast_Cancer_210609,0.995049504950495,0.647058823529411,0.455813953488372
HSPA6+_Macro,Epi_Squamous,Visium_FFPE_Human_Intestinal_Cancer_220329,0.432038834951456,0.508928571428571,0.178683385579937
HSPA6+_Macro,Epi_Squamous,Visium_FFPE_Human_Ovarian_Cancer_220329,0.413120567375886,0.571125265392781,0.254512635379061
HSPA6+_Macro,Epi_Squamous,Visium_FFPE_Human_Prostate_Acinar_Cell_Carcinoma_211009,0.483870967741935,0.555555555555555,0.220532319391634
HSPA6+_Macro,Epi_Squamous,Visium_FFPE_Human_Prostate_Cancer_210609,0.217320261437908,0.60126582278481,0.414038657171922
HSPA6+_Macro,Epi_Squamous,Visium_FFPE_Human_Prostate_IF_220713,0.642857142857142,0.25,0.23627844712182
HSPA6+_Macro,Epi_Squamous,Visium_Human_Breast_Cancer_220702,0.471728594507269,0.571917808219178,0.441497659906396
HSPA6+_Macro,Epi_Squamous,WSSKNKCLsp12140270,0.396551724137931,0.909090909090909,0.0808080808080808
HSPA6+_Macro,Epi_Squamous,WSSKNKCLsp12140271,0.412280701754385,0.640625,0.181318681318681
HSPA6+_Macro,Epi_Squamous,WSSKNKCLsp12140272,0.0,1.0,0.230927835051546
HSPA6+_Macro,Epi_Squamous,WSSKNKCLsp12140273,0.0,1.0,0.323383084577114
HSPA6+_Macro,Epi_Squamous,WSSKNKCLsp12887267,1.0,1.0,0.522875816993464
HSPA6+_Macro,Epi_Squamous,WSSKNKCLsp12887268,1.0,0.0,0.222222222222222
HSPA6+_Macro,Epi_Squamous,WSSKNKCLsp12887269,0.0,0.75,0.304761904761904
HSPA6+_Macro,Epi_Squamous,WSSKNKCLsp12887270,,0.0,0.477419354838709
HSPA6+_Macro,Epi_Squamous,Zenodo10119273_Tumor2,0.417391304347826,0.8,0.132102272727272
HSPA6+_Macro,Epi_Squamous,scCRLM_Atlas_ST-colon1,0.408026755852842,0.438202247191011,0.302100161550888
HSPA6+_Macro,Epi_Squamous,scCRLM_Atlas_ST-colon2,0.0,0.56,0.389199255121042
HSPA6+_Macro,Epi_Squamous,scCRLM_Atlas_ST-colon3,1.0,0.47457627118644,0.621707060063224
HSPA6+_Macro,Epi_Squamous,scCRLM_Atlas_ST-colon4,0.366906474820143,0.482608695652173,0.342078708375378
