"Figure","Major_cell_type","Cell_subtype","Cancer_type","Observed_cell_count","Expected_cell_count","Ro_e","Ro_e_display","Ro_e_symbol","N_samples","N_datasets","Chi_square_statistic","Chi_square_df","Chi_square_p_value"
"Supplementary Fig. 6e","Epithelial","Epi_Basal","BRCA",17485,8324.30128688264,2.10047659225798,2.1,"++",51,2,1468203.37786152,192,0
"Supplementary Fig. 6e","Epithelial","Epi_Basal","COCA",4,1037.27440623384,0.00385626019109377,0,"±",3,2,1468203.37786152,192,0
"Supplementary Fig. 6e","Epithelial","Epi_Basal","HNCA",335,1050.14300218633,0.319004173053147,0.32,"+",16,3,1468203.37786152,192,0
"Supplementary Fig. 6e","Epithelial","Epi_Basal","KICA",23,1051.16757192777,0.0218804314499729,0.02,"±",8,3,1468203.37786152,192,0
"Supplementary Fig. 6e","Epithelial","Epi_Basal","LICA",10,1358.25161483216,0.00736240611886604,0.01,"±",3,1,1468203.37786152,192,0
"Supplementary Fig. 6e","Epithelial","Epi_Basal","LUCA",68,1904.2243386507,0.0357100781771246,0.04,"±",22,2,1468203.37786152,192,0
"Supplementary Fig. 6e","Epithelial","Epi_Basal","OVCA",1373,2013.73035261581,0.681819191043374,0.68,"+",44,7,1468203.37786152,192,0
"Supplementary Fig. 6e","Epithelial","Epi_Basal","PACA",100,3645.91093351937,0.0274279876342099,0.03,"±",14,3,1468203.37786152,192,0
"Supplementary Fig. 6e","Epithelial","Epi_Basal","PRCA",943,1312.84268389154,0.718288650704705,0.72,"+",44,2,1468203.37786152,192,0
"Supplementary Fig. 6e","Epithelial","Epi_Basal","SKCA",4978,1123.78907520104,4.42965687231786,4.43,"+++",20,1,1468203.37786152,192,0
"Supplementary Fig. 6e","Epithelial","Epi_Basal","STCA",162,1296.03974013193,0.124996167157274,0.12,"±",16,1,1468203.37786152,192,0
"Supplementary Fig. 6e","Epithelial","Epi_Basal","THCA",135,1821.93089701824,0.0740972120407749,0.07,"±",15,2,1468203.37786152,192,0
"Supplementary Fig. 6e","Epithelial","Epi_Basal","UECA",702,378.394096908616,1.85520864552371,1.86,"++",5,1,1468203.37786152,192,0
"Supplementary Fig. 6e","Epithelial","Epi_Ciliated","BRCA",187,1640.63191637131,0.113980471874276,0.11,"±",18,2,1468203.37786152,192,0
"Supplementary Fig. 6e","Epithelial","Epi_Ciliated","COCA",0,204.435836504862,0,0,"−",0,0,1468203.37786152,192,0
"Supplementary Fig. 6e","Epithelial","Epi_Ciliated","HNCA",46,206.97210093246,0.222252176949254,0.22,"+",7,3,1468203.37786152,192,0
"Supplementary Fig. 6e","Epithelial","Epi_Ciliated","KICA",1,207.174032813639,0.00482685974887374,0,"±",1,1,1468203.37786152,192,0
"Supplementary Fig. 6e","Epithelial","Epi_Ciliated","LICA",0,267.697056240384,0,0,"−",0,0,1468203.37786152,192,0
"Supplementary Fig. 6e","Epithelial","Epi_Ciliated","LUCA",2032,375.302517082651,5.41429888559075,5.41,"+++",47,2,1468203.37786152,192,0
"Supplementary Fig. 6e","Epithelial","Epi_Ciliated","OVCA",1530,396.884996542982,3.85502100942811,3.86,"+++",32,7,1468203.37786152,192,0
"Supplementary Fig. 6e","Epithelial","Epi_Ciliated","PACA",127,718.570560535184,0.176739776126386,0.18,"±",7,3,1468203.37786152,192,0
"Supplementary Fig. 6e","Epithelial","Epi_Ciliated","PRCA",21,258.747435266564,0.0811602247510805,0.08,"±",10,2,1468203.37786152,192,0
"Supplementary Fig. 6e","Epithelial","Epi_Ciliated","SKCA",0,221.486964551553,0,0,"−",0,0,1468203.37786152,192,0
"Supplementary Fig. 6e","Epithelial","Epi_Ciliated","STCA",28,255.435752415241,0.109616605096387,0.11,"±",13,1,1468203.37786152,192,0
"Supplementary Fig. 6e","Epithelial","Epi_Ciliated","THCA",5,359.083348386414,0.013924343811731,0.01,"±",1,1,1468203.37786152,192,0
"Supplementary Fig. 6e","Epithelial","Epi_Ciliated","UECA",1210,74.5774823567518,16.2247364990386,16.22,"+++",5,1,1468203.37786152,192,0
"Supplementary Fig. 6e","Epithelial","Epi_Cycle","BRCA",19297,22264.1373806395,0.866730189007025,0.87,"+",86,2,1468203.37786152,192,0
"Supplementary Fig. 6e","Epithelial","Epi_Cycle","COCA",5698,2774.2892869823,2.05385935300133,2.05,"++",60,3,1468203.37786152,192,0
"Supplementary Fig. 6e","Epithelial","Epi_Cycle","HNCA",8619,2808.70757367185,3.06867118556322,3.07,"+++",38,3,1468203.37786152,192,0
"Supplementary Fig. 6e","Epithelial","Epi_Cycle","KICA",372,2811.44788312166,0.132316164291459,0.13,"±",20,3,1468203.37786152,192,0
"Supplementary Fig. 6e","Epithelial","Epi_Cycle","LICA",5008,3632.77343141713,1.37856106210466,1.38,"++",41,2,1468203.37786152,192,0
"Supplementary Fig. 6e","Epithelial","Epi_Cycle","LUCA",3056,5093.02953102907,0.600035790364349,0.6,"+",58,2,1468203.37786152,192,0
"Supplementary Fig. 6e","Epithelial","Epi_Cycle","OVCA",6809,5385.9138050242,1.26422372256464,1.26,"++",62,7,1468203.37786152,192,0
"Supplementary Fig. 6e","Epithelial","Epi_Cycle","PACA",11161,9751.33637094112,1.1445610709584,1.14,"++",35,4,1468203.37786152,192,0
"Supplementary Fig. 6e","Epithelial","Epi_Cycle","PRCA",279,3511.32291660178,0.0794572321106864,0.08,"±",30,2,1468203.37786152,192,0
"Supplementary Fig. 6e","Epithelial","Epi_Cycle","SKCA",4663,3005.68101692382,1.5513954986389,1.55,"++",19,1,1468203.37786152,192,0
"Supplementary Fig. 6e","Epithelial","Epi_Cycle","STCA",4713,3466.38184162499,1.35963093950164,1.36,"++",59,4,1468203.37786152,192,0
"Supplementary Fig. 6e","Epithelial","Epi_Cycle","THCA",374,4872.92787602075,0.0767505716307481,0.08,"±",24,2,1468203.37786152,192,0
"Supplementary Fig. 6e","Epithelial","Epi_Cycle","UECA",341,1012.05108600188,0.336939512951984,0.34,"+",6,1,1468203.37786152,192,0
"Supplementary Fig. 6e","Epithelial","Epi_ER-Stress","BRCA",3765,10997.6425163352,0.342346097757561,0.34,"+",78,2,1468203.37786152,192,0
"Supplementary Fig. 6e","Epithelial","Epi_ER-Stress","COCA",137,1370.39406887874,0.099971244119652,0.1,"±",31,3,1468203.37786152,192,0
"Supplementary Fig. 6e","Epithelial","Epi_ER-Stress","HNCA",93,1387.39540185496,0.0670320803108173,0.07,"±",11,3,1468203.37786152,192,0
"Supplementary Fig. 6e","Epithelial","Epi_ER-Stress","KICA",1093,1388.74901116835,0.787039264265949,0.79,"+",16,3,1468203.37786152,192,0
"Supplementary Fig. 6e","Epithelial","Epi_ER-Stress","LICA",267,1794.4527945784,0.148791877282417,0.15,"±",22,2,1468203.37786152,192,0
"Supplementary Fig. 6e","Epithelial","Epi_ER-Stress","LUCA",2950,2515.76412549909,1.17260595701307,1.17,"++",59,2,1468203.37786152,192,0
"Supplementary Fig. 6e","Epithelial","Epi_ER-Stress","OVCA",2821,2660.4378889145,1.06035176079642,1.06,"++",51,7,1468203.37786152,192,0
"Supplementary Fig. 6e","Epithelial","Epi_ER-Stress","PACA",1815,4816.79166952156,0.376806830049239,0.38,"+",35,4,1468203.37786152,192,0
"Supplementary Fig. 6e","Epithelial","Epi_ER-Stress","PRCA",1086,1734.46082980884,0.62613117652227,0.63,"+",42,2,1468203.37786152,192,0
"Supplementary Fig. 6e","Epithelial","Epi_ER-Stress","SKCA",52,1484.69283930162,0.0350240794752268,0.04,"±",9,1,1468203.37786152,192,0
"Supplementary Fig. 6e","Epithelial","Epi_ER-Stress","STCA",894,1712.2616370692,0.522116469028776,0.52,"+",45,3,1468203.37786152,192,0
"Supplementary Fig. 6e","Epithelial","Epi_ER-Stress","THCA",19653,2407.04222544739,8.16479237141225,8.16,"+++",32,2,1468203.37786152,192,0
"Supplementary Fig. 6e","Epithelial","Epi_ER-Stress","UECA",144,499.914991622182,0.288048973151879,0.29,"+",6,1,1468203.37786152,192,0
"Supplementary Fig. 6e","Epithelial","Epi_Glandular","BRCA",23057,37469.7935880107,0.615348999610652,0.62,"+",83,2,1468203.37786152,192,0
"Supplementary Fig. 6e","Epithelial","Epi_Glandular","COCA",14050,4669.03546090456,3.00918682619687,3.01,"+++",61,3,1468203.37786152,192,0
"Supplementary Fig. 6e","Epithelial","Epi_Glandular","HNCA",2051,4726.96027855465,0.433894062809245,0.43,"+",27,3,1468203.37786152,192,0
"Supplementary Fig. 6e","Epithelial","Epi_Glandular","KICA",12,4731.57212709368,0.00253615493490763,0,"±",3,2,1468203.37786152,192,0
"Supplementary Fig. 6e","Epithelial","Epi_Glandular","LICA",688,6113.83537120896,0.112531652919525,0.11,"±",18,2,1468203.37786152,192,0
"Supplementary Fig. 6e","Epithelial","Epi_Glandular","LUCA",18065,8571.39722068231,2.10759104203107,2.11,"++",56,2,1468203.37786152,192,0
"Supplementary Fig. 6e","Epithelial","Epi_Glandular","OVCA",639,9064.31159253284,0.0704962526361524,0.07,"±",32,7,1468203.37786152,192,0
"Supplementary Fig. 6e","Epithelial","Epi_Glandular","PACA",47274,16411.1707891344,2.88059886813801,2.88,"++",36,4,1468203.37786152,192,0
"Supplementary Fig. 6e","Epithelial","Epi_Glandular","PRCA",268,5909.43824395956,0.0453511804229346,0.05,"±",35,2,1468203.37786152,192,0
"Supplementary Fig. 6e","Epithelial","Epi_Glandular","SKCA",14,5058.45995153946,0.00276764077093055,0,"±",9,1,1468203.37786152,192,0
"Supplementary Fig. 6e","Epithelial","Epi_Glandular","STCA",11990,5833.80392791962,2.05526276648035,2.06,"++",60,3,1468203.37786152,192,0
"Supplementary Fig. 6e","Epithelial","Epi_Glandular","THCA",154,8200.97354602817,0.0187782583538005,0.02,"±",15,2,1468203.37786152,192,0
"Supplementary Fig. 6e","Epithelial","Epi_Glandular","UECA",202,1703.24790243112,0.118596946288133,0.12,"±",6,1,1468203.37786152,192,0
"Supplementary Fig. 6e","Epithelial","Epi_Hormonal","BRCA",32330,19652.1577458999,1.64511197284406,1.65,"++",80,2,1468203.37786152,192,0
"Supplementary Fig. 6e","Epithelial","Epi_Hormonal","COCA",337,2448.81576898401,0.137617539166623,0.14,"±",38,3,1468203.37786152,192,0
"Supplementary Fig. 6e","Epithelial","Epi_Hormonal","HNCA",5,2479.19617797101,0.00201678271547354,0,"±",2,1,1468203.37786152,192,0
"Supplementary Fig. 6e","Epithelial","Epi_Hormonal","KICA",61,2481.61500034259,0.0245807669568321,0.02,"±",9,2,1468203.37786152,192,0
"Supplementary Fig. 6e","Epithelial","Epi_Hormonal","LICA",27,3206.58444155148,0.00842017432946074,0.01,"±",8,2,1468203.37786152,192,0
"Supplementary Fig. 6e","Epithelial","Epi_Hormonal","LUCA",3210,4495.52650691715,0.714043170485338,0.71,"+",44,2,1468203.37786152,192,0
"Supplementary Fig. 6e","Epithelial","Epi_Hormonal","OVCA",2765,4754.05024199124,0.581609335041835,0.58,"+",27,7,1468203.37786152,192,0
"Supplementary Fig. 6e","Epithelial","Epi_Hormonal","PACA",602,8607.33103280741,0.0699403796258605,0.07,"±",29,4,1468203.37786152,192,0
"Supplementary Fig. 6e","Epithelial","Epi_Hormonal","PRCA",17541,3099.38223404322,5.65951492117749,5.66,"+++",50,2,1468203.37786152,192,0
"Supplementary Fig. 6e","Epithelial","Epi_Hormonal","SKCA",26,2653.06113003993,0.0098000003488833,0.01,"±",7,1,1468203.37786152,192,0
"Supplementary Fig. 6e","Epithelial","Epi_Hormonal","STCA",2975,3059.71354714936,0.972313242450985,0.97,"+",44,3,1468203.37786152,192,0
"Supplementary Fig. 6e","Epithelial","Epi_Hormonal","THCA",1855,4301.24669403213,0.431270311134157,0.43,"+",19,2,1468203.37786152,192,0
"Supplementary Fig. 6e","Epithelial","Epi_Hormonal","UECA",398,893.319478270619,0.445529297951154,0.45,"+",6,1,1468203.37786152,192,0
"Supplementary Fig. 6e","Epithelial","Epi_Hypox-Adapt","BRCA",351,4672.02121394268,0.0751280835267856,0.08,"±",46,2,1468203.37786152,192,0
"Supplementary Fig. 6e","Epithelial","Epi_Hypox-Adapt","COCA",0,582.171147293871,0,0,"−",0,0,1468203.37786152,192,0
"Supplementary Fig. 6e","Epithelial","Epi_Hypox-Adapt","HNCA",3,589.39365777393,0.00508997672511551,0.01,"±",2,1,1468203.37786152,192,0
"Supplementary Fig. 6e","Epithelial","Epi_Hypox-Adapt","KICA",14179,589.968698417247,24.0334784507027,24.03,"+++",23,3,1468203.37786152,192,0
"Supplementary Fig. 6e","Epithelial","Epi_Hypox-Adapt","LICA",1,762.319880032141,0.0013117852835713,0,"±",1,1,1468203.37786152,192,0
"Supplementary Fig. 6e","Epithelial","Epi_Hypox-Adapt","LUCA",4,1068.74753804277,0.00374269868010675,0,"±",3,2,1468203.37786152,192,0
"Supplementary Fig. 6e","Epithelial","Epi_Hypox-Adapt","OVCA",46,1130.20788200046,0.0407004770826587,0.04,"±",7,5,1468203.37786152,192,0
"Supplementary Fig. 6e","Epithelial","Epi_Hypox-Adapt","PACA",110,2046.27062842977,0.0537563304050403,0.05,"±",5,2,1468203.37786152,192,0
"Supplementary Fig. 6e","Epithelial","Epi_Hypox-Adapt","PRCA",0,736.834078720343,0,0,"−",0,0,1468203.37786152,192,0
"Supplementary Fig. 6e","Epithelial","Epi_Hypox-Adapt","SKCA",0,630.727579215537,0,0,"−",0,0,1468203.37786152,192,0
"Supplementary Fig. 6e","Epithelial","Epi_Hypox-Adapt","STCA",76,727.403412169948,0.104481225587437,0.1,"±",18,1,1468203.37786152,192,0
"Supplementary Fig. 6e","Epithelial","Epi_Hypox-Adapt","THCA",1,1022.56027357157,0.000977937463292243,0,"±",1,1,1468203.37786152,192,0
"Supplementary Fig. 6e","Epithelial","Epi_Hypox-Adapt","UECA",0,212.37401038974,0,0,"−",0,0,1468203.37786152,192,0
"Supplementary Fig. 6e","Epithelial","Epi_Hypox-Stress","BRCA",6478,3621.59927558349,1.78871252920612,1.79,"++",29,2,1468203.37786152,192,0
"Supplementary Fig. 6e","Epithelial","Epi_Hypox-Stress","COCA",35,451.28018661667,0.0775571386424062,0.08,"±",9,3,1468203.37786152,192,0
"Supplementary Fig. 6e","Epithelial","Epi_Hypox-Stress","HNCA",0,456.878842428508,0,0,"−",0,0,1468203.37786152,192,0
"Supplementary Fig. 6e","Epithelial","Epi_Hypox-Stress","KICA",3689,457.324595279769,8.06648065307585,8.07,"+++",13,3,1468203.37786152,192,0
"Supplementary Fig. 6e","Epithelial","Epi_Hypox-Stress","LICA",229,590.925639859726,0.387527608472633,0.39,"+",12,2,1468203.37786152,192,0
"Supplementary Fig. 6e","Epithelial","Epi_Hypox-Stress","LUCA",207,828.458419239705,0.249861664982497,0.25,"+",18,2,1468203.37786152,192,0
"Supplementary Fig. 6e","Epithelial","Epi_Hypox-Stress","OVCA",202,876.100483982484,0.230567159467565,0.23,"+",14,7,1468203.37786152,192,0
"Supplementary Fig. 6e","Epithelial","Epi_Hypox-Stress","PACA",58,1586.20260615536,0.036565316293724,0.04,"±",11,3,1468203.37786152,192,0
"Supplementary Fig. 6e","Epithelial","Epi_Hypox-Stress","PRCA",4,571.169873491837,0.0070031704850714,0.01,"±",2,1,1468203.37786152,192,0
"Supplementary Fig. 6e","Epithelial","Epi_Hypox-Stress","SKCA",1,488.919557377151,0.0020453262400968,0,"±",1,1,1468203.37786152,192,0
"Supplementary Fig. 6e","Epithelial","Epi_Hypox-Stress","STCA",56,563.859526731156,0.0993155162681154,0.1,"±",14,2,1468203.37786152,192,0
"Supplementary Fig. 6e","Epithelial","Epi_Hypox-Stress","THCA",21,792.655550226419,0.026493222679134,0.03,"±",5,2,1468203.37786152,192,0
"Supplementary Fig. 6e","Epithelial","Epi_Hypox-Stress","UECA",470,164.625443027725,2.85496574135778,2.85,"++",1,1,1468203.37786152,192,0
"Supplementary Fig. 6e","Epithelial","Epi_Interferon","BRCA",1711,5514.63610216577,0.310265259266706,0.31,"+",65,2,1468203.37786152,192,0
"Supplementary Fig. 6e","Epithelial","Epi_Interferon","COCA",3,687.167690276125,0.00436574658915425,0,"±",2,2,1468203.37786152,192,0
"Supplementary Fig. 6e","Epithelial","Epi_Interferon","HNCA",4646,695.692805042886,6.67823494266783,6.68,"+++",34,3,1468203.37786152,192,0
"Supplementary Fig. 6e","Epithelial","Epi_Interferon","KICA",35,696.371556218583,0.0502605249847596,0.05,"±",4,2,1468203.37786152,192,0
"Supplementary Fig. 6e","Epithelial","Epi_Interferon","LICA",28,899.806858598631,0.0311177890370913,0.03,"±",8,2,1468203.37786152,192,0
"Supplementary Fig. 6e","Epithelial","Epi_Interferon","LUCA",506,1261.4997851043,0.401109858261421,0.4,"+",33,2,1468203.37786152,192,0
"Supplementary Fig. 6e","Epithelial","Epi_Interferon","OVCA",743,1334.04471076285,0.556952847236379,0.56,"+",44,7,1468203.37786152,192,0
"Supplementary Fig. 6e","Epithelial","Epi_Interferon","PACA",7073,2415.32248369596,2.92838742973021,2.93,"++",27,4,1468203.37786152,192,0
"Supplementary Fig. 6e","Epithelial","Epi_Interferon","PRCA",16,869.724606491719,0.0183966279447244,0.02,"±",8,2,1468203.37786152,192,0
"Supplementary Fig. 6e","Epithelial","Epi_Interferon","SKCA",1423,744.48143955202,1.91139755056388,1.91,"++",15,1,1468203.37786152,192,0
"Supplementary Fig. 6e","Epithelial","Epi_Interferon","STCA",379,858.59308721028,0.441419813000635,0.44,"+",20,2,1468203.37786152,192,0
"Supplementary Fig. 6e","Epithelial","Epi_Interferon","THCA",844,1206.98249067228,0.699264493497249,0.7,"+",21,2,1468203.37786152,192,0
"Supplementary Fig. 6e","Epithelial","Epi_Interferon","UECA",28,250.676384208592,0.111697797494561,0.11,"±",2,1,1468203.37786152,192,0
"Supplementary Fig. 6e","Epithelial","Epi_Luminal","BRCA",39996,28619.4905897485,1.39750915113515,1.4,"++",91,2,1468203.37786152,192,0
"Supplementary Fig. 6e","Epithelial","Epi_Luminal","COCA",4903,3566.21704154027,1.37484621459898,1.37,"++",61,3,1468203.37786152,192,0
"Supplementary Fig. 6e","Epithelial","Epi_Luminal","HNCA",108,3610.46011348984,0.0299130849268981,0.03,"±",23,3,1468203.37786152,192,0
"Supplementary Fig. 6e","Epithelial","Epi_Luminal","KICA",161,3613.98265106545,0.0445491900611463,0.04,"±",18,3,1468203.37786152,192,0
"Supplementary Fig. 6e","Epithelial","Epi_Luminal","LICA",8332,4669.75761322512,1.78424678325983,1.78,"++",51,2,1468203.37786152,192,0
"Supplementary Fig. 6e","Epithelial","Epi_Luminal","LUCA",4314,6546.84743651234,0.6589431083945,0.66,"+",59,2,1468203.37786152,192,0
"Supplementary Fig. 6e","Epithelial","Epi_Luminal","OVCA",2130,6923.33625259276,0.307655142302575,0.31,"+",54,7,1468203.37786152,192,0
"Supplementary Fig. 6e","Epithelial","Epi_Luminal","PACA",10104,12534.879512031,0.806070771585968,0.81,"+",34,3,1468203.37786152,192,0
"Supplementary Fig. 6e","Epithelial","Epi_Luminal","PRCA",8766,4513.6387478744,1.94211377774266,1.94,"++",49,2,1468203.37786152,192,0
"Supplementary Fig. 6e","Epithelial","Epi_Luminal","SKCA",15,3863.66011442417,0.00388232907547965,0,"±",4,1,1468203.37786152,192,0
"Supplementary Fig. 6e","Epithelial","Epi_Luminal","STCA",5606,4455.86913163452,1.25811594424982,1.26,"++",58,3,1468203.37786152,192,0
"Supplementary Fig. 6e","Epithelial","Epi_Luminal","THCA",5776,6263.91721843992,0.922106694353563,0.92,"+",32,2,1468203.37786152,192,0
"Supplementary Fig. 6e","Epithelial","Epi_Luminal","UECA",272,1300.94357742162,0.209079013664131,0.21,"+",6,1,1468203.37786152,192,0
"Supplementary Fig. 6e","Epithelial","Epi_MHCII","BRCA",2284,6909.18904592539,0.330574251886618,0.33,"+",71,2,1468203.37786152,192,0
"Supplementary Fig. 6e","Epithelial","Epi_MHCII","COCA",113,860.940121961095,0.131251868878642,0.13,"±",41,3,1468203.37786152,192,0
"Supplementary Fig. 6e","Epithelial","Epi_MHCII","HNCA",3819,871.621085939592,4.38149106487389,4.38,"+++",31,3,1468203.37786152,192,0
"Supplementary Fig. 6e","Epithelial","Epi_MHCII","KICA",319,872.471481160811,0.365627996889452,0.37,"+",17,3,1468203.37786152,192,0
"Supplementary Fig. 6e","Epithelial","Epi_MHCII","LICA",774,1127.35193686427,0.686564660679861,0.69,"+",39,2,1468203.37786152,192,0
"Supplementary Fig. 6e","Epithelial","Epi_MHCII","LUCA",1200,1580.51054234691,0.759248336438245,0.76,"+",62,2,1468203.37786152,192,0
"Supplementary Fig. 6e","Epithelial","Epi_MHCII","OVCA",800,1671.40078359069,0.478640436126487,0.48,"+",56,7,1468203.37786152,192,0
"Supplementary Fig. 6e","Epithelial","Epi_MHCII","PACA",5641,3026.1143867998,1.8641066658308,1.86,"++",34,4,1468203.37786152,192,0
"Supplementary Fig. 6e","Epithelial","Epi_MHCII","PRCA",2225,1089.66242065989,2.04191679717886,2.04,"++",40,2,1468203.37786152,192,0
"Supplementary Fig. 6e","Epithelial","Epi_MHCII","SKCA",157,932.747494440742,0.168319937534793,0.17,"±",12,1,1468203.37786152,192,0
"Supplementary Fig. 6e","Epithelial","Epi_MHCII","STCA",1555,1075.71593903191,1.44554890708361,1.45,"++",48,3,1468203.37786152,192,0
"Supplementary Fig. 6e","Epithelial","Epi_MHCII","THCA",2928,1512.20679817868,1.93624311405458,1.94,"++",26,2,1468203.37786152,192,0
"Supplementary Fig. 6e","Epithelial","Epi_MHCII","UECA",29,314.067963100229,0.0923367022657616,0.09,"±",6,1,1468203.37786152,192,0
"Supplementary Fig. 6e","Epithelial","Epi_Oxphos-Ion","BRCA",104,913.465389334945,0.11385215161323,0.11,"±",21,2,1468203.37786152,192,0
"Supplementary Fig. 6e","Epithelial","Epi_Oxphos-Ion","COCA",0,113.825081130912,0,0,"−",0,0,1468203.37786152,192,0
"Supplementary Fig. 6e","Epithelial","Epi_Oxphos-Ion","HNCA",0,115.237213705985,0,0,"−",0,0,1468203.37786152,192,0
"Supplementary Fig. 6e","Epithelial","Epi_Oxphos-Ion","KICA",2678,115.349644643491,23.2163697450204,23.22,"+++",10,2,1468203.37786152,192,0
"Supplementary Fig. 6e","Epithelial","Epi_Oxphos-Ion","LICA",1,149.047445232741,0.00670927299987245,0.01,"±",1,1,1468203.37786152,192,0
"Supplementary Fig. 6e","Epithelial","Epi_Oxphos-Ion","LUCA",0,208.959643210853,0,0,"−",0,0,1468203.37786152,192,0
"Supplementary Fig. 6e","Epithelial","Epi_Oxphos-Ion","OVCA",0,220.976261811477,0,0,"−",0,0,1468203.37786152,192,0
"Supplementary Fig. 6e","Epithelial","Epi_Oxphos-Ion","PACA",24,400.08324249578,0.0599875162235848,0.06,"±",4,3,1468203.37786152,192,0
"Supplementary Fig. 6e","Epithelial","Epi_Oxphos-Ion","PRCA",0,144.064506082483,0,0,"−",0,0,1468203.37786152,192,0
"Supplementary Fig. 6e","Epithelial","Epi_Oxphos-Ion","SKCA",0,123.318749493905,0,0,"−",0,0,1468203.37786152,192,0
"Supplementary Fig. 6e","Epithelial","Epi_Oxphos-Ion","STCA",81,142.220638707387,0.569537591282052,0.57,"+",11,1,1468203.37786152,192,0
"Supplementary Fig. 6e","Epithelial","Epi_Oxphos-Ion","THCA",0,199.929190310384,0,0,"−",0,0,1468203.37786152,192,0
"Supplementary Fig. 6e","Epithelial","Epi_Oxphos-Ion","UECA",0,41.5229938396567,0,0,"−",0,0,1468203.37786152,192,0
"Supplementary Fig. 6e","Epithelial","Epi_Oxphos-Metal","BRCA",80,781.25329351015,0.102399568314857,0.1,"±",13,2,1468203.37786152,192,0
"Supplementary Fig. 6e","Epithelial","Epi_Oxphos-Metal","COCA",0,97.3503983356484,0,0,"−",0,0,1468203.37786152,192,0
"Supplementary Fig. 6e","Epithelial","Epi_Oxphos-Metal","HNCA",0,98.5581433011717,0,0,"−",0,0,1468203.37786152,192,0
"Supplementary Fig. 6e","Epithelial","Epi_Oxphos-Metal","KICA",2319,98.654301339828,23.5063242910402,23.51,"+++",11,3,1468203.37786152,192,0
"Supplementary Fig. 6e","Epithelial","Epi_Oxphos-Metal","LICA",2,127.474788685897,0.0156893768612402,0.02,"±",2,1,1468203.37786152,192,0
"Supplementary Fig. 6e","Epithelial","Epi_Oxphos-Metal","LUCA",0,178.715484325072,0,0,"−",0,0,1468203.37786152,192,0
"Supplementary Fig. 6e","Epithelial","Epi_Oxphos-Metal","OVCA",1,188.992855496658,0.00529120530705819,0.01,"±",1,1,1468203.37786152,192,0
"Supplementary Fig. 6e","Epithelial","Epi_Oxphos-Metal","PACA",18,342.176457397706,0.052604437303759,0.05,"±",2,2,1468203.37786152,192,0
"Supplementary Fig. 6e","Epithelial","Epi_Oxphos-Metal","PRCA",0,123.21306441265,0,0,"−",0,0,1468203.37786152,192,0
"Supplementary Fig. 6e","Epithelial","Epi_Oxphos-Metal","SKCA",0,105.469983119787,0,0,"−",0,0,1468203.37786152,192,0
"Supplementary Fig. 6e","Epithelial","Epi_Oxphos-Metal","STCA",50,121.636072578686,0.411062269111452,0.41,"+",6,1,1468203.37786152,192,0
"Supplementary Fig. 6e","Epithelial","Epi_Oxphos-Metal","THCA",0,170.992070660197,0,0,"−",0,0,1468203.37786152,192,0
"Supplementary Fig. 6e","Epithelial","Epi_Oxphos-Metal","UECA",0,35.5130868365485,0,0,"−",0,0,1468203.37786152,192,0
"Supplementary Fig. 6e","Epithelial","Epi_Squamous","BRCA",5617,8538.43427461802,0.657848947399819,0.66,"+",20,2,1468203.37786152,192,0
"Supplementary Fig. 6e","Epithelial","Epi_Squamous","COCA",1,1063.95708626349,0.000939887532035616,0,"±",1,1,1468203.37786152,192,0
"Supplementary Fig. 6e","Epithelial","Epi_Squamous","HNCA",4965,1077.15671190896,4.609357157698,4.61,"+++",27,3,1468203.37786152,192,0
"Supplementary Fig. 6e","Epithelial","Epi_Squamous","KICA",0,1078.20763751767,0,0,"−",0,0,1468203.37786152,192,0
"Supplementary Fig. 6e","Epithelial","Epi_Squamous","LICA",0,1393.19106096186,0,0,"−",0,0,1468203.37786152,192,0
"Supplementary Fig. 6e","Epithelial","Epi_Squamous","LUCA",30,1953.20829933414,0.0153593449353186,0.02,"±",6,2,1468203.37786152,192,0
"Supplementary Fig. 6e","Epithelial","Epi_Squamous","OVCA",82,2065.53122839364,0.0396992303349349,0.04,"±",15,6,1468203.37786152,192,0
"Supplementary Fig. 6e","Epithelial","Epi_Squamous","PACA",119,3739.69776010166,0.0318207533425817,0.03,"±",13,3,1468203.37786152,192,0
"Supplementary Fig. 6e","Epithelial","Epi_Squamous","PRCA",70,1346.61403798359,0.0519822295219923,0.05,"±",17,2,1468203.37786152,192,0
"Supplementary Fig. 6e","Epithelial","Epi_Squamous","SKCA",16026,1152.69724466342,13.9030435564886,13.9,"+++",20,1,1468203.37786152,192,0
"Supplementary Fig. 6e","Epithelial","Epi_Squamous","STCA",13,1329.37885800066,0.00977900311996202,0.01,"±",7,1,1468203.37786152,192,0
"Supplementary Fig. 6e","Epithelial","Epi_Squamous","THCA",47,1868.79795444211,0.0251498562957443,0.03,"±",9,2,1468203.37786152,192,0
"Supplementary Fig. 6e","Epithelial","Epi_Squamous","UECA",25,388.12784581078,0.0644117660452222,0.06,"±",1,1,1468203.37786152,192,0
"Supplementary Fig. 6e","Epithelial","Epi_TNF","BRCA",36288,20669.3685118629,1.75564144493205,1.76,"++",78,2,1468203.37786152,192,0
"Supplementary Fig. 6e","Epithelial","Epi_TNF","COCA",7,2575.56835240403,0.00271784672049811,0,"±",4,1,1468203.37786152,192,0
"Supplementary Fig. 6e","Epithelial","Epi_TNF","HNCA",326,2607.52127467407,0.125022949253117,0.13,"±",15,2,1468203.37786152,192,0
"Supplementary Fig. 6e","Epithelial","Epi_TNF","KICA",280,2610.0652971478,0.107277009623466,0.11,"±",16,3,1468203.37786152,192,0
"Supplementary Fig. 6e","Epithelial","Epi_TNF","LICA",656,3372.55971297409,0.194511011169468,0.19,"±",14,2,1468203.37786152,192,0
"Supplementary Fig. 6e","Epithelial","Epi_TNF","LUCA",555,4728.21840877522,0.117380364445509,0.12,"±",34,2,1468203.37786152,192,0
"Supplementary Fig. 6e","Epithelial","Epi_TNF","OVCA",17267,5000.12353076746,3.45331468187742,3.45,"+++",60,7,1468203.37786152,192,0
"Supplementary Fig. 6e","Epithelial","Epi_TNF","PACA",634,9052.85309231795,0.0700331700442592,0.07,"±",29,4,1468203.37786152,192,0
"Supplementary Fig. 6e","Epithelial","Epi_TNF","PRCA",268,3259.80863693839,0.0822134149112831,0.08,"±",31,2,1468203.37786152,192,0
"Supplementary Fig. 6e","Epithelial","Epi_TNF","SKCA",20,2790.38561008577,0.00716746815483514,0.01,"±",13,1,1468203.37786152,192,0
"Supplementary Fig. 6e","Epithelial","Epi_TNF","STCA",662,3218.08666836922,0.205712296846086,0.21,"+",31,3,1468203.37786152,192,0
"Supplementary Fig. 6e","Epithelial","Epi_TNF","THCA",3624,4523.88252368524,0.801081809933433,0.8,"+",26,2,1468203.37786152,192,0
"Supplementary Fig. 6e","Epithelial","Epi_TNF","UECA",4761,939.558379997882,5.06727426560841,5.07,"+++",6,1,1468203.37786152,192,0
"Supplementary Fig. 6e","Epithelial","Epi_Xenobiotic","BRCA",5677,10485.5578676741,0.541411346124141,0.54,"+",76,2,1468203.37786152,192,0
"Supplementary Fig. 6e","Epithelial","Epi_Xenobiotic","COCA",1,1306.58423288465,0.000765354406422173,0,"±",1,1,1468203.37786152,192,0
"Supplementary Fig. 6e","Epithelial","Epi_Xenobiotic","HNCA",169,1322.79393059803,0.127759884658373,0.13,"±",11,3,1468203.37786152,192,0
"Supplementary Fig. 6e","Epithelial","Epi_Xenobiotic","KICA",306,1324.08451162617,0.231103073340981,0.23,"+",13,3,1468203.37786152,192,0
"Supplementary Fig. 6e","Epithelial","Epi_Xenobiotic","LICA",10907,1710.89745737902,6.37501678020423,6.38,"+++",54,2,1468203.37786152,192,0
"Supplementary Fig. 6e","Epithelial","Epi_Xenobiotic","LUCA",9351,2398.62227565201,3.8984879340613,3.9,"+++",50,2,1468203.37786152,192,0
"Supplementary Fig. 6e","Epithelial","Epi_Xenobiotic","OVCA",1461,2536.55957593916,0.575977009906841,0.58,"+",49,7,1468203.37786152,192,0
"Supplementary Fig. 6e","Epithelial","Epi_Xenobiotic","PACA",3519,4592.50677700055,0.766248188815591,0.77,"+",34,4,1468203.37786152,192,0
"Supplementary Fig. 6e","Epithelial","Epi_Xenobiotic","PRCA",479,1653.69890621204,0.289653695845513,0.29,"+",35,2,1468203.37786152,192,0
"Supplementary Fig. 6e","Epithelial","Epi_Xenobiotic","SKCA",40,1415.56089490043,0.0282573502447689,0.03,"±",9,1,1468203.37786152,192,0
"Supplementary Fig. 6e","Epithelial","Epi_Xenobiotic","STCA",753,1632.53337735062,0.461246312294098,0.46,"+",34,2,1468203.37786152,192,0
"Supplementary Fig. 6e","Epithelial","Epi_Xenobiotic","THCA",395,2294.96280747214,0.172116079055366,0.17,"±",14,2,1468203.37786152,192,0
"Supplementary Fig. 6e","Epithelial","Epi_Xenobiotic","UECA",93,476.6373853111,0.195116881021196,0.2,"±",6,1,1468203.37786152,192,0
"Supplementary Fig. 6e","Epithelial","Epi_cEMT","BRCA",8410,12043.3200014949,0.698312425390679,0.7,"+",79,2,1468203.37786152,192,0
"Supplementary Fig. 6e","Epithelial","Epi_cEMT","COCA",21,1500.69383280492,0.0139935272211716,0.01,"±",13,3,1468203.37786152,192,0
"Supplementary Fig. 6e","Epithelial","Epi_cEMT","HNCA",439,1519.31168596575,0.288946635542363,0.29,"+",17,3,1468203.37786152,192,0
"Supplementary Fig. 6e","Epithelial","Epi_cEMT","KICA",121,1520.7939991155,0.0795637016389951,0.08,"±",13,3,1468203.37786152,192,0
"Supplementary Fig. 6e","Epithelial","Epi_cEMT","LICA",6212,1965.07289635798,3.16120588275028,3.16,"+++",11,2,1468203.37786152,192,0
"Supplementary Fig. 6e","Epithelial","Epi_cEMT","LUCA",916,2754.96792759572,0.332490259078769,0.33,"+",37,2,1468203.37786152,192,0
"Supplementary Fig. 6e","Epithelial","Epi_cEMT","OVCA",10467,2913.39755704079,3.59271256156046,3.59,"+++",61,7,1468203.37786152,192,0
"Supplementary Fig. 6e","Epithelial","Epi_cEMT","PACA",583,5274.78169711541,0.110525901065976,0.11,"±",22,3,1468203.37786152,192,0
"Supplementary Fig. 6e","Epithelial","Epi_cEMT","PRCA",68,1899.37677756115,0.0358012169061653,0.04,"±",30,2,1468203.37786152,192,0
"Supplementary Fig. 6e","Epithelial","Epi_cEMT","SKCA",6,1625.86035516964,0.00369035383692221,0,"±",3,1,1468203.37786152,192,0
"Supplementary Fig. 6e","Epithelial","Epi_cEMT","STCA",1631,1875.06684190528,0.86983565788125,0.87,"+",46,4,1468203.37786152,192,0
"Supplementary Fig. 6e","Epithelial","Epi_cEMT","THCA",8644,2635.90853540796,3.27932471247989,3.28,"+++",30,2,1468203.37786152,192,0
"Supplementary Fig. 6e","Epithelial","Epi_cEMT","UECA",558,547.447892464947,1.01927509025113,1.02,"++",6,1,1468203.37786152,192,0
"Supplementary Fig. 6e","T cell","CD16+ NK","BRCA",1172,2668.41739217533,0.439211647861644,0.44,"+",50,2,106037.802042696,252,0
"Supplementary Fig. 6e","T cell","CD16+ NK","COCA",593,1847.02700083379,0.321056486847407,0.32,"+",58,3,106037.802042696,252,0
"Supplementary Fig. 6e","T cell","CD16+ NK","HNCA",1712,3775.15800929084,0.453490952110266,0.45,"+",49,3,106037.802042696,252,0
"Supplementary Fig. 6e","T cell","CD16+ NK","KICA",1916,991.5071089021,1.93241176265654,1.93,"++",21,3,106037.802042696,252,0
"Supplementary Fig. 6e","T cell","CD16+ NK","LICA",2217,2163.48125047375,1.0247373299466,1.02,"++",46,2,106037.802042696,252,0
"Supplementary Fig. 6e","T cell","CD16+ NK","LUCA",13568,6232.95975863301,2.17681495235189,2.18,"++",77,2,106037.802042696,252,0
"Supplementary Fig. 6e","T cell","CD16+ NK","OVCA",3015,3886.25139146066,0.775811880473025,0.78,"+",67,7,106037.802042696,252,0
"Supplementary Fig. 6e","T cell","CD16+ NK","PACA",4825,3168.52338682606,1.52279134819114,1.52,"++",35,3,106037.802042696,252,0
"Supplementary Fig. 6e","T cell","CD16+ NK","PRCA",2274,4136.62286002014,0.549723790867637,0.55,"+",44,2,106037.802042696,252,0
"Supplementary Fig. 6e","T cell","CD16+ NK","SKCA",51,88.2696103910167,0.577775292924487,0.58,"+",6,1,106037.802042696,252,0
"Supplementary Fig. 6e","T cell","CD16+ NK","STCA",3591,4869.10669850242,0.737506943748938,0.74,"+",76,4,106037.802042696,252,0
"Supplementary Fig. 6e","T cell","CD16+ NK","THCA",4193,5094.63741080033,0.823022260840602,0.82,"+",42,2,106037.802042696,252,0
"Supplementary Fig. 6e","T cell","CD16+ NK","UECA",87,292.038121690544,0.297906312697727,0.3,"+",6,1,106037.802042696,252,0
"Supplementary Fig. 6e","T cell","CD16- NK","BRCA",2319,2025.43590753554,1.14493872226332,1.14,"++",52,2,106037.802042696,252,0
"Supplementary Fig. 6e","T cell","CD16- NK","COCA",1751,1401.96763094349,1.24895893553664,1.25,"++",57,3,106037.802042696,252,0
"Supplementary Fig. 6e","T cell","CD16- NK","HNCA",1504,2865.49645908456,0.524865419125481,0.52,"+",52,3,106037.802042696,252,0
"Supplementary Fig. 6e","T cell","CD16- NK","KICA",1259,752.59369348883,1.67288141116836,1.67,"++",16,3,106037.802042696,252,0
"Supplementary Fig. 6e","T cell","CD16- NK","LICA",3063,1642.16910849062,1.86521594162451,1.87,"++",53,2,106037.802042696,252,0
"Supplementary Fig. 6e","T cell","CD16- NK","LUCA",3614,4731.06663986616,0.763886936097404,0.76,"+",78,2,106037.802042696,252,0
"Supplementary Fig. 6e","T cell","CD16- NK","OVCA",5162,2949.82079529827,1.74993681251001,1.75,"++",72,7,106037.802042696,252,0
"Supplementary Fig. 6e","T cell","CD16- NK","PACA",2597,2405.03643109292,1.07981732269222,1.08,"++",35,3,106037.802042696,252,0
"Supplementary Fig. 6e","T cell","CD16- NK","PRCA",2309,3139.86278952669,0.735382452921793,0.74,"+",45,2,106037.802042696,252,0
"Supplementary Fig. 6e","T cell","CD16- NK","SKCA",82,67.0001773164842,1.22387735800552,1.22,"++",9,1,106037.802042696,252,0
"Supplementary Fig. 6e","T cell","CD16- NK","STCA",4167,3695.8474239028,1.12748160896741,1.13,"++",78,4,106037.802042696,252,0
"Supplementary Fig. 6e","T cell","CD16- NK","THCA",1800,3867.03428705238,0.465472986889919,0.47,"+",43,2,106037.802042696,252,0
"Supplementary Fig. 6e","T cell","CD16- NK","UECA",138,221.66865640126,0.622550802808111,0.62,"+",6,1,106037.802042696,252,0
"Supplementary Fig. 6e","T cell","CD4 CXCL13+ T","BRCA",3490,1952.82915083,1.78715070825149,1.79,"++",54,2,106037.802042696,252,0
"Supplementary Fig. 6e","T cell","CD4 CXCL13+ T","COCA",1977,1351.71063574051,1.46259114023834,1.46,"++",59,3,106037.802042696,252,0
"Supplementary Fig. 6e","T cell","CD4 CXCL13+ T","HNCA",3943,2762.77565539421,1.42718790514222,1.43,"++",52,3,106037.802042696,252,0
"Supplementary Fig. 6e","T cell","CD4 CXCL13+ T","KICA",328,725.615112237274,0.452030276751933,0.45,"+",18,3,106037.802042696,252,0
"Supplementary Fig. 6e","T cell","CD4 CXCL13+ T","LICA",720,1583.30149757983,0.454745985588065,0.45,"+",45,2,106037.802042696,252,0
"Supplementary Fig. 6e","T cell","CD4 CXCL13+ T","LUCA",3809,4561.46986161193,0.835037853051599,0.84,"+",76,2,106037.802042696,252,0
"Supplementary Fig. 6e","T cell","CD4 CXCL13+ T","OVCA",2491,2844.07717733814,0.875855275605215,0.88,"+",65,7,106037.802042696,252,0
"Supplementary Fig. 6e","T cell","CD4 CXCL13+ T","PACA",1603,2318.8219553,0.69129930236175,0.69,"+",35,3,106037.802042696,252,0
"Supplementary Fig. 6e","T cell","CD4 CXCL13+ T","PRCA",2008,3027.30664652568,0.66329587136622,0.66,"+",42,2,106037.802042696,252,0
"Supplementary Fig. 6e","T cell","CD4 CXCL13+ T","SKCA",177,64.5983903453205,2.74000635393266,2.74,"++",14,1,106037.802042696,252,0
"Supplementary Fig. 6e","T cell","CD4 CXCL13+ T","STCA",3301,3563.36063736478,0.926372695872062,0.93,"+",75,4,106037.802042696,252,0
"Supplementary Fig. 6e","T cell","CD4 CXCL13+ T","THCA",4597,3728.4108842543,1.23296496623103,1.23,"++",40,2,106037.802042696,252,0
"Supplementary Fig. 6e","T cell","CD4 CXCL13+ T","UECA",254,213.722395478024,1.1884575756878,1.19,"++",6,1,106037.802042696,252,0
"Supplementary Fig. 6e","T cell","CD4 Cycling Treg","BRCA",533,210.811370453389,2.52832662134725,2.53,"++",43,2,106037.802042696,252,0
"Supplementary Fig. 6e","T cell","CD4 Cycling Treg","COCA",87,145.919560579974,0.596218900702611,0.6,"+",25,3,106037.802042696,252,0
"Supplementary Fig. 6e","T cell","CD4 Cycling Treg","HNCA",608,298.246532176851,2.03858195956986,2.04,"++",42,3,106037.802042696,252,0
"Supplementary Fig. 6e","T cell","CD4 Cycling Treg","KICA",53,78.3314383480059,0.676612112808844,0.68,"+",14,3,106037.802042696,252,0
"Supplementary Fig. 6e","T cell","CD4 Cycling Treg","LICA",187,170.920204874985,1.09407778990656,1.09,"++",38,2,106037.802042696,252,0
"Supplementary Fig. 6e","T cell","CD4 Cycling Treg","LUCA",213,492.418761979014,0.432558660323908,0.43,"+",57,2,106037.802042696,252,0
"Supplementary Fig. 6e","T cell","CD4 Cycling Treg","OVCA",325,307.023175670554,1.05855201090336,1.06,"++",52,7,106037.802042696,252,0
"Supplementary Fig. 6e","T cell","CD4 Cycling Treg","PACA",248,250.320942836414,0.990728131613299,0.99,"+",25,3,106037.802042696,252,0
"Supplementary Fig. 6e","T cell","CD4 Cycling Treg","PRCA",40,326.803121852971,0.122397851566412,0.12,"±",21,2,106037.802042696,252,0
"Supplementary Fig. 6e","T cell","CD4 Cycling Treg","SKCA",80,6.97351081224485,11.4719833601645,11.47,"+++",14,1,106037.802042696,252,0
"Supplementary Fig. 6e","T cell","CD4 Cycling Treg","STCA",420,384.671100932333,1.09184183314535,1.09,"++",46,4,106037.802042696,252,0
"Supplementary Fig. 6e","T cell","CD4 Cycling Treg","THCA",295,402.488567824232,0.732940072297476,0.73,"+",32,2,106037.802042696,252,0
"Supplementary Fig. 6e","T cell","CD4 Cycling Treg","UECA",9,23.0717116590326,0.390088092856192,0.39,"+",3,1,106037.802042696,252,0
"Supplementary Fig. 6e","T cell","CD4 Tcm/Tn","BRCA",4721,6074.53848579844,0.777178383351615,0.78,"+",60,2,106037.802042696,252,0
"Supplementary Fig. 6e","T cell","CD4 Tcm/Tn","COCA",3606,4204.67826126975,0.857616154181329,0.86,"+",60,3,106037.802042696,252,0
"Supplementary Fig. 6e","T cell","CD4 Tcm/Tn","HNCA",7641,8593.98633986291,0.889110093712563,0.89,"+",50,3,106037.802042696,252,0
"Supplementary Fig. 6e","T cell","CD4 Tcm/Tn","KICA",1219,2257.1236829852,0.540067878951051,0.54,"+",22,3,106037.802042696,252,0
"Supplementary Fig. 6e","T cell","CD4 Tcm/Tn","LICA",4084,4925.07287572145,0.829226308534928,0.83,"+",54,2,106037.802042696,252,0
"Supplementary Fig. 6e","T cell","CD4 Tcm/Tn","LUCA",18580,14189.0672895754,1.30945886863547,1.31,"++",77,2,106037.802042696,252,0
"Supplementary Fig. 6e","T cell","CD4 Tcm/Tn","OVCA",6921,8846.88569042437,0.782309192430406,0.78,"+",71,7,106037.802042696,252,0
"Supplementary Fig. 6e","T cell","CD4 Tcm/Tn","PACA",6112,7213.00847193797,0.847357940002231,0.85,"+",35,3,106037.802042696,252,0
"Supplementary Fig. 6e","T cell","CD4 Tcm/Tn","PRCA",9791,9416.84566968781,1.03973244793812,1.04,"++",46,2,106037.802042696,252,0
"Supplementary Fig. 6e","T cell","CD4 Tcm/Tn","SKCA",51,200.942006681177,0.253804571987373,0.25,"+",7,1,106037.802042696,252,0
"Supplementary Fig. 6e","T cell","CD4 Tcm/Tn","STCA",6228,11084.313915148,0.561875100946819,0.56,"+",78,4,106037.802042696,252,0
"Supplementary Fig. 6e","T cell","CD4 Tcm/Tn","THCA",19602,11597.7249713045,1.69015906554949,1.69,"++",43,2,106037.802042696,252,0
"Supplementary Fig. 6e","T cell","CD4 Tcm/Tn","UECA",713,664.812339603028,1.07248310166106,1.07,"++",6,1,106037.802042696,252,0
"Supplementary Fig. 6e","T cell","CD4 Tem/Effector","BRCA",8616,8322.48994574928,1.03526709628536,1.04,"++",60,2,106037.802042696,252,0
"Supplementary Fig. 6e","T cell","CD4 Tem/Effector","COCA",6703,5760.66686157944,1.16358056472687,1.16,"++",60,3,106037.802042696,252,0
"Supplementary Fig. 6e","T cell","CD4 Tem/Effector","HNCA",8320,11774.2878861709,0.706624475334254,0.71,"+",53,3,106037.802042696,252,0
"Supplementary Fig. 6e","T cell","CD4 Tem/Effector","KICA",1720,3092.39775200598,0.556202706745686,0.56,"+",21,3,106037.802042696,252,0
"Supplementary Fig. 6e","T cell","CD4 Tem/Effector","LICA",7313,6747.65162589741,1.08378446390634,1.08,"++",56,2,106037.802042696,252,0
"Supplementary Fig. 6e","T cell","CD4 Tem/Effector","LUCA",21498,19439.8916284963,1.10587036238859,1.11,"++",78,2,106037.802042696,252,0
"Supplementary Fig. 6e","T cell","CD4 Tem/Effector","OVCA",10819,12120.7754929669,0.892599653073167,0.89,"+",71,7,106037.802042696,252,0
"Supplementary Fig. 6e","T cell","CD4 Tem/Effector","PACA",10051,9882.2635870448,1.01707467236316,1.02,"++",35,3,106037.802042696,252,0
"Supplementary Fig. 6e","T cell","CD4 Tem/Effector","PRCA",14639,12901.6555891239,1.13466057893692,1.13,"++",46,2,106037.802042696,252,0
"Supplementary Fig. 6e","T cell","CD4 Tem/Effector","SKCA",171,275.302861969269,0.621134116720836,0.62,"+",9,1,106037.802042696,252,0
"Supplementary Fig. 6e","T cell","CD4 Tem/Effector","STCA",15871,15186.189260306,1.04509431088706,1.05,"++",78,4,106037.802042696,252,0
"Supplementary Fig. 6e","T cell","CD4 Tem/Effector","THCA",15511,15889.5938667446,0.976173471145981,0.98,"+",42,2,106037.802042696,252,0
"Supplementary Fig. 6e","T cell","CD4 Tem/Effector","UECA",1072,910.833641945229,1.1769437915255,1.18,"++",6,1,106037.802042696,252,0
"Supplementary Fig. 6e","T cell","CD4 Tfh","BRCA",56,65.5298094727609,0.854572910413813,0.85,"+",24,2,106037.802042696,252,0
"Supplementary Fig. 6e","T cell","CD4 Tfh","COCA",80,45.3584689601403,1.76372796159195,1.76,"++",34,3,106037.802042696,252,0
"Supplementary Fig. 6e","T cell","CD4 Tfh","HNCA",85,92.708654127278,0.916850760052077,0.92,"+",19,3,106037.802042696,252,0
"Supplementary Fig. 6e","T cell","CD4 Tfh","KICA",12,24.3489913263814,0.492833556805219,0.49,"+",5,2,106037.802042696,252,0
"Supplementary Fig. 6e","T cell","CD4 Tfh","LICA",45,53.1298119091706,0.846982106334779,0.85,"+",20,2,106037.802042696,252,0
"Supplementary Fig. 6e","T cell","CD4 Tfh","LUCA",178,153.066258161973,1.16289508959998,1.16,"++",45,2,106037.802042696,252,0
"Supplementary Fig. 6e","T cell","CD4 Tfh","OVCA",88,95.4368360783549,0.922075831681499,0.92,"+",30,7,106037.802042696,252,0
"Supplementary Fig. 6e","T cell","CD4 Tfh","PACA",53,77.8111904297827,0.681135961386268,0.68,"+",21,3,106037.802042696,252,0
"Supplementary Fig. 6e","T cell","CD4 Tfh","PRCA",97,101.585347432024,0.954862117933962,0.95,"+",28,2,106037.802042696,252,0
"Supplementary Fig. 6e","T cell","CD4 Tfh","SKCA",0,2.16768589806062,0,0,"−",0,0,106037.802042696,252,0
"Supplementary Fig. 6e","T cell","CD4 Tfh","STCA",85,119.573360296267,0.710860678243006,0.71,"+",31,4,106037.802042696,252,0
"Supplementary Fig. 6e","T cell","CD4 Tfh","THCA",168,125.111843387584,1.34279853490411,1.34,"++",23,2,106037.802042696,252,0
"Supplementary Fig. 6e","T cell","CD4 Tfh","UECA",16,7.1717425202222,2.23097803007912,2.23,"++",6,1,106037.802042696,252,0
"Supplementary Fig. 6e","T cell","CD4 Th1","BRCA",98,71.2458053146217,1.37551957714888,1.38,"++",21,2,106037.802042696,252,0
"Supplementary Fig. 6e","T cell","CD4 Th1","COCA",28,49.3149709255108,0.567778901102738,0.57,"+",18,3,106037.802042696,252,0
"Supplementary Fig. 6e","T cell","CD4 Th1","HNCA",38,100.795390312835,0.377001367642516,0.38,"+",15,3,106037.802042696,252,0
"Supplementary Fig. 6e","T cell","CD4 Th1","KICA",20,26.4728908813306,0.755489836363302,0.76,"+",8,3,106037.802042696,252,0
"Supplementary Fig. 6e","T cell","CD4 Th1","LICA",52,57.7641880258584,0.900211736322199,0.9,"+",19,2,106037.802042696,252,0
"Supplementary Fig. 6e","T cell","CD4 Th1","LUCA",252,166.417832082643,1.51426080274172,1.51,"++",52,2,106037.802042696,252,0
"Supplementary Fig. 6e","T cell","CD4 Th1","OVCA",73,103.761544521327,0.703536173606166,0.7,"+",31,5,106037.802042696,252,0
"Supplementary Fig. 6e","T cell","CD4 Th1","PACA",120,84.5984593769288,1.41846554752657,1.42,"++",28,3,106037.802042696,252,0
"Supplementary Fig. 6e","T cell","CD4 Th1","PRCA",92,110.446374622357,0.832983430325991,0.83,"+",35,2,106037.802042696,252,0
"Supplementary Fig. 6e","T cell","CD4 Th1","SKCA",2,2.35676753402852,0.848619972535567,0.85,"+",2,1,106037.802042696,252,0
"Supplementary Fig. 6e","T cell","CD4 Th1","STCA",169,130.003435337686,1.29996564753092,1.3,"++",54,4,106037.802042696,252,0
"Supplementary Fig. 6e","T cell","CD4 Th1","THCA",100,136.02502598837,0.735158837672633,0.74,"+",25,2,106037.802042696,252,0
"Supplementary Fig. 6e","T cell","CD4 Th1","UECA",3,7.79731507650326,0.384747822880765,0.38,"+",2,1,106037.802042696,252,0
"Supplementary Fig. 6e","T cell","CD4 Th17","BRCA",256,504.028347626937,0.507907940506318,0.51,"+",35,2,106037.802042696,252,0
"Supplementary Fig. 6e","T cell","CD4 Th17","COCA",807,348.878691160706,2.31312493553316,2.31,"++",55,3,106037.802042696,252,0
"Supplementary Fig. 6e","T cell","CD4 Th17","HNCA",377,713.076844362148,0.528694772492899,0.53,"+",38,3,106037.802042696,252,0
"Supplementary Fig. 6e","T cell","CD4 Th17","KICA",105,187.282428613196,0.560650568115293,0.56,"+",17,3,106037.802042696,252,0
"Supplementary Fig. 6e","T cell","CD4 Th17","LICA",732,408.652665432219,1.79125223428015,1.79,"++",42,2,106037.802042696,252,0
"Supplementary Fig. 6e","T cell","CD4 Th17","LUCA",849,1177.32271464769,0.721127681847247,0.72,"+",70,2,106037.802042696,252,0
"Supplementary Fig. 6e","T cell","CD4 Th17","OVCA",502,734.060898060618,0.683866967068099,0.68,"+",60,7,106037.802042696,252,0
"Supplementary Fig. 6e","T cell","CD4 Th17","PACA",458,598.491679660852,0.765257088050974,0.77,"+",33,3,106037.802042696,252,0
"Supplementary Fig. 6e","T cell","CD4 Th17","PRCA",1558,781.352719033233,1.99397783107188,1.99,"++",42,2,106037.802042696,252,0
"Supplementary Fig. 6e","T cell","CD4 Th17","SKCA",13,16.672948543027,0.7797061189538,0.78,"+",4,1,106037.802042696,252,0
"Supplementary Fig. 6e","T cell","CD4 Th17","STCA",1064,919.709117045122,1.15688752050046,1.16,"++",75,4,106037.802042696,252,0
"Supplementary Fig. 6e","T cell","CD4 Th17","THCA",601,962.308851476464,0.624539615402986,0.62,"+",37,2,106037.802042696,252,0
"Supplementary Fig. 6e","T cell","CD4 Th17","UECA",85,55.1620943377838,1.54091321260401,1.54,"++",6,1,106037.802042696,252,0
"Supplementary Fig. 6e","T cell","CD4 Treg","BRCA",6401,4650.16676006237,1.3765097748697,1.38,"++",55,2,106037.802042696,252,0
"Supplementary Fig. 6e","T cell","CD4 Treg","COCA",5047,3218.75565247052,1.56799724642852,1.57,"++",60,3,106037.802042696,252,0
"Supplementary Fig. 6e","T cell","CD4 Treg","HNCA",11500,6578.84869895722,1.74802621647505,1.75,"++",52,3,106037.802042696,252,0
"Supplementary Fig. 6e","T cell","CD4 Treg","KICA",1056,1727.86814150668,0.611157746724344,0.61,"+",19,3,106037.802042696,252,0
"Supplementary Fig. 6e","T cell","CD4 Treg","LICA",2862,3770.23048435825,0.759104784673968,0.76,"+",57,2,106037.802042696,252,0
"Supplementary Fig. 6e","T cell","CD4 Treg","LUCA",7550,10861.9822263912,0.695084915684716,0.7,"+",77,2,106037.802042696,252,0
"Supplementary Fig. 6e","T cell","CD4 Treg","OVCA",6954,6772.44762937336,1.02680749716531,1.03,"++",70,7,106037.802042696,252,0
"Supplementary Fig. 6e","T cell","CD4 Treg","PACA",4240,5521.68569096579,0.767881447315482,0.77,"+",34,3,106037.802042696,252,0
"Supplementary Fig. 6e","T cell","CD4 Treg","PRCA",5530,7208.76208459214,0.767122001684548,0.77,"+",46,2,106037.802042696,252,0
"Supplementary Fig. 6e","T cell","CD4 Treg","SKCA",338,153.82466377546,2.19730693182845,2.2,"++",14,1,106037.802042696,252,0
"Supplementary Fig. 6e","T cell","CD4 Treg","STCA",7126,8485.23854887438,0.839811392332076,0.84,"+",78,4,106037.802042696,252,0
"Supplementary Fig. 6e","T cell","CD4 Treg","THCA",9211,8878.26380226099,1.03747762007863,1.04,"++",42,2,106037.802042696,252,0
"Supplementary Fig. 6e","T cell","CD4 Treg","UECA",522,508.925616411656,1.02569016604141,1.03,"++",6,1,106037.802042696,252,0
"Supplementary Fig. 6e","T cell","CD4 Unassigned T","BRCA",813,685.375120466924,1.18621171927882,1.19,"++",53,2,106037.802042696,252,0
"Supplementary Fig. 6e","T cell","CD4 Unassigned T","COCA",707,474.403426133472,1.49029277836853,1.49,"++",54,3,106037.802042696,252,0
"Supplementary Fig. 6e","T cell","CD4 Unassigned T","HNCA",1229,969.63817691583,1.26748309757062,1.27,"++",49,3,106037.802042696,252,0
"Supplementary Fig. 6e","T cell","CD4 Unassigned T","KICA",114,254.665670445809,0.447645730185916,0.45,"+",12,3,106037.802042696,252,0
"Supplementary Fig. 6e","T cell","CD4 Unassigned T","LICA",309,555.683764848564,0.55607167159942,0.56,"+",45,2,106037.802042696,252,0
"Supplementary Fig. 6e","T cell","CD4 Unassigned T","LUCA",1462,1600.91729201183,0.913226440425757,0.91,"+",75,2,106037.802042696,252,0
"Supplementary Fig. 6e","T cell","CD4 Unassigned T","OVCA",768,998.172183781091,0.769406333375074,0.77,"+",66,7,106037.802042696,252,0
"Supplementary Fig. 6e","T cell","CD4 Unassigned T","PACA",885,813.825867091143,1.0874562185683,1.09,"++",35,3,106037.802042696,252,0
"Supplementary Fig. 6e","T cell","CD4 Unassigned T","PRCA",909,1062.47935548842,0.855546035134146,0.86,"+",41,2,106037.802042696,252,0
"Supplementary Fig. 6e","T cell","CD4 Unassigned T","SKCA",16,22.6717885412944,0.705722884229339,0.71,"+",10,1,106037.802042696,252,0
"Supplementary Fig. 6e","T cell","CD4 Unassigned T","STCA",1511,1250.61566449014,1.20820492090671,1.21,"++",74,4,106037.802042696,252,0
"Supplementary Fig. 6e","T cell","CD4 Unassigned T","THCA",1287,1308.54256137045,0.983536980755222,0.98,"+",39,2,106037.802042696,252,0
"Supplementary Fig. 6e","T cell","CD4 Unassigned T","UECA",62,75.0091284150343,0.826566063492256,0.83,"+",6,1,106037.802042696,252,0
"Supplementary Fig. 6e","T cell","CD8 Cycling Tex","BRCA",2604,1331.82703115356,1.95520885151621,1.96,"++",49,2,106037.802042696,252,0
"Supplementary Fig. 6e","T cell","CD8 Cycling Tex","COCA",655,921.864957931326,0.710516214294365,0.71,"+",51,3,106037.802042696,252,0
"Supplementary Fig. 6e","T cell","CD8 Cycling Tex","HNCA",2935,1884.20953123477,1.55768238688221,1.56,"++",50,3,106037.802042696,252,0
"Supplementary Fig. 6e","T cell","CD8 Cycling Tex","KICA",987,494.868596303154,1.99446884965674,1.99,"++",21,3,106037.802042696,252,0
"Supplementary Fig. 6e","T cell","CD8 Cycling Tex","LICA",1382,1079.80963518825,1.27985522166513,1.28,"++",56,2,106037.802042696,252,0
"Supplementary Fig. 6e","T cell","CD8 Cycling Tex","LUCA",2052,3110.91672351623,0.659612642308423,0.66,"+",76,2,106037.802042696,252,0
"Supplementary Fig. 6e","T cell","CD8 Cycling Tex","OVCA",1984,1939.65706721242,1.02286122301573,1.02,"++",69,7,106037.802042696,252,0
"Supplementary Fig. 6e","T cell","CD8 Cycling Tex","PACA",1571,1581.43366468505,0.993402401303294,0.99,"+",34,3,106037.802042696,252,0
"Supplementary Fig. 6e","T cell","CD8 Cycling Tex","PRCA",260,2064.61933534743,0.125931204628696,0.13,"±",41,2,106037.802042696,252,0
"Supplementary Fig. 6e","T cell","CD8 Cycling Tex","SKCA",222,44.0560211805217,5.03903879767862,5.04,"+++",15,1,106037.802042696,252,0
"Supplementary Fig. 6e","T cell","CD8 Cycling Tex","STCA",2310,2430.20748465062,0.950536122775582,0.95,"+",75,4,106037.802042696,252,0
"Supplementary Fig. 6e","T cell","CD8 Cycling Tex","THCA",2554,2542.77154598317,1.00441583280833,1,"++",42,2,106037.802042696,252,0
"Supplementary Fig. 6e","T cell","CD8 Cycling Tex","UECA",56,145.758405613488,0.384197396810836,0.38,"+",6,1,106037.802042696,252,0
"Supplementary Fig. 6e","T cell","CD8 ISG15+ T","BRCA",1342,838.550199514884,1.60038123033823,1.6,"++",36,2,106037.802042696,252,0
"Supplementary Fig. 6e","T cell","CD8 ISG15+ T","COCA",239,580.428258562627,0.411764927834251,0.41,"+",39,3,106037.802042696,252,0
"Supplementary Fig. 6e","T cell","CD8 ISG15+ T","HNCA",3718,1186.34345255498,3.133999679429,3.13,"+++",48,3,106037.802042696,252,0
"Supplementary Fig. 6e","T cell","CD8 ISG15+ T","KICA",273,311.581121614744,0.8761763183379,0.88,"+",14,3,106037.802042696,252,0
"Supplementary Fig. 6e","T cell","CD8 ISG15+ T","LICA",188,679.874010546947,0.276521821813364,0.28,"+",27,2,106037.802042696,252,0
"Supplementary Fig. 6e","T cell","CD8 ISG15+ T","LUCA",975,1958.70768362408,0.497777186535572,0.5,"+",68,2,106037.802042696,252,0
"Supplementary Fig. 6e","T cell","CD8 ISG15+ T","OVCA",1906,1221.25454931835,1.56069019441021,1.56,"++",62,7,106037.802042696,252,0
"Supplementary Fig. 6e","T cell","CD8 ISG15+ T","PACA",578,995.7085147105,0.580491169313795,0.58,"+",31,3,106037.802042696,252,0
"Supplementary Fig. 6e","T cell","CD8 ISG15+ T","PRCA",171,1299.93378650554,0.131545161588329,0.13,"±",30,2,106037.802042696,252,0
"Supplementary Fig. 6e","T cell","CD8 ISG15+ T","SKCA",28,27.7387261908629,1.00941909903646,1.01,"++",5,1,106037.802042696,252,0
"Supplementary Fig. 6e","T cell","CD8 ISG15+ T","STCA",905,1530.11684208817,0.59145809986964,0.59,"+",64,4,106037.802042696,252,0
"Supplementary Fig. 6e","T cell","CD8 ISG15+ T","THCA",1956,1600.98987130342,1.22174414408228,1.22,"++",36,2,106037.802042696,252,0
"Supplementary Fig. 6e","T cell","CD8 ISG15+ T","UECA",44,91.7729834648995,0.479443931522927,0.48,"+",6,1,106037.802042696,252,0
"Supplementary Fig. 6e","T cell","CD8 Tcm/Tn","BRCA",302,373.581156807329,0.808391950442388,0.81,"+",40,2,106037.802042696,252,0
"Supplementary Fig. 6e","T cell","CD8 Tcm/Tn","COCA",142,258.585664165286,0.549141037877624,0.55,"+",45,3,106037.802042696,252,0
"Supplementary Fig. 6e","T cell","CD8 Tcm/Tn","HNCA",656,528.525972127473,1.24118782159258,1.24,"++",36,3,106037.802042696,252,0
"Supplementary Fig. 6e","T cell","CD8 Tcm/Tn","KICA",65,138.812006627034,0.468259205953593,0.47,"+",12,3,106037.802042696,252,0
"Supplementary Fig. 6e","T cell","CD8 Tcm/Tn","LICA",149,302.889581912094,0.491928441577246,0.49,"+",31,2,106037.802042696,252,0
"Supplementary Fig. 6e","T cell","CD8 Tcm/Tn","LUCA",1061,872.620724100965,1.21587760947703,1.22,"++",65,2,106037.802042696,252,0
"Supplementary Fig. 6e","T cell","CD8 Tcm/Tn","OVCA",516,544.079158951369,0.948391408695956,0.95,"+",56,7,106037.802042696,252,0
"Supplementary Fig. 6e","T cell","CD8 Tcm/Tn","PACA",259,443.596506188481,0.583863931268099,0.58,"+",31,3,106037.802042696,252,0
"Supplementary Fig. 6e","T cell","CD8 Tcm/Tn","PRCA",562,579.131419939577,0.970418769644091,0.97,"+",40,2,106037.802042696,252,0
"Supplementary Fig. 6e","T cell","CD8 Tcm/Tn","SKCA",0,12.3578354936166,0,0,"−",0,0,106037.802042696,252,0
"Supplementary Fig. 6e","T cell","CD8 Tcm/Tn","STCA",345,681.67990449274,0.506102641028748,0.51,"+",47,4,106037.802042696,252,0
"Supplementary Fig. 6e","T cell","CD8 Tcm/Tn","THCA",1389,713.254434265666,1.94741165742636,1.95,"++",33,2,106037.802042696,252,0
"Supplementary Fig. 6e","T cell","CD8 Tcm/Tn","UECA",44,40.8856349283696,1.07617259893571,1.08,"++",6,1,106037.802042696,252,0
"Supplementary Fig. 6e","T cell","CD8 Tem/Temra","BRCA",520,1190.62832434569,0.436744187390105,0.44,"+",47,2,106037.802042696,252,0
"Supplementary Fig. 6e","T cell","CD8 Tem/Temra","COCA",366,824.1299391439,0.444104725014842,0.44,"+",55,3,106037.802042696,252,0
"Supplementary Fig. 6e","T cell","CD8 Tem/Temra","HNCA",809,1684.44789331774,0.480276061497259,0.48,"+",44,3,106037.802042696,252,0
"Supplementary Fig. 6e","T cell","CD8 Tem/Temra","KICA",1004,442.403220392208,2.26942290137471,2.27,"++",17,3,106037.802042696,252,0
"Supplementary Fig. 6e","T cell","CD8 Tem/Temra","LICA",1543,965.329510877216,1.59841793150801,1.6,"++",45,2,106037.802042696,252,0
"Supplementary Fig. 6e","T cell","CD8 Tem/Temra","LUCA",4741,2781.10105821395,1.70472050485095,1.7,"++",76,2,106037.802042696,252,0
"Supplementary Fig. 6e","T cell","CD8 Tem/Temra","OVCA",1428,1734.01694793663,0.823521362752093,0.82,"+",68,7,106037.802042696,252,0
"Supplementary Fig. 6e","T cell","CD8 Tem/Temra","PACA",2194,1413.77196152638,1.5518768653689,1.55,"++",35,3,106037.802042696,252,0
"Supplementary Fig. 6e","T cell","CD8 Tem/Temra","PRCA",1003,1845.73086606244,0.543416171036753,0.54,"+",44,2,106037.802042696,252,0
"Supplementary Fig. 6e","T cell","CD8 Tem/Temra","SKCA",38,39.3852545777431,0.964828091309941,0.96,"+",5,1,106037.802042696,252,0
"Supplementary Fig. 6e","T cell","CD8 Tem/Temra","STCA",1535,2172.55979761557,0.706539816158201,0.71,"+",75,4,106037.802042696,252,0
"Supplementary Fig. 6e","T cell","CD8 Tem/Temra","THCA",2244,2273.18995197566,0.987159035279789,0.99,"+",42,2,106037.802042696,252,0
"Supplementary Fig. 6e","T cell","CD8 Tem/Temra","UECA",72,130.305274014878,0.552548625098467,0.55,"+",6,1,106037.802042696,252,0
"Supplementary Fig. 6e","T cell","CD8 Tem/Trm","BRCA",9438,11570.5365353171,0.815692510990488,0.82,"+",60,2,106037.802042696,252,0
"Supplementary Fig. 6e","T cell","CD8 Tem/Trm","COCA",6224,8008.90200218735,0.777135242546373,0.78,"+",60,3,106037.802042696,252,0
"Supplementary Fig. 6e","T cell","CD8 Tem/Trm","HNCA",17253,16369.4794529448,1.05397364953448,1.05,"++",54,3,106037.802042696,252,0
"Supplementary Fig. 6e","T cell","CD8 Tem/Trm","KICA",5515,4299.27838958733,1.28277340991853,1.28,"++",23,3,106037.802042696,252,0
"Supplementary Fig. 6e","T cell","CD8 Tem/Trm","LICA",10322,9381.080683061,1.10029967215163,1.1,"++",59,2,106037.802042696,252,0
"Supplementary Fig. 6e","T cell","CD8 Tem/Trm","LUCA",23483,27026.7645616087,0.868879437879791,0.87,"+",78,2,106037.802042696,252,0
"Supplementary Fig. 6e","T cell","CD8 Tem/Trm","OVCA",20076,16851.1919620137,1.19136972893406,1.19,"++",71,7,106037.802042696,252,0
"Supplementary Fig. 6e","T cell","CD8 Tem/Trm","PACA",16683,13739.0483654398,1.21427624070133,1.21,"++",35,3,106037.802042696,252,0
"Supplementary Fig. 6e","T cell","CD8 Tem/Trm","PRCA",15492,17936.8288016113,0.863697823698264,0.86,"+",46,2,106037.802042696,252,0
"Supplementary Fig. 6e","T cell","CD8 Tem/Trm","SKCA",179,382.746250636174,0.467672771980075,0.47,"+",11,1,106037.802042696,252,0
"Supplementary Fig. 6e","T cell","CD8 Tem/Trm","STCA",25240,21112.9552350323,1.19547451879781,1.2,"++",79,4,106037.802042696,252,0
"Supplementary Fig. 6e","T cell","CD8 Tem/Trm","THCA",18795,22090.8799608009,0.850803591045298,0.85,"+",43,2,106037.802042696,252,0
"Supplementary Fig. 6e","T cell","CD8 Tem/Trm","UECA",1336,1266.30779975961,1.05503575059209,1.06,"++",6,1,106037.802042696,252,0
"Supplementary Fig. 6e","T cell","CD8 Tex","BRCA",1764,1564.4816714312,1.12752998786255,1.13,"++",39,2,106037.802042696,252,0
"Supplementary Fig. 6e","T cell","CD8 Tex","COCA",1397,1082.90400816468,1.29004970843875,1.29,"++",56,3,106037.802042696,252,0
"Supplementary Fig. 6e","T cell","CD8 Tex","HNCA",4257,2213.35894812072,1.92332111500237,1.92,"++",52,3,106037.802042696,252,0
"Supplementary Fig. 6e","T cell","CD8 Tex","KICA",1362,581.316365093287,2.34295829566304,2.34,"++",19,3,106037.802042696,252,0
"Supplementary Fig. 6e","T cell","CD8 Tex","LICA",957,1268.43977736629,0.754470190131574,0.75,"+",40,2,106037.802042696,252,0
"Supplementary Fig. 6e","T cell","CD8 Tex","LUCA",2630,3654.35757154923,0.71968874104595,0.72,"+",75,2,106037.802042696,252,0
"Supplementary Fig. 6e","T cell","CD8 Tex","OVCA",2379,2278.49252157576,1.04411139271799,1.04,"++",64,7,106037.802042696,252,0
"Supplementary Fig. 6e","T cell","CD8 Tex","PACA",1305,1857.69167099806,0.702484712815059,0.7,"+",32,3,106037.802042696,252,0
"Supplementary Fig. 6e","T cell","CD8 Tex","PRCA",765,2425.28423967774,0.315426945627473,0.32,"+",41,2,106037.802042696,252,0
"Supplementary Fig. 6e","T cell","CD8 Tex","SKCA",130,51.7520939587868,2.51197565268618,2.51,"++",10,1,106037.802042696,252,0
"Supplementary Fig. 6e","T cell","CD8 Tex","STCA",2400,2854.73637234837,0.840708102943216,0.84,"+",74,4,106037.802042696,252,0
"Supplementary Fig. 6e","T cell","CD8 Tex","THCA",3483,2986.96406160327,1.16606692553592,1.17,"++",39,2,106037.802042696,252,0
"Supplementary Fig. 6e","T cell","CD8 Tex","UECA",162,171.220698112595,0.946147292855148,0.95,"+",6,1,106037.802042696,252,0
"Supplementary Fig. 6e","T cell","CD8 Trm","BRCA",4770,4913.30671149661,0.970832940031754,0.97,"+",57,2,106037.802042696,252,0
"Supplementary Fig. 6e","T cell","CD8 Trm","COCA",3309,3400.89604651918,0.972978872255376,0.97,"+",59,3,106037.802042696,252,0
"Supplementary Fig. 6e","T cell","CD8 Trm","HNCA",3480,6951.12737549946,0.500638214783102,0.5,"+",49,3,106037.802042696,252,0
"Supplementary Fig. 6e","T cell","CD8 Trm","KICA",1279,1825.64337458987,0.700574941306555,0.7,"+",21,3,106037.802042696,252,0
"Supplementary Fig. 6e","T cell","CD8 Trm","LICA",3149,3983.57729915863,0.790495517851531,0.79,"+",52,2,106037.802042696,252,0
"Supplementary Fig. 6e","T cell","CD8 Trm","LUCA",8606,11476.6314686678,0.749871599823968,0.75,"+",78,2,106037.802042696,252,0
"Supplementary Fig. 6e","T cell","CD8 Trm","OVCA",5568,7155.68152876588,0.77812294714579,0.78,"+",70,7,106037.802042696,252,0
"Supplementary Fig. 6e","T cell","CD8 Trm","PACA",3740,5834.14246499691,0.641053937650454,0.64,"+",35,3,106037.802042696,252,0
"Supplementary Fig. 6e","T cell","CD8 Trm","PRCA",18671,7616.68580060423,2.45132863410472,2.45,"++",46,2,106037.802042696,252,0
"Supplementary Fig. 6e","T cell","CD8 Trm","SKCA",48,162.529171945554,0.295331597555173,0.3,"+",7,1,106037.802042696,252,0
"Supplementary Fig. 6e","T cell","CD8 Trm","STCA",12067,8965.3945034597,1.34595304148004,1.35,"++",79,4,106037.802042696,252,0
"Supplementary Fig. 6e","T cell","CD8 Trm","THCA",6806,9380.65995841861,0.725535306702169,0.73,"+",42,2,106037.802042696,252,0
"Supplementary Fig. 6e","T cell","CD8 Trm","UECA",711,537.724295877595,1.32223893443314,1.32,"++",6,1,106037.802042696,252,0
"Supplementary Fig. 6e","T cell","ILC3","BRCA",207,176.175157554494,1.17496702073884,1.17,"++",42,2,106037.802042696,252,0
"Supplementary Fig. 6e","T cell","ILC3","COCA",147,121.945042718384,1.20546105625202,1.21,"++",41,3,106037.802042696,252,0
"Supplementary Fig. 6e","T cell","ILC3","HNCA",143,249.244761719131,0.573733221166526,0.57,"+",26,3,106037.802042696,252,0
"Supplementary Fig. 6e","T cell","ILC3","KICA",32,65.4616184257545,0.488836065614447,0.49,"+",11,3,106037.802042696,252,0
"Supplementary Fig. 6e","T cell","ILC3","LICA",150,142.838092453627,1.05014003914046,1.05,"++",33,2,106037.802042696,252,0
"Supplementary Fig. 6e","T cell","ILC3","LUCA",398,411.514581912094,0.967158923386629,0.97,"+",65,2,106037.802042696,252,0
"Supplementary Fig. 6e","T cell","ILC3","OVCA",484,256.579406653023,1.88635559772154,1.89,"++",53,7,106037.802042696,252,0
"Supplementary Fig. 6e","T cell","ILC3","PACA",266,209.19332504954,1.27155108766978,1.27,"++",31,3,106037.802042696,252,0
"Supplementary Fig. 6e","T cell","ILC3","PRCA",47,273.109516616314,0.172092135720153,0.17,"±",22,2,106037.802042696,252,0
"Supplementary Fig. 6e","T cell","ILC3","SKCA",5,5.82776613715362,0.857961675593606,0.86,"+",5,1,106037.802042696,252,0
"Supplementary Fig. 6e","T cell","ILC3","STCA",371,321.469812883735,1.15407414671989,1.15,"++",56,4,106037.802042696,252,0
"Supplementary Fig. 6e","T cell","ILC3","THCA",296,336.359878017087,0.880009832757054,0.88,"+",30,2,106037.802042696,252,0
"Supplementary Fig. 6e","T cell","ILC3","UECA",43,19.2810398596628,2.23017017302883,2.23,"++",3,1,106037.802042696,252,0
"Supplementary Fig. 6e","T cell","MAIT","BRCA",370,635.156014142005,0.582534041655595,0.58,"+",43,2,106037.802042696,252,0
"Supplementary Fig. 6e","T cell","MAIT","COCA",573,439.64273029486,1.30333100155142,1.3,"++",58,3,106037.802042696,252,0
"Supplementary Fig. 6e","T cell","MAIT","HNCA",413,898.59042328558,0.459608726398306,0.46,"+",37,3,106037.802042696,252,0
"Supplementary Fig. 6e","T cell","MAIT","KICA",121,236.00569578447,0.512699490568661,0.51,"+",14,3,106037.802042696,252,0
"Supplementary Fig. 6e","T cell","MAIT","LICA",973,514.967460394807,1.88943977014399,1.89,"++",46,2,106037.802042696,252,0
"Supplementary Fig. 6e","T cell","MAIT","LUCA",1032,1483.61417828022,0.695598636834461,0.7,"+",74,2,106037.802042696,252,0
"Supplementary Fig. 6e","T cell","MAIT","OVCA",698,925.033673889268,0.754567125178575,0.75,"+",63,7,106037.802042696,252,0
"Supplementary Fig. 6e","T cell","MAIT","PACA",1149,754.194861341216,1.52347895603092,1.52,"++",34,3,106037.802042696,252,0
"Supplementary Fig. 6e","T cell","MAIT","PRCA",1241,984.628902316213,1.26037332144192,1.26,"++",43,2,106037.802042696,252,0
"Supplementary Fig. 6e","T cell","MAIT","SKCA",5,21.010571311005,0.237975442266107,0.24,"+",4,1,106037.802042696,252,0
"Supplementary Fig. 6e","T cell","MAIT","STCA",2128,1158.98000519767,1.83609724969936,1.84,"++",75,4,106037.802042696,252,0
"Supplementary Fig. 6e","T cell","MAIT","THCA",591,1212.66245709212,0.48735738172119,0.49,"+",38,2,106037.802042696,252,0
"Supplementary Fig. 6e","T cell","MAIT","UECA",40,69.5130266705649,0.575431712815029,0.58,"+",6,1,106037.802042696,252,0
"Supplementary Fig. 6e","T cell","NK","BRCA",399,385.965814464694,1.03377031085871,1.03,"++",40,2,106037.802042696,252,0
"Supplementary Fig. 6e","T cell","NK","COCA",316,267.158085090255,1.18282027621677,1.18,"++",50,3,106037.802042696,252,0
"Supplementary Fig. 6e","T cell","NK","HNCA",448,546.047233862846,0.820441844986118,0.82,"+",47,3,106037.802042696,252,0
"Supplementary Fig. 6e","T cell","NK","KICA",208,143.413788996091,1.45034868303821,1.45,"++",13,3,106037.802042696,252,0
"Supplementary Fig. 6e","T cell","NK","LICA",295,312.930730164918,0.942700641271414,0.94,"+",33,2,106037.802042696,252,0
"Supplementary Fig. 6e","T cell","NK","LUCA",761,901.549134262418,0.844102635207559,0.84,"+",70,2,106037.802042696,252,0
"Supplementary Fig. 6e","T cell","NK","OVCA",896,562.116027244475,1.59397696662777,1.59,"++",67,7,106037.802042696,252,0
"Supplementary Fig. 6e","T cell","NK","PACA",699,458.302255573964,1.52519432644859,1.53,"++",32,3,106037.802042696,252,0
"Supplementary Fig. 6e","T cell","NK","PRCA",463,598.330312185297,0.773820063217211,0.77,"+",37,2,106037.802042696,252,0
"Supplementary Fig. 6e","T cell","NK","SKCA",20,12.7675123715471,1.56647586608734,1.57,"++",8,1,106037.802042696,252,0
"Supplementary Fig. 6e","T cell","NK","STCA",691,704.278400415814,0.981146091647885,0.98,"+",72,4,106037.802042696,252,0
"Supplementary Fig. 6e","T cell","NK","THCA",446,736.899663234036,0.605238436455022,0.61,"+",40,2,106037.802042696,252,0
"Supplementary Fig. 6e","T cell","NK","UECA",30,42.2410421336452,0.710209750627929,0.71,"+",6,1,106037.802042696,252,0
"Supplementary Fig. 6e","T cell","γδ T","BRCA",82,61.923288286825,1.32421908249092,1.32,"++",18,2,106037.802042696,252,0
"Supplementary Fig. 6e","T cell","γδ T","COCA",44,42.862104624847,1.02654781852437,1.03,"++",24,3,106037.802042696,252,0
"Supplementary Fig. 6e","T cell","γδ T","HNCA",55,87.6063086768671,0.627808668470049,0.63,"+",20,3,106037.802042696,252,0
"Supplementary Fig. 6e","T cell","γδ T","KICA",32,23.0089118452826,1.39076546579759,1.39,"++",12,3,106037.802042696,252,0
"Supplementary Fig. 6e","T cell","γδ T","LICA",68,50.2057412641176,1.35442677048173,1.35,"++",26,2,106037.802042696,252,0
"Supplementary Fig. 6e","T cell","γδ T","LUCA",117,144.642050807264,0.808893398199277,0.81,"+",38,2,106037.802042696,252,0
"Supplementary Fig. 6e","T cell","γδ T","OVCA",164,90.1843414655275,1.81849750560842,1.82,"++",41,7,106037.802042696,252,0
"Supplementary Fig. 6e","T cell","γδ T","PACA",59,73.5287469274166,0.802407255195596,0.8,"+",20,3,106037.802042696,252,0
"Supplementary Fig. 6e","T cell","γδ T","PRCA",12,95.9944612286002,0.125007212358048,0.13,"±",7,2,106037.802042696,252,0
"Supplementary Fig. 6e","T cell","γδ T","SKCA",7,2.0483843896523,3.4173273509413,3.42,"+++",3,1,106037.802042696,252,0
"Supplementary Fig. 6e","T cell","γδ T","STCA",209,112.992479615372,1.84968062220989,1.85,"++",50,4,106037.802042696,252,0
"Supplementary Fig. 6e","T cell","γδ T","THCA",58,118.22614484185,0.490585226115476,0.49,"+",17,2,106037.802042696,252,0
"Supplementary Fig. 6e","T cell","γδ T","UECA",3,6.77703602637819,0.442671396215562,0.44,"+",3,1,106037.802042696,252,0
"Supplementary Fig. 6e","B cell","ABC","BRCA",294,206.160551185837,1.42607302080301,1.43,"++",20,2,104406.840350313,84,0
"Supplementary Fig. 6e","B cell","ABC","COCA",59,224.573787516876,0.26271988664557,0.26,"+",22,3,104406.840350313,84,0
"Supplementary Fig. 6e","B cell","ABC","HNCA",1022,360.696344922958,2.83340825152607,2.83,"++",34,3,104406.840350313,84,0
"Supplementary Fig. 6e","B cell","ABC","KICA",6,18.4267754754005,0.325613127918659,0.33,"+",2,1,104406.840350313,84,0
"Supplementary Fig. 6e","B cell","ABC","LICA",38,73.6394061797968,0.516028061215211,0.52,"+",8,2,104406.840350313,84,0
"Supplementary Fig. 6e","B cell","ABC","LUCA",513,391.389585189477,1.3107144886128,1.31,"++",35,2,104406.840350313,84,0
"Supplementary Fig. 6e","B cell","ABC","OVCA",110,158.150745281524,0.695538929040072,0.7,"+",21,6,104406.840350313,84,0
"Supplementary Fig. 6e","B cell","ABC","PACA",73,67.0187645872392,1.08924717502029,1.09,"++",18,2,104406.840350313,84,0
"Supplementary Fig. 6e","B cell","ABC","PRCA",20,116.815737547212,0.17120980802708,0.17,"±",9,2,104406.840350313,84,0
"Supplementary Fig. 6e","B cell","ABC","SKCA",11,2.97861175943285,3.69299555914413,3.69,"+++",3,1,104406.840350313,84,0
"Supplementary Fig. 6e","B cell","ABC","STCA",163,551.760750146214,0.295417896174756,0.3,"+",35,4,104406.840350313,84,0
"Supplementary Fig. 6e","B cell","ABC","THCA",165,300.189908773387,0.549652054175339,0.55,"+",16,2,104406.840350313,84,0
"Supplementary Fig. 6e","B cell","ABC","UECA",3,5.19903143464644,0.57703055611627,0.58,"+",1,1,104406.840350313,84,0
"Supplementary Fig. 6e","B cell","Bgc","BRCA",207,207.409000224104,0.998028049777677,1,"+",12,2,104406.840350313,84,0
"Supplementary Fig. 6e","B cell","Bgc","COCA",304,225.933741821581,1.34552722204755,1.35,"++",31,3,104406.840350313,84,0
"Supplementary Fig. 6e","B cell","Bgc","HNCA",425,362.880618307634,1.17118407145047,1.17,"++",17,2,104406.840350313,84,0
"Supplementary Fig. 6e","B cell","Bgc","KICA",1,18.5383627310045,0.0539421962181995,0.05,"±",1,1,104406.840350313,84,0
"Supplementary Fig. 6e","B cell","Bgc","LICA",19,74.0853452563801,0.2564609766513,0.26,"+",3,2,104406.840350313,84,0
"Supplementary Fig. 6e","B cell","Bgc","LUCA",365,393.759728014605,0.926961225416282,0.93,"+",19,2,104406.840350313,84,0
"Supplementary Fig. 6e","B cell","Bgc","OVCA",50,159.108460735388,0.314251044657861,0.31,"+",9,6,104406.840350313,84,0
"Supplementary Fig. 6e","B cell","Bgc","PACA",222,67.424610961405,3.29256627267863,3.29,"+++",7,3,104406.840350313,84,0
"Supplementary Fig. 6e","B cell","Bgc","PRCA",34,117.523140075758,0.289304727376097,0.29,"+",5,1,104406.840350313,84,0
"Supplementary Fig. 6e","B cell","Bgc","SKCA",0,2.99664937606244,0,0,"−",0,0,104406.840350313,84,0
"Supplementary Fig. 6e","B cell","Bgc","STCA",317,555.102054648512,0.571066162240604,0.57,"+",27,4,104406.840350313,84,0
"Supplementary Fig. 6e","B cell","Bgc","THCA",548,302.007772572984,1.81452283605571,1.81,"++",28,2,104406.840350313,84,0
"Supplementary Fig. 6e","B cell","Bgc","UECA",0,5.23051527458172,0,0,"−",0,0,104406.840350313,84,0
"Supplementary Fig. 6e","B cell","Bmem","BRCA",3591,5652.14494591448,0.635334025288164,0.64,"+",44,2,104406.840350313,84,0
"Supplementary Fig. 6e","B cell","Bmem","COCA",4029,6156.96645549901,0.654380696909848,0.65,"+",55,3,104406.840350313,84,0
"Supplementary Fig. 6e","B cell","Bmem","HNCA",14714,9888.93370355997,1.48792584125658,1.49,"++",48,3,104406.840350313,84,0
"Supplementary Fig. 6e","B cell","Bmem","KICA",758,505.192701870993,1.50041755787985,1.5,"++",13,3,104406.840350313,84,0
"Supplementary Fig. 6e","B cell","Bmem","LICA",1297,2018.91484605168,0.642424321430148,0.64,"+",36,2,104406.840350313,84,0
"Supplementary Fig. 6e","B cell","Bmem","LUCA",14733,10730.426616963,1.37301157968031,1.37,"++",73,2,104406.840350313,84,0
"Supplementary Fig. 6e","B cell","Bmem","OVCA",4321,4335.8970981301,0.996564240849598,1,"+",58,7,104406.840350313,84,0
"Supplementary Fig. 6e","B cell","Bmem","PACA",1724,1837.40181797312,0.938281427141389,0.94,"+",31,3,104406.840350313,84,0
"Supplementary Fig. 6e","B cell","Bmem","PRCA",2324,3202.64704757011,0.725649740817754,0.73,"+",32,2,104406.840350313,84,0
"Supplementary Fig. 6e","B cell","Bmem","SKCA",102,81.6623030210275,1.24904633137441,1.25,"++",4,1,104406.840350313,84,0
"Supplementary Fig. 6e","B cell","Bmem","STCA",9839,15127.1992500724,0.650417822714465,0.65,"+",73,4,104406.840350313,84,0
"Supplementary Fig. 6e","B cell","Bmem","THCA",10373,8230.07537537373,1.26037727807918,1.26,"++",35,2,104406.840350313,84,0
"Supplementary Fig. 6e","B cell","Bmem","UECA",105,142.537838000339,0.73664650364453,0.74,"+",5,1,104406.840350313,84,0
"Supplementary Fig. 6e","B cell","Bn","BRCA",1538,2821.41159654771,0.54511720370112,0.55,"+",34,2,104406.840350313,84,0
"Supplementary Fig. 6e","B cell","Bn","COCA",1611,3073.40606501194,0.524174146182581,0.52,"+",49,3,104406.840350313,84,0
"Supplementary Fig. 6e","B cell","Bn","HNCA",7047,4936.31223114386,1.42758392703353,1.43,"++",47,3,104406.840350313,84,0
"Supplementary Fig. 6e","B cell","Bn","KICA",108,252.179758514575,0.428265934729088,0.43,"+",13,3,104406.840350313,84,0
"Supplementary Fig. 6e","B cell","Bn","LICA",424,1007.79258380659,0.420721492510378,0.42,"+",26,2,104406.840350313,84,0
"Supplementary Fig. 6e","B cell","Bn","LUCA",7858,5356.36477526769,1.46703974237962,1.47,"++",66,2,104406.840350313,84,0
"Supplementary Fig. 6e","B cell","Bn","OVCA",1564,2164.37307803729,0.722611095042023,0.72,"+",48,7,104406.840350313,84,0
"Supplementary Fig. 6e","B cell","Bn","PACA",1199,917.185749189674,1.30725973561986,1.31,"++",29,3,104406.840350313,84,0
"Supplementary Fig. 6e","B cell","Bn","PRCA",334,1598.68255434515,0.208922027135532,0.21,"+",27,2,104406.840350313,84,0
"Supplementary Fig. 6e","B cell","Bn","SKCA",9,40.7638110750966,0.220784067108442,0.22,"+",3,1,104406.840350313,84,0
"Supplementary Fig. 6e","B cell","Bn","STCA",4154,7551.12542156096,0.550116673752889,0.55,"+",66,4,104406.840350313,84,0
"Supplementary Fig. 6e","B cell","Bn","THCA",8050,4108.25099616837,1.95947131942716,1.96,"++",31,2,104406.840350313,84,0
"Supplementary Fig. 6e","B cell","Bn","UECA",3,71.1513793310777,0.0421636239269595,0.04,"±",3,1,104406.840350313,84,0
"Supplementary Fig. 6e","B cell","Cycling Bgc","BRCA",587,217.895972145547,2.69394607995738,2.69,"++",16,2,104406.840350313,84,0
"Supplementary Fig. 6e","B cell","Cycling Bgc","COCA",140,237.357357981099,0.589827933672688,0.59,"+",19,3,104406.840350313,84,0
"Supplementary Fig. 6e","B cell","Cycling Bgc","HNCA",643,381.228514738919,1.68665242798103,1.69,"++",21,3,104406.840350313,84,0
"Supplementary Fig. 6e","B cell","Cycling Bgc","KICA",1,19.4756956780777,0.0513460477371097,0.05,"±",1,1,104406.840350313,84,0
"Supplementary Fig. 6e","B cell","Cycling Bgc","LICA",33,77.8312334996802,0.42399430814797,0.42,"+",6,2,104406.840350313,84,0
"Supplementary Fig. 6e","B cell","Cycling Bgc","LUCA",338,413.66892774568,0.817078531476744,0.82,"+",22,2,104406.840350313,84,0
"Supplementary Fig. 6e","B cell","Cycling Bgc","OVCA",32,167.153270547852,0.191441064210821,0.19,"±",8,4,104406.840350313,84,0
"Supplementary Fig. 6e","B cell","Cycling Bgc","PACA",191,70.8337205043973,2.69645584955745,2.7,"++",7,2,104406.840350313,84,0
"Supplementary Fig. 6e","B cell","Cycling Bgc","PRCA",31,123.465321315544,0.251082649522067,0.25,"+",6,2,104406.840350313,84,0
"Supplementary Fig. 6e","B cell","Cycling Bgc","SKCA",0,3.14816535575099,0,0,"−",0,0,104406.840350313,84,0
"Supplementary Fig. 6e","B cell","Cycling Bgc","STCA",286,583.169012467819,0.490423863212009,0.49,"+",25,4,104406.840350313,84,0
"Supplementary Fig. 6e","B cell","Cycling Bgc","THCA",336,317.277828489595,1.05900876086908,1.06,"++",26,2,104406.840350313,84,0
"Supplementary Fig. 6e","B cell","Cycling Bgc","UECA",0,5.4949795300381,0,0,"−",0,0,104406.840350313,84,0
"Supplementary Fig. 6e","B cell","NR4A2+ Bn","BRCA",418,886.398817169625,0.471571026385982,0.47,"+",33,2,104406.840350313,84,0
"Supplementary Fig. 6e","B cell","NR4A2+ Bn","COCA",321,965.567556340222,0.332446961263572,0.33,"+",44,3,104406.840350313,84,0
"Supplementary Fig. 6e","B cell","NR4A2+ Bn","HNCA",126,1550.83410312051,0.0812466012621655,0.08,"±",14,3,104406.840350313,84,0
"Supplementary Fig. 6e","B cell","NR4A2+ Bn","KICA",17,79.2269514788113,0.214573446064582,0.21,"+",6,2,104406.840350313,84,0
"Supplementary Fig. 6e","B cell","NR4A2+ Bn","LICA",382,316.616744374177,1.20650599435308,1.21,"++",24,2,104406.840350313,84,0
"Supplementary Fig. 6e","B cell","NR4A2+ Bn","LUCA",481,1682.80140584091,0.285832896460911,0.29,"+",63,2,104406.840350313,84,0
"Supplementary Fig. 6e","B cell","NR4A2+ Bn","OVCA",219,679.977972243934,0.322069256563265,0.32,"+",27,6,104406.840350313,84,0
"Supplementary Fig. 6e","B cell","NR4A2+ Bn","PACA",55,288.15092565769,0.190872196139802,0.19,"±",15,3,104406.840350313,84,0
"Supplementary Fig. 6e","B cell","NR4A2+ Bn","PRCA",5213,502.255795267585,10.379173419438,10.38,"+++",30,2,104406.840350313,84,0
"Supplementary Fig. 6e","B cell","NR4A2+ Bn","SKCA",0,12.8067078070084,0,0,"−",0,0,104406.840350313,84,0
"Supplementary Fig. 6e","B cell","NR4A2+ Bn","STCA",1367,2372.32619663189,0.576227671363576,0.58,"+",46,4,104406.840350313,84,0
"Supplementary Fig. 6e","B cell","NR4A2+ Bn","THCA",2050,1290.6832977136,1.58830597996543,1.59,"++",20,2,104406.840350313,84,0
"Supplementary Fig. 6e","B cell","NR4A2+ Bn","UECA",1,22.3535263540511,0.044735670970266,0.04,"±",1,1,104406.840350313,84,0
"Supplementary Fig. 6e","B cell","Plasma","BRCA",8208,5117.6422976644,1.60386356110625,1.6,"++",47,2,104406.840350313,84,0
"Supplementary Fig. 6e","B cell","Plasma","COCA",10037,5574.72468584484,1.80044765717052,1.8,"++",57,3,104406.840350313,84,0
"Supplementary Fig. 6e","B cell","Plasma","HNCA",2547,8953.77345846702,0.284461072397522,0.28,"+",44,3,104406.840350313,84,0
"Supplementary Fig. 6e","B cell","Plasma","KICA",462,457.418478171751,1.01001604011836,1.01,"++",14,3,104406.840350313,84,0
"Supplementary Fig. 6e","B cell","Plasma","LICA",2967,1827.99346273046,1.62309114364568,1.62,"++",40,2,104406.840350313,84,0
"Supplementary Fig. 6e","B cell","Plasma","LUCA",4479,9715.68946876486,0.461006912005537,0.46,"+",69,2,104406.840350313,84,0
"Supplementary Fig. 6e","B cell","Plasma","OVCA",5285,3925.86718848216,1.3461993863433,1.35,"++",57,7,104406.840350313,84,0
"Supplementary Fig. 6e","B cell","Plasma","PACA",1410,1663.64545698028,0.847536351019958,0.85,"+",28,3,104406.840350313,84,0
"Supplementary Fig. 6e","B cell","Plasma","PRCA",672,2899.78444501533,0.231741363105507,0.23,"+",30,2,104406.840350313,84,0
"Supplementary Fig. 6e","B cell","Plasma","SKCA",95,73.9397980880126,1.28482904276962,1.28,"++",5,1,104406.840350313,84,0
"Supplementary Fig. 6e","B cell","Plasma","STCA",24415,13696.6754158217,1.78254936024818,1.78,"++",68,4,104406.840350313,84,0
"Supplementary Fig. 6e","B cell","Plasma","THCA",639,7451.78728730644,0.0857512399862096,0.09,"±",28,2,104406.840350313,84,0
"Supplementary Fig. 6e","B cell","Plasma","UECA",272,129.058556662713,2.10757044735016,2.11,"++",5,1,104406.840350313,84,0
"Supplementary Fig. 6e","B cell","Plasmablast","BRCA",384,117.936819148296,3.25598064093241,3.26,"+++",20,2,104406.840350313,84,0
"Supplementary Fig. 6e","B cell","Plasmablast","COCA",86,128.470349984422,0.669415160855622,0.67,"+",25,3,104406.840350313,84,0
"Supplementary Fig. 6e","B cell","Plasmablast","HNCA",117,206.341025739132,0.567022479319832,0.57,"+",18,3,104406.840350313,84,0
"Supplementary Fig. 6e","B cell","Plasmablast","KICA",8,10.5412760793874,0.758921400004252,0.76,"+",3,2,104406.840350313,84,0
"Supplementary Fig. 6e","B cell","Plasmablast","LICA",279,42.1263781012402,6.62292873433109,6.62,"+++",15,2,104406.840350313,84,0
"Supplementary Fig. 6e","B cell","Plasmablast","LUCA",141,223.899492213762,0.629746850275944,0.63,"+",22,2,104406.840350313,84,0
"Supplementary Fig. 6e","B cell","Plasmablast","OVCA",100,90.4721865417516,1.10531207238869,1.11,"++",24,7,104406.840350313,84,0
"Supplementary Fig. 6e","B cell","Plasmablast","PACA",76,38.3389541461922,1.98231802855656,1.98,"++",12,2,104406.840350313,84,0
"Supplementary Fig. 6e","B cell","Plasmablast","PRCA",0,66.8259588633022,0,0,"−",0,0,104406.840350313,84,0
"Supplementary Fig. 6e","B cell","Plasmablast","SKCA",3,1.70395351760854,1.76061140694168,1.76,"++",2,1,104406.840350313,84,0
"Supplementary Fig. 6e","B cell","Plasmablast","STCA",212,315.641898650458,0.671647208138134,0.67,"+",32,4,104406.840350313,84,0
"Supplementary Fig. 6e","B cell","Plasmablast","THCA",11,171.727533601893,0.0640549582776906,0.06,"±",9,2,104406.840350313,84,0
"Supplementary Fig. 6e","B cell","Plasmablast","UECA",0,2.97417341255309,0,0,"−",0,0,104406.840350313,84,0
"Supplementary Fig. 6e","Myeloid","CD14+ Mono","BRCA",2720,3969.56062681722,0.685214374010175,0.69,"+",72,2,89608.6451730528,180,0
"Supplementary Fig. 6e","Myeloid","CD14+ Mono","COCA",2518,1603.87929370747,1.56994357984352,1.57,"++",59,3,89608.6451730528,180,0
"Supplementary Fig. 6e","Myeloid","CD14+ Mono","HNCA",2543,2411.50645578711,1.05452755222667,1.05,"++",46,3,89608.6451730528,180,0
"Supplementary Fig. 6e","Myeloid","CD14+ Mono","KICA",2748,3003.33304015212,0.914983441150708,0.91,"+",25,3,89608.6451730528,180,0
"Supplementary Fig. 6e","Myeloid","CD14+ Mono","LICA",2465,3197.84606087834,0.770831351188602,0.77,"+",45,2,89608.6451730528,180,0
"Supplementary Fig. 6e","Myeloid","CD14+ Mono","LUCA",10469,12855.0844140436,0.814385939664706,0.81,"+",76,2,89608.6451730528,180,0
"Supplementary Fig. 6e","Myeloid","CD14+ Mono","OVCA",6890,5792.1655060698,1.18953783222868,1.19,"++",71,7,89608.6451730528,180,0
"Supplementary Fig. 6e","Myeloid","CD14+ Mono","PACA",7096,4981.45083572466,1.42448459976977,1.42,"++",36,4,89608.6451730528,180,0
"Supplementary Fig. 6e","Myeloid","CD14+ Mono","PRCA",3078,3363.921505475,0.915003514496505,0.92,"+",49,2,89608.6451730528,180,0
"Supplementary Fig. 6e","Myeloid","CD14+ Mono","SKCA",1415,2255.6685385971,0.62730847896653,0.63,"+",17,1,89608.6451730528,180,0
"Supplementary Fig. 6e","Myeloid","CD14+ Mono","STCA",6297,3897.24793323061,1.61575555568519,1.62,"++",72,4,89608.6451730528,180,0
"Supplementary Fig. 6e","Myeloid","CD14+ Mono","THCA",2700,3636.43473501375,0.742485482828222,0.74,"+",40,2,89608.6451730528,180,0
"Supplementary Fig. 6e","Myeloid","CD14+ Mono","UECA",423,393.901054503232,1.07387374358128,1.07,"++",6,1,89608.6451730528,180,0
"Supplementary Fig. 6e","Myeloid","CD16+ Mono","BRCA",213,602.598500979204,0.353469183301786,0.35,"+",38,2,89608.6451730528,180,0
"Supplementary Fig. 6e","Myeloid","CD16+ Mono","COCA",100,243.4766335625,0.410717030775482,0.41,"+",33,3,89608.6451730528,180,0
"Supplementary Fig. 6e","Myeloid","CD16+ Mono","HNCA",324,366.078342661347,0.885056454431468,0.89,"+",33,3,89608.6451730528,180,0
"Supplementary Fig. 6e","Myeloid","CD16+ Mono","KICA",939,455.920480395352,2.05956968457689,2.06,"++",24,3,89608.6451730528,180,0
"Supplementary Fig. 6e","Myeloid","CD16+ Mono","LICA",550,485.448497657187,1.13297291608553,1.13,"++",38,2,89608.6451730528,180,0
"Supplementary Fig. 6e","Myeloid","CD16+ Mono","LUCA",2240,1951.46398458584,1.14785618268809,1.15,"++",63,2,89608.6451730528,180,0
"Supplementary Fig. 6e","Myeloid","CD16+ Mono","OVCA",401,879.278736241311,0.456055609526248,0.46,"+",48,7,89608.6451730528,180,0
"Supplementary Fig. 6e","Myeloid","CD16+ Mono","PACA",1142,756.208328455768,1.5101658590987,1.51,"++",35,3,89608.6451730528,180,0
"Supplementary Fig. 6e","Myeloid","CD16+ Mono","PRCA",583,510.659553331034,1.14166081139007,1.14,"++",43,2,89608.6451730528,180,0
"Supplementary Fig. 6e","Myeloid","CD16+ Mono","SKCA",107,342.421393159175,0.312480476213298,0.31,"+",15,1,89608.6451730528,180,0
"Supplementary Fig. 6e","Myeloid","CD16+ Mono","STCA",549,591.62108436975,0.927958814356398,0.93,"+",46,4,89608.6451730528,180,0
"Supplementary Fig. 6e","Myeloid","CD16+ Mono","THCA",645,552.028379519921,1.16841818995055,1.17,"++",35,2,89608.6451730528,180,0
"Supplementary Fig. 6e","Myeloid","CD16+ Mono","UECA",4,59.7960850816109,0.0668940114480859,0.07,"±",1,1,89608.6451730528,180,0
"Supplementary Fig. 6e","Myeloid","CD1C+ cDC","BRCA",1684,2077.13701581597,0.810731303316777,0.81,"+",63,2,89608.6451730528,180,0
"Supplementary Fig. 6e","Myeloid","CD1C+ cDC","COCA",528,839.255868106418,0.629128755681276,0.63,"+",57,3,89608.6451730528,180,0
"Supplementary Fig. 6e","Myeloid","CD1C+ cDC","HNCA",1257,1261.8598867983,0.99614863199223,1,"+",46,3,89608.6451730528,180,0
"Supplementary Fig. 6e","Myeloid","CD1C+ cDC","KICA",1437,1571.54275119988,0.914388106147824,0.91,"+",23,3,89608.6451730528,180,0
"Supplementary Fig. 6e","Myeloid","CD1C+ cDC","LICA",1285,1673.32484584257,0.767932181962529,0.77,"+",46,2,89608.6451730528,180,0
"Supplementary Fig. 6e","Myeloid","CD1C+ cDC","LUCA",3944,6726.63153132346,0.586326154723094,0.59,"+",75,2,89608.6451730528,180,0
"Supplementary Fig. 6e","Myeloid","CD1C+ cDC","OVCA",2564,3030.84459602687,0.845968811255168,0.85,"+",66,7,89608.6451730528,180,0
"Supplementary Fig. 6e","Myeloid","CD1C+ cDC","PACA",1823,2606.62498853113,0.699371796104543,0.7,"+",35,4,89608.6451730528,180,0
"Supplementary Fig. 6e","Myeloid","CD1C+ cDC","PRCA",2406,1760.22651729189,1.36686953432654,1.37,"++",49,2,89608.6451730528,180,0
"Supplementary Fig. 6e","Myeloid","CD1C+ cDC","SKCA",5220,1180.3151676986,4.42254758970695,4.42,"+++",17,1,89608.6451730528,180,0
"Supplementary Fig. 6e","Myeloid","CD1C+ cDC","STCA",1274,2039.29822540995,0.624724713691099,0.62,"+",68,4,89608.6451730528,180,0
"Supplementary Fig. 6e","Myeloid","CD1C+ cDC","THCA",3341,1902.82348697927,1.75581183586494,1.76,"++",40,2,89608.6451730528,180,0
"Supplementary Fig. 6e","Myeloid","CD1C+ cDC","UECA",113,206.11511897568,0.54823731787154,0.55,"+",4,1,89608.6451730528,180,0
"Supplementary Fig. 6e","Myeloid","CLEC9A+ cDC","BRCA",330,314.012788185008,1.05091261380595,1.05,"++",47,2,89608.6451730528,180,0
"Supplementary Fig. 6e","Myeloid","CLEC9A+ cDC","COCA",50,126.87515225913,0.394088197016544,0.39,"+",21,3,89608.6451730528,180,0
"Supplementary Fig. 6e","Myeloid","CLEC9A+ cDC","HNCA",312,190.762640276139,1.63554037388224,1.64,"++",32,3,89608.6451730528,180,0
"Supplementary Fig. 6e","Myeloid","CLEC9A+ cDC","KICA",277,237.579185820997,1.16592705309086,1.17,"++",19,3,89608.6451730528,180,0
"Supplementary Fig. 6e","Myeloid","CLEC9A+ cDC","LICA",620,252.966172371572,2.45092058826468,2.45,"++",44,2,89608.6451730528,180,0
"Supplementary Fig. 6e","Myeloid","CLEC9A+ cDC","LUCA",562,1016.90370262566,0.55265803295721,0.55,"+",66,2,89608.6451730528,180,0
"Supplementary Fig. 6e","Myeloid","CLEC9A+ cDC","OVCA",345,458.190266172688,0.752962307300462,0.75,"+",58,7,89608.6451730528,180,0
"Supplementary Fig. 6e","Myeloid","CLEC9A+ cDC","PACA",259,394.058540273924,0.657262750402415,0.66,"+",27,3,89608.6451730528,180,0
"Supplementary Fig. 6e","Myeloid","CLEC9A+ cDC","PRCA",144,266.103599484929,0.541142623695158,0.54,"+",35,2,89608.6451730528,180,0
"Supplementary Fig. 6e","Myeloid","CLEC9A+ cDC","SKCA",598,178.435054560181,3.35135941462843,3.35,"+++",17,1,89608.6451730528,180,0
"Supplementary Fig. 6e","Myeloid","CLEC9A+ cDC","STCA",311,308.292479901795,1.00878230989957,1.01,"++",51,4,89608.6451730528,180,0
"Supplementary Fig. 6e","Myeloid","CLEC9A+ cDC","THCA",237,287.660806206161,0.823887004718142,0.82,"+",27,2,89608.6451730528,180,0
"Supplementary Fig. 6e","Myeloid","CLEC9A+ cDC","UECA",18,31.1596118618167,0.577670867012864,0.58,"+",4,1,89608.6451730528,180,0
"Supplementary Fig. 6e","Myeloid","CXCL3+ Macro","BRCA",975,1069.17374150908,0.911919141059188,0.91,"+",60,2,89608.6451730528,180,0
"Supplementary Fig. 6e","Myeloid","CXCL3+ Macro","COCA",676,431.993811556191,1.56483723126684,1.56,"++",56,3,89608.6451730528,180,0
"Supplementary Fig. 6e","Myeloid","CXCL3+ Macro","HNCA",533,649.522610283067,0.820602688130771,0.82,"+",35,3,89608.6451730528,180,0
"Supplementary Fig. 6e","Myeloid","CXCL3+ Macro","KICA",1143,808.927013696203,1.41298285339406,1.41,"++",24,3,89608.6451730528,180,0
"Supplementary Fig. 6e","Myeloid","CXCL3+ Macro","LICA",1017,861.317752544507,1.18074891292508,1.18,"++",42,2,89608.6451730528,180,0
"Supplementary Fig. 6e","Myeloid","CXCL3+ Macro","LUCA",2262,3462.42821120437,0.653298743546566,0.65,"+",72,2,89608.6451730528,180,0
"Supplementary Fig. 6e","Myeloid","CXCL3+ Macro","OVCA",1795,1560.07977903839,1.15058218439727,1.15,"++",63,7,89608.6451730528,180,0
"Supplementary Fig. 6e","Myeloid","CXCL3+ Macro","PACA",921,1341.71938128217,0.686432657117821,0.69,"+",31,4,89608.6451730528,180,0
"Supplementary Fig. 6e","Myeloid","CXCL3+ Macro","PRCA",1518,906.049026648907,1.67540602699441,1.68,"++",48,2,89608.6451730528,180,0
"Supplementary Fig. 6e","Myeloid","CXCL3+ Macro","SKCA",537,607.548743486473,0.883879698143028,0.88,"+",17,1,89608.6451730528,180,0
"Supplementary Fig. 6e","Myeloid","CXCL3+ Macro","STCA",1059,1049.69681687458,1.00886273348253,1.01,"++",64,4,89608.6451730528,180,0
"Supplementary Fig. 6e","Myeloid","CXCL3+ Macro","THCA",1288,979.448583080491,1.31502564019142,1.32,"++",33,2,89608.6451730528,180,0
"Supplementary Fig. 6e","Myeloid","CXCL3+ Macro","UECA",110,106.094528795563,1.03681124039829,1.04,"++",5,1,89608.6451730528,180,0
"Supplementary Fig. 6e","Myeloid","FOLR2+ Macro","BRCA",3519,3146.38804326849,1.11842530279401,1.12,"++",63,2,89608.6451730528,180,0
"Supplementary Fig. 6e","Myeloid","FOLR2+ Macro","COCA",1393,1271.280906626,1.09574523831798,1.1,"++",54,3,89608.6451730528,180,0
"Supplementary Fig. 6e","Myeloid","FOLR2+ Macro","HNCA",1445,1911.42944826037,0.755978726452668,0.76,"+",44,3,89608.6451730528,180,0
"Supplementary Fig. 6e","Myeloid","FOLR2+ Macro","KICA",3431,2380.52823872966,1.44127674865597,1.44,"++",24,3,89608.6451730528,180,0
"Supplementary Fig. 6e","Myeloid","FOLR2+ Macro","LICA",4436,2534.70485932047,1.75010513894278,1.75,"++",50,2,89608.6451730528,180,0
"Supplementary Fig. 6e","Myeloid","FOLR2+ Macro","LUCA",10034,10189.3100264812,0.984757552172072,0.98,"+",76,2,89608.6451730528,180,0
"Supplementary Fig. 6e","Myeloid","FOLR2+ Macro","OVCA",4167,4591.03714648198,0.90763804932249,0.91,"+",64,7,89608.6451730528,180,0
"Supplementary Fig. 6e","Myeloid","FOLR2+ Macro","PACA",3178,3948.44135690173,0.80487456004506,0.8,"+",31,4,89608.6451730528,180,0
"Supplementary Fig. 6e","Myeloid","FOLR2+ Macro","PRCA",2668,2666.34103830444,1.00062218661144,1,"++",49,2,89608.6451730528,180,0
"Supplementary Fig. 6e","Myeloid","FOLR2+ Macro","SKCA",645,1787.90782825487,0.36075685211892,0.36,"+",15,1,89608.6451730528,180,0
"Supplementary Fig. 6e","Myeloid","FOLR2+ Macro","STCA",2204,3089.07092032537,0.713483133552614,0.71,"+",67,4,89608.6451730528,180,0
"Supplementary Fig. 6e","Myeloid","FOLR2+ Macro","THCA",3467,2882.34287015974,1.20284093745164,1.2,"++",35,2,89608.6451730528,180,0
"Supplementary Fig. 6e","Myeloid","FOLR2+ Macro","UECA",124,312.217316885656,0.397159264697072,0.4,"+",5,1,89608.6451730528,180,0
"Supplementary Fig. 6e","Myeloid","HSPA6+ Macro","BRCA",214,225.21123917576,0.950219006756539,0.95,"+",45,2,89608.6451730528,180,0
"Supplementary Fig. 6e","Myeloid","HSPA6+ Macro","COCA",183,90.9953713224477,2.01109130432061,2.01,"++",23,3,89608.6451730528,180,0
"Supplementary Fig. 6e","Myeloid","HSPA6+ Macro","HNCA",87,136.815735605382,0.635891767968373,0.64,"+",19,3,89608.6451730528,180,0
"Supplementary Fig. 6e","Myeloid","HSPA6+ Macro","KICA",278,170.39275104169,1.63152480548883,1.63,"++",18,3,89608.6451730528,180,0
"Supplementary Fig. 6e","Myeloid","HSPA6+ Macro","LICA",291,181.428359904199,1.60393887787807,1.6,"++",32,2,89608.6451730528,180,0
"Supplementary Fig. 6e","Myeloid","HSPA6+ Macro","LUCA",478,729.327440179958,0.655398348760956,0.66,"+",58,2,89608.6451730528,180,0
"Supplementary Fig. 6e","Myeloid","HSPA6+ Macro","OVCA",356,328.615908350286,1.08333160675996,1.08,"++",51,7,89608.6451730528,180,0
"Supplementary Fig. 6e","Myeloid","HSPA6+ Macro","PACA",301,282.620375672709,1.06503290600879,1.07,"++",25,4,89608.6451730528,180,0
"Supplementary Fig. 6e","Myeloid","HSPA6+ Macro","PRCA",252,190.850575658155,1.32040471521225,1.32,"++",35,2,89608.6451730528,180,0
"Supplementary Fig. 6e","Myeloid","HSPA6+ Macro","SKCA",50,127.974341370506,0.390703319622814,0.39,"+",10,1,89608.6451730528,180,0
"Supplementary Fig. 6e","Myeloid","HSPA6+ Macro","STCA",207,221.108610985437,0.936191490134384,0.94,"+",29,4,89608.6451730528,180,0
"Supplementary Fig. 6e","Myeloid","HSPA6+ Macro","THCA",167,206.311491332698,0.809455638758848,0.81,"+",23,2,89608.6451730528,180,0
"Supplementary Fig. 6e","Myeloid","HSPA6+ Macro","UECA",50,22.3477994007713,2.2373567572955,2.24,"++",6,1,89608.6451730528,180,0
"Supplementary Fig. 6e","Myeloid","LAMP3+ cDC","BRCA",387,406.833206252986,0.951249785051585,0.95,"+",60,2,89608.6451730528,180,0
"Supplementary Fig. 6e","Myeloid","LAMP3+ cDC","COCA",70,164.378735292163,0.425845836297398,0.43,"+",25,3,89608.6451730528,180,0
"Supplementary Fig. 6e","Myeloid","LAMP3+ cDC","HNCA",558,247.151006254884,2.25772902346406,2.26,"++",40,3,89608.6451730528,180,0
"Supplementary Fig. 6e","Myeloid","LAMP3+ cDC","KICA",103,307.806259946278,0.334626072965432,0.33,"+",18,3,89608.6451730528,180,0
"Supplementary Fig. 6e","Myeloid","LAMP3+ cDC","LICA",112,327.741553375328,0.341732681884675,0.34,"+",30,2,89608.6451730528,180,0
"Supplementary Fig. 6e","Myeloid","LAMP3+ cDC","LUCA",524,1317.49473064767,0.39772455085449,0.4,"+",63,2,89608.6451730528,180,0
"Supplementary Fig. 6e","Myeloid","LAMP3+ cDC","OVCA",670,593.628737665033,1.12865155860777,1.13,"++",58,7,89608.6451730528,180,0
"Supplementary Fig. 6e","Myeloid","LAMP3+ cDC","PACA",183,510.54003347328,0.358443976968904,0.36,"+",25,3,89608.6451730528,180,0
"Supplementary Fig. 6e","Myeloid","LAMP3+ cDC","PRCA",72,344.762330221183,0.20883952128357,0.21,"+",28,2,89608.6451730528,180,0
"Supplementary Fig. 6e","Myeloid","LAMP3+ cDC","SKCA",1442,231.179455378979,6.23757849777823,6.24,"+++",16,1,89608.6451730528,180,0
"Supplementary Fig. 6e","Myeloid","LAMP3+ cDC","STCA",551,399.422006941434,1.37949334394284,1.38,"++",50,4,89608.6451730528,180,0
"Supplementary Fig. 6e","Myeloid","LAMP3+ cDC","THCA",376,372.691726278423,1.00887670288421,1.01,"++",29,2,89608.6451730528,180,0
"Supplementary Fig. 6e","Myeloid","LAMP3+ cDC","UECA",216,40.3702182723611,5.35047887387523,5.35,"+++",6,1,89608.6451730528,180,0
"Supplementary Fig. 6e","Myeloid","LILRA4+ pDC","BRCA",986,567.278824828442,1.73812234274422,1.74,"++",45,2,89608.6451730528,180,0
"Supplementary Fig. 6e","Myeloid","LILRA4+ pDC","COCA",271,229.205911292644,1.18234297916511,1.18,"++",29,3,89608.6451730528,180,0
"Supplementary Fig. 6e","Myeloid","LILRA4+ pDC","HNCA",1337,344.621653858444,3.87961692200915,3.88,"+++",44,3,89608.6451730528,180,0
"Supplementary Fig. 6e","Myeloid","LILRA4+ pDC","KICA",256,429.197938450927,0.596461392438095,0.6,"+",15,3,89608.6451730528,180,0
"Supplementary Fig. 6e","Myeloid","LILRA4+ pDC","LICA",389,456.995251097057,0.851212346443802,0.85,"+",37,2,89608.6451730528,180,0
"Supplementary Fig. 6e","Myeloid","LILRA4+ pDC","LUCA",1167,1837.08421788637,0.635245781678247,0.64,"+",65,2,89608.6451730528,180,0
"Supplementary Fig. 6e","Myeloid","LILRA4+ pDC","OVCA",788,827.742198795848,0.951987226392876,0.95,"+",55,7,89608.6451730528,180,0
"Supplementary Fig. 6e","Myeloid","LILRA4+ pDC","PACA",396,711.885229045189,0.556269443223499,0.56,"+",28,3,89608.6451730528,180,0
"Supplementary Fig. 6e","Myeloid","LILRA4+ pDC","PRCA",336,480.728629145799,0.698939026363033,0.7,"+",25,2,89608.6451730528,180,0
"Supplementary Fig. 6e","Myeloid","LILRA4+ pDC","SKCA",386,322.351292264762,1.19745138072212,1.2,"++",15,1,89608.6451730528,180,0
"Supplementary Fig. 6e","Myeloid","LILRA4+ pDC","STCA",256,556.944819709371,0.459650563108905,0.46,"+",37,4,89608.6451730528,180,0
"Supplementary Fig. 6e","Myeloid","LILRA4+ pDC","THCA",757,519.672733830476,1.4566860077884,1.46,"++",30,2,89608.6451730528,180,0
"Supplementary Fig. 6e","Myeloid","LILRA4+ pDC","UECA",15,56.2912997946677,0.266471018695875,0.27,"+",4,1,89608.6451730528,180,0
"Supplementary Fig. 6e","Myeloid","Macro","BRCA",6887,5836.24801865392,1.18003895276343,1.18,"++",78,2,89608.6451730528,180,0
"Supplementary Fig. 6e","Myeloid","Macro","COCA",1932,2358.10414049919,0.819302238106844,0.82,"+",56,3,89608.6451730528,180,0
"Supplementary Fig. 6e","Myeloid","Macro","HNCA",2836,3545.51828216899,0.799883056382115,0.8,"+",49,3,89608.6451730528,180,0
"Supplementary Fig. 6e","Myeloid","Macro","KICA",4688,4415.6515425234,1.06167797772398,1.06,"++",24,3,89608.6451730528,180,0
"Supplementary Fig. 6e","Myeloid","Macro","LICA",5370,4701.63438509458,1.14215601643214,1.14,"++",52,2,89608.6451730528,180,0
"Supplementary Fig. 6e","Myeloid","Macro","LUCA",22014,18900.1927402847,1.16475002675917,1.16,"++",78,2,89608.6451730528,180,0
"Supplementary Fig. 6e","Myeloid","Macro","OVCA",8673,8515.93353434175,1.01844383414042,1.02,"++",69,7,89608.6451730528,180,0
"Supplementary Fig. 6e","Myeloid","Macro","PACA",6949,7323.9799824724,0.94880106398846,0.95,"+",36,4,89608.6451730528,180,0
"Supplementary Fig. 6e","Myeloid","Macro","PRCA",3243,4945.80687056471,0.655706962457617,0.66,"+",50,2,89608.6451730528,180,0
"Supplementary Fig. 6e","Myeloid","Macro","SKCA",1621,3316.39752525524,0.488783382467167,0.49,"+",17,1,89608.6451730528,180,0
"Supplementary Fig. 6e","Myeloid","Macro","STCA",4783,5729.93025345411,0.834739654486496,0.83,"+",73,4,89608.6451730528,180,0
"Supplementary Fig. 6e","Myeloid","Macro","THCA",6049,5346.46954975591,1.13140081388403,1.13,"++",42,2,89608.6451730528,180,0
"Supplementary Fig. 6e","Myeloid","Macro","UECA",470,579.133174931108,0.811557721686226,0.81,"+",6,1,89608.6451730528,180,0
"Supplementary Fig. 6e","Myeloid","Mast","BRCA",380,1439.60526840318,0.263961245725015,0.26,"+",14,1,89608.6451730528,180,0
"Supplementary Fig. 6e","Myeloid","Mast","COCA",471,581.66464709102,0.809744931818586,0.81,"+",20,3,89608.6451730528,180,0
"Supplementary Fig. 6e","Myeloid","Mast","HNCA",237,874.559611229051,0.270993534296576,0.27,"+",9,2,89608.6451730528,180,0
"Supplementary Fig. 6e","Myeloid","Mast","KICA",134,1089.19209802799,0.123026966723878,0.12,"±",7,3,89608.6451730528,180,0
"Supplementary Fig. 6e","Myeloid","Mast","LICA",76,1159.73440629222,0.065532245648363,0.07,"±",4,2,89608.6451730528,180,0
"Supplementary Fig. 6e","Myeloid","Mast","LUCA",4937,4662.03919980511,1.0589786547068,1.06,"++",47,2,89608.6451730528,180,0
"Supplementary Fig. 6e","Myeloid","Mast","OVCA",943,2100.59317942374,0.448920814004878,0.45,"+",17,4,89608.6451730528,180,0
"Supplementary Fig. 6e","Myeloid","Mast","PACA",1870,1806.57849610691,1.03510586671421,1.04,"++",17,3,89608.6451730528,180,0
"Supplementary Fig. 6e","Myeloid","Mast","PRCA",5896,1219.96351159384,4.83293143111885,4.83,"+++",38,2,89608.6451730528,180,0
"Supplementary Fig. 6e","Myeloid","Mast","SKCA",0,818.043258993967,0,0,"−",0,0,89608.6451730528,180,0
"Supplementary Fig. 6e","Myeloid","Mast","STCA",3423,1413.38026658399,2.42185353859021,2.42,"++",48,4,89608.6451730528,180,0
"Supplementary Fig. 6e","Myeloid","Mast","THCA",4,1318.79346226979,0.00303307539386459,0,"±",1,1,89608.6451730528,180,0
"Supplementary Fig. 6e","Myeloid","Mast","UECA",256,142.852594179193,1.79205706043305,1.79,"++",5,1,89608.6451730528,180,0
"Supplementary Fig. 6e","Myeloid","SPP1+ CXCL3+ Macro","BRCA",1083,1161.37587202956,0.93251463723575,0.93,"+",57,2,89608.6451730528,180,0
"Supplementary Fig. 6e","Myeloid","SPP1+ CXCL3+ Macro","COCA",515,469.247578882094,1.09750166687467,1.1,"++",43,3,89608.6451730528,180,0
"Supplementary Fig. 6e","Myeloid","SPP1+ CXCL3+ Macro","HNCA",545,705.535366829815,0.772463048094741,0.77,"+",36,3,89608.6451730528,180,0
"Supplementary Fig. 6e","Myeloid","SPP1+ CXCL3+ Macro","KICA",556,878.686297152873,0.632762798056094,0.63,"+",19,3,89608.6451730528,180,0
"Supplementary Fig. 6e","Myeloid","SPP1+ CXCL3+ Macro","LICA",677,935.595046081127,0.723603660403837,0.72,"+",35,2,89608.6451730528,180,0
"Supplementary Fig. 6e","Myeloid","SPP1+ CXCL3+ Macro","LUCA",4948,3761.01696759926,1.31560161589976,1.32,"++",67,2,89608.6451730528,180,0
"Supplementary Fig. 6e","Myeloid","SPP1+ CXCL3+ Macro","OVCA",2466,1694.61607919689,1.4551968615621,1.46,"++",65,7,89608.6451730528,180,0
"Supplementary Fig. 6e","Myeloid","SPP1+ CXCL3+ Macro","PACA",2171,1457.42497777412,1.48961355343017,1.49,"++",33,4,89608.6451730528,180,0
"Supplementary Fig. 6e","Myeloid","SPP1+ CXCL3+ Macro","PRCA",73,984.18380247601,0.0741731369855372,0.07,"±",17,2,89608.6451730528,180,0
"Supplementary Fig. 6e","Myeloid","SPP1+ CXCL3+ Macro","SKCA",167,659.941807746945,0.253052614699683,0.25,"+",13,1,89608.6451730528,180,0
"Supplementary Fig. 6e","Myeloid","SPP1+ CXCL3+ Macro","STCA",990,1140.21931958756,0.86825401305961,0.87,"+",55,4,89608.6451730528,180,0
"Supplementary Fig. 6e","Myeloid","SPP1+ CXCL3+ Macro","THCA",571,1063.91310235294,0.536697967848298,0.54,"+",25,2,89608.6451730528,180,0
"Supplementary Fig. 6e","Myeloid","SPP1+ CXCL3+ Macro","UECA",265,115.2437822908,2.29947329680063,2.3,"++",6,1,89608.6451730528,180,0
"Supplementary Fig. 6e","Myeloid","SPP1+ MT1+ Macro","BRCA",324,229.075536347616,1.41438062381458,1.41,"++",37,2,89608.6451730528,180,0
"Supplementary Fig. 6e","Myeloid","SPP1+ MT1+ Macro","COCA",151,92.5567194920161,1.63143206488671,1.63,"++",31,3,89608.6451730528,180,0
"Supplementary Fig. 6e","Myeloid","SPP1+ MT1+ Macro","HNCA",124,139.163294555372,0.891039554619495,0.89,"+",27,3,89608.6451730528,180,0
"Supplementary Fig. 6e","Myeloid","SPP1+ MT1+ Macro","KICA",116,173.316442720511,0.669295989342806,0.67,"+",11,3,89608.6451730528,180,0
"Supplementary Fig. 6e","Myeloid","SPP1+ MT1+ Macro","LICA",253,184.541406573798,1.37096603248673,1.37,"++",38,2,89608.6451730528,180,0
"Supplementary Fig. 6e","Myeloid","SPP1+ MT1+ Macro","LUCA",750,741.841637849484,1.01099744437932,1.01,"++",60,2,89608.6451730528,180,0
"Supplementary Fig. 6e","Myeloid","SPP1+ MT1+ Macro","OVCA",609,334.25447918677,1.82196511317268,1.82,"++",51,7,89608.6451730528,180,0
"Supplementary Fig. 6e","Myeloid","SPP1+ MT1+ Macro","PACA",213,287.469730093997,0.740947577090475,0.74,"+",23,4,89608.6451730528,180,0
"Supplementary Fig. 6e","Myeloid","SPP1+ MT1+ Macro","PRCA",66,194.125293840347,0.339986607073882,0.34,"+",20,2,89608.6451730528,180,0
"Supplementary Fig. 6e","Myeloid","SPP1+ MT1+ Macro","SKCA",11,130.170194860048,0.084504751735423,0.08,"±",5,1,89608.6451730528,180,0
"Supplementary Fig. 6e","Myeloid","SPP1+ MT1+ Macro","STCA",164,224.902513027054,0.729204835431395,0.73,"+",35,4,89608.6451730528,180,0
"Supplementary Fig. 6e","Myeloid","SPP1+ MT1+ Macro","THCA",168,209.851496331544,0.800566128604475,0.8,"+",25,2,89608.6451730528,180,0
"Supplementary Fig. 6e","Myeloid","SPP1+ MT1+ Macro","UECA",15,22.7312551214435,0.659884371534319,0.66,"+",4,1,89608.6451730528,180,0
"Supplementary Fig. 6e","Myeloid","SPP1+ Macro","BRCA",1352,1531.18911137617,0.882973886083136,0.88,"+",59,2,89608.6451730528,180,0
"Supplementary Fig. 6e","Myeloid","SPP1+ Macro","COCA",420,618.668598709792,0.678877190269383,0.68,"+",37,3,89608.6451730528,180,0
"Supplementary Fig. 6e","Myeloid","SPP1+ Macro","HNCA",741,930.1967583438,0.796605657193794,0.8,"+",35,3,89608.6451730528,180,0
"Supplementary Fig. 6e","Myeloid","SPP1+ Macro","KICA",962,1158.48359081605,0.830395879256571,0.83,"+",18,3,89608.6451730528,180,0
"Supplementary Fig. 6e","Myeloid","SPP1+ Macro","LICA",805,1233.5136123617,0.652607309666195,0.65,"+",40,2,89608.6451730528,180,0
"Supplementary Fig. 6e","Myeloid","SPP1+ Macro","LUCA",9901,4958.62568457287,1.99672260618576,2,"++",72,2,89608.6451730528,180,0
"Supplementary Fig. 6e","Myeloid","SPP1+ Macro","OVCA",1533,2234.22730824841,0.686143256033264,0.69,"+",61,7,89608.6451730528,180,0
"Supplementary Fig. 6e","Myeloid","SPP1+ Macro","PACA",2115,1921.50819589145,1.10069788123843,1.1,"++",34,4,89608.6451730528,180,0
"Supplementary Fig. 6e","Myeloid","SPP1+ Macro","PRCA",87,1297.57433251179,0.0670481819963168,0.07,"±",16,2,89608.6451730528,180,0
"Supplementary Fig. 6e","Myeloid","SPP1+ Macro","SKCA",140,870.084986696111,0.160903822202022,0.16,"±",11,1,89608.6451730528,180,0
"Supplementary Fig. 6e","Myeloid","SPP1+ Macro","STCA",775,1503.29574497031,0.51553395437523,0.52,"+",45,4,89608.6451730528,180,0
"Supplementary Fig. 6e","Myeloid","SPP1+ Macro","THCA",810,1402.69158074242,0.577461226060314,0.58,"+",29,2,89608.6451730528,180,0
"Supplementary Fig. 6e","Myeloid","SPP1+ Macro","UECA",171,151.940494759122,1.12544058956168,1.13,"++",6,1,89608.6451730528,180,0
"Supplementary Fig. 6e","Myeloid","SPP1+ cycMacro","BRCA",1548,895.898656323065,1.72787400569756,1.73,"++",59,2,89608.6451730528,180,0
"Supplementary Fig. 6e","Myeloid","SPP1+ cycMacro","COCA",228,361.982959632743,0.629863903624971,0.63,"+",49,3,89608.6451730528,180,0
"Supplementary Fig. 6e","Myeloid","SPP1+ cycMacro","HNCA",530,544.258066965543,0.973802745735976,0.97,"+",35,3,89608.6451730528,180,0
"Supplementary Fig. 6e","Myeloid","SPP1+ cycMacro","KICA",815,677.828678817868,1.20236871862866,1.2,"++",18,3,89608.6451730528,180,0
"Supplementary Fig. 6e","Myeloid","SPP1+ cycMacro","LICA",723,721.728739879711,1.00176140986224,1,"++",43,2,89608.6451730528,180,0
"Supplementary Fig. 6e","Myeloid","SPP1+ cycMacro","LUCA",2239,2901.29158770284,0.771725258326336,0.77,"+",70,2,89608.6451730528,180,0
"Supplementary Fig. 6e","Myeloid","SPP1+ cycMacro","OVCA",1982,1307.24626273045,1.51616421213567,1.52,"++",57,7,89608.6451730528,180,0
"Supplementary Fig. 6e","Myeloid","SPP1+ cycMacro","PACA",998,1124.27432903159,0.887683703371264,0.89,"+",33,4,89608.6451730528,180,0
"Supplementary Fig. 6e","Myeloid","SPP1+ cycMacro","PRCA",159,759.210663359414,0.209428038453049,0.21,"+",37,2,89608.6451730528,180,0
"Supplementary Fig. 6e","Myeloid","SPP1+ cycMacro","SKCA",918,509.086673015411,1.80322929013742,1.8,"++",16,1,89608.6451730528,180,0
"Supplementary Fig. 6e","Myeloid","SPP1+ cycMacro","STCA",407,879.578249328478,0.462721765017186,0.46,"+",62,4,89608.6451730528,180,0
"Supplementary Fig. 6e","Myeloid","SPP1+ cycMacro","THCA",975,820.714758932272,1.18798887114988,1.19,"++",30,2,89608.6451730528,180,0
"Supplementary Fig. 6e","Myeloid","SPP1+ cycMacro","UECA",70,88.900374280625,0.787398259753512,0.79,"+",5,1,89608.6451730528,180,0
"Supplementary Fig. 6e","Myeloid","TNFSF10+ Macro","BRCA",1826,956.413550034327,1.90921594527227,1.91,"++",62,2,89608.6451730528,180,0
"Supplementary Fig. 6e","Myeloid","TNFSF10+ Macro","COCA",364,386.433671968185,0.941946901640519,0.94,"+",38,3,89608.6451730528,180,0
"Supplementary Fig. 6e","Myeloid","TNFSF10+ Macro","HNCA",1431,581.020840122377,2.46290649350649,2.46,"++",44,3,89608.6451730528,180,0
"Supplementary Fig. 6e","Myeloid","TNFSF10+ Macro","KICA",599,723.613690508205,0.827789755579822,0.83,"+",23,3,89608.6451730528,180,0
"Supplementary Fig. 6e","Myeloid","TNFSF10+ Macro","LICA",610,770.479050725624,0.791715231485545,0.79,"+",37,2,89608.6451730528,180,0
"Supplementary Fig. 6e","Myeloid","TNFSF10+ Macro","LUCA",2639,3097.26392320761,0.852042339765149,0.85,"+",71,2,89608.6451730528,180,0
"Supplementary Fig. 6e","Myeloid","TNFSF10+ Macro","OVCA",1462,1395.54628202978,1.04761842643697,1.05,"++",59,7,89608.6451730528,180,0
"Supplementary Fig. 6e","Myeloid","TNFSF10+ Macro","PACA",1040,1200.21521926897,0.866511258400347,0.87,"+",32,4,89608.6451730528,180,0
"Supplementary Fig. 6e","Myeloid","TNFSF10+ Macro","PRCA",120,810.492750092542,0.148058079466224,0.15,"±",34,2,89608.6451730528,180,0
"Supplementary Fig. 6e","Myeloid","TNFSF10+ Macro","SKCA",624,543.473738661638,1.14816955376108,1.15,"++",15,1,89608.6451730528,180,0
"Supplementary Fig. 6e","Myeloid","TNFSF10+ Macro","STCA",733,938.9907553002,0.780625363841475,0.78,"+",61,4,89608.6451730528,180,0
"Supplementary Fig. 6e","Myeloid","TNFSF10+ Macro","THCA",823,876.151237214188,0.939335545101565,0.94,"+",32,2,89608.6451730528,180,0
"Supplementary Fig. 6e","Myeloid","TNFSF10+ Macro","UECA",104,94.9052908663505,1.09582931626496,1.1,"++",5,1,89608.6451730528,180,0
"Supplementary Fig. 6e","Endothelial","Arterial EC","BRCA",1360,1657.9642220638,0.820283080841815,0.82,"+",66,2,176281.466303583,156,0
"Supplementary Fig. 6e","Endothelial","Arterial EC","COCA",333,242.936553199073,1.37072826470508,1.37,"++",44,3,176281.466303583,156,0
"Supplementary Fig. 6e","Endothelial","Arterial EC","HNCA",465,1016.15211192301,0.457608653806776,0.46,"+",21,3,176281.466303583,156,0
"Supplementary Fig. 6e","Endothelial","Arterial EC","KICA",498,553.086704687222,0.900401321853553,0.9,"+",19,3,176281.466303583,156,0
"Supplementary Fig. 6e","Endothelial","Arterial EC","LICA",931,506.002628764926,1.83991138993176,1.84,"++",39,2,176281.466303583,156,0
"Supplementary Fig. 6e","Endothelial","Arterial EC","LUCA",484,319.307788273035,1.51577887472679,1.52,"++",37,2,176281.466303583,156,0
"Supplementary Fig. 6e","Endothelial","Arterial EC","OVCA",620,552.48195508822,1.12220859756587,1.12,"++",33,6,176281.466303583,156,0
"Supplementary Fig. 6e","Endothelial","Arterial EC","PACA",1001,428.42189449296,2.33648189522314,2.34,"++",26,3,176281.466303583,156,0
"Supplementary Fig. 6e","Endothelial","Arterial EC","PRCA",975,1032.3939582962,0.944406921568077,0.94,"+",48,2,176281.466303583,156,0
"Supplementary Fig. 6e","Endothelial","Arterial EC","SKCA",13,32.3109071466762,0.40234091667517,0.4,"+",7,1,176281.466303583,156,0
"Supplementary Fig. 6e","Endothelial","Arterial EC","STCA",584,726.304268401355,0.804070725462517,0.8,"+",51,4,176281.466303583,156,0
"Supplementary Fig. 6e","Endothelial","Arterial EC","THCA",294,377.363749777223,0.779089141905026,0.78,"+",21,2,176281.466303583,156,0
"Supplementary Fig. 6e","Endothelial","Arterial EC","UECA",198,311.273257886295,0.636097046513156,0.64,"+",6,1,176281.466303583,156,0
"Supplementary Fig. 6e","Endothelial","CCL2+ iEC","BRCA",1403,472.849001960435,2.96712056953309,2.97,"++",28,2,176281.466303583,156,0
"Supplementary Fig. 6e","Endothelial","CCL2+ iEC","COCA",3,69.2851541614685,0.0432993191154417,0.04,"±",3,2,176281.466303583,156,0
"Supplementary Fig. 6e","Endothelial","CCL2+ iEC","HNCA",17,289.805114952771,0.0586601102702084,0.06,"±",8,2,176281.466303583,156,0
"Supplementary Fig. 6e","Endothelial","CCL2+ iEC","KICA",41,157.739529495634,0.259922164920207,0.26,"+",4,2,176281.466303583,156,0
"Supplementary Fig. 6e","Endothelial","CCL2+ iEC","LICA",18,144.31121903404,0.12473042720091,0.12,"±",8,2,176281.466303583,156,0
"Supplementary Fig. 6e","Endothelial","CCL2+ iEC","LUCA",31,91.0661201211905,0.340411999091927,0.34,"+",3,1,176281.466303583,156,0
"Supplementary Fig. 6e","Endothelial","CCL2+ iEC","OVCA",80,157.567055783283,0.507720345489172,0.51,"+",3,2,176281.466303583,156,0
"Supplementary Fig. 6e","Endothelial","CCL2+ iEC","PACA",4,122.185305649617,0.0327371608126967,0.03,"±",3,2,176281.466303583,156,0
"Supplementary Fig. 6e","Endothelial","CCL2+ iEC","PRCA",44,294.437266084477,0.149437605453706,0.15,"±",7,2,176281.466303583,156,0
"Supplementary Fig. 6e","Endothelial","CCL2+ iEC","SKCA",0,9.21502405988237,0,0,"−",0,0,176281.466303583,156,0
"Supplementary Fig. 6e","Endothelial","CCL2+ iEC","STCA",28,207.140928533238,0.135173672331526,0.14,"±",8,3,176281.466303583,156,0
"Supplementary Fig. 6e","Endothelial","CCL2+ iEC","THCA",1,107.623596506862,0.00929164265511463,0.01,"±",1,1,176281.466303583,156,0
"Supplementary Fig. 6e","Endothelial","CCL2+ iEC","UECA",542,88.7746836571021,6.10534420030726,6.11,"+++",6,1,176281.466303583,156,0
"Supplementary Fig. 6e","Endothelial","CD14+ EC","BRCA",0,296.278805025842,0,0,"−",0,0,176281.466303583,156,0
"Supplementary Fig. 6e","Endothelial","CD14+ EC","COCA",0,43.4128497594012,0,0,"−",0,0,176281.466303583,156,0
"Supplementary Fig. 6e","Endothelial","CD14+ EC","HNCA",0,181.586749242559,0,0,"−",0,0,176281.466303583,156,0
"Supplementary Fig. 6e","Endothelial","CD14+ EC","KICA",1,98.836793797897,0.0101176895928536,0.01,"±",1,1,176281.466303583,156,0
"Supplementary Fig. 6e","Endothelial","CD14+ EC","LICA",1308,90.4228524327214,14.4653698131588,14.47,"+++",25,2,176281.466303583,156,0
"Supplementary Fig. 6e","Endothelial","CD14+ EC","LUCA",0,57.0604170379611,0,0,"−",0,0,176281.466303583,156,0
"Supplementary Fig. 6e","Endothelial","CD14+ EC","OVCA",0,98.7287248262342,0,0,"−",0,0,176281.466303583,156,0
"Supplementary Fig. 6e","Endothelial","CD14+ EC","PACA",70,76.5591472108359,0.914325754011174,0.91,"+",7,1,176281.466303583,156,0
"Supplementary Fig. 6e","Endothelial","CD14+ EC","PRCA",0,184.489173052932,0,0,"−",0,0,176281.466303583,156,0
"Supplementary Fig. 6e","Endothelial","CD14+ EC","SKCA",0,5.77397077169845,0,0,"−",0,0,176281.466303583,156,0
"Supplementary Fig. 6e","Endothelial","CD14+ EC","STCA",7,129.790834967029,0.0539329298696493,0.05,"±",1,1,176281.466303583,156,0
"Supplementary Fig. 6e","Endothelial","CD14+ EC","THCA",0,67.4350383175905,0,0,"−",0,0,176281.466303583,156,0
"Supplementary Fig. 6e","Endothelial","CD14+ EC","UECA",0,55.6246435572982,0,0,"−",0,0,176281.466303583,156,0
"Supplementary Fig. 6e","Endothelial","Capillary EC","BRCA",1573,3542.51973801461,0.444034223188712,0.44,"+",64,2,176281.466303583,156,0
"Supplementary Fig. 6e","Endothelial","Capillary EC","COCA",1010,519.074852967385,1.94576946701647,1.95,"++",51,3,176281.466303583,156,0
"Supplementary Fig. 6e","Endothelial","Capillary EC","HNCA",3461,2171.1800926751,1.59406398929152,1.59,"++",23,3,176281.466303583,156,0
"Supplementary Fig. 6e","Endothelial","Capillary EC","KICA",949,1181.7628764926,0.803037579600208,0.8,"+",17,3,176281.466303583,156,0
"Supplementary Fig. 6e","Endothelial","Capillary EC","LICA",1096,1081.15981999644,1.01372616677857,1.01,"++",44,2,176281.466303583,156,0
"Supplementary Fig. 6e","Endothelial","Capillary EC","LUCA",205,682.254856531812,0.300474226071619,0.3,"+",35,2,176281.466303583,156,0
"Supplementary Fig. 6e","Endothelial","Capillary EC","OVCA",862,1180.47072714311,0.730217175385745,0.73,"+",33,6,176281.466303583,156,0
"Supplementary Fig. 6e","Endothelial","Capillary EC","PACA",1559,915.395517733024,1.7030889596891,1.7,"++",27,4,176281.466303583,156,0
"Supplementary Fig. 6e","Endothelial","Capillary EC","PRCA",689,2205.88353234717,0.312346499666221,0.31,"+",40,2,176281.466303583,156,0
"Supplementary Fig. 6e","Endothelial","Capillary EC","SKCA",30,69.0376938157191,0.434545222209745,0.43,"+",7,1,176281.466303583,156,0
"Supplementary Fig. 6e","Endothelial","Capillary EC","STCA",3556,1551.87136873997,2.29142702908892,2.29,"++",54,4,176281.466303583,156,0
"Supplementary Fig. 6e","Endothelial","Capillary EC","THCA",1287,806.301194083051,1.59617771800972,1.6,"++",23,2,176281.466303583,156,0
"Supplementary Fig. 6e","Endothelial","Capillary EC","UECA",295,665.087729459989,0.443550507599234,0.44,"+",6,1,176281.466303583,156,0
"Supplementary Fig. 6e","Endothelial","Fibrosis PGF+ Tip EC","BRCA",433,719.961771520228,0.601420821394035,0.6,"+",30,2,176281.466303583,156,0
"Supplementary Fig. 6e","Endothelial","Fibrosis PGF+ Tip EC","COCA",167,105.493851363393,1.58303064910141,1.58,"++",26,3,176281.466303583,156,0
"Supplementary Fig. 6e","Endothelial","Fibrosis PGF+ Tip EC","HNCA",182,441.258420958831,0.41245671777668,0.41,"+",7,2,176281.466303583,156,0
"Supplementary Fig. 6e","Endothelial","Fibrosis PGF+ Tip EC","KICA",611,240.17483514525,2.54398009529385,2.54,"++",19,3,176281.466303583,156,0
"Supplementary Fig. 6e","Endothelial","Fibrosis PGF+ Tip EC","LICA",395,219.728836214579,1.79767028672677,1.8,"++",32,2,176281.466303583,156,0
"Supplementary Fig. 6e","Endothelial","Fibrosis PGF+ Tip EC","LUCA",40,138.657636784887,0.288480324109778,0.29,"+",14,2,176281.466303583,156,0
"Supplementary Fig. 6e","Endothelial","Fibrosis PGF+ Tip EC","OVCA",185,239.912225984673,0.771115349543791,0.77,"+",25,6,176281.466303583,156,0
"Supplementary Fig. 6e","Endothelial","Fibrosis PGF+ Tip EC","PACA",162,186.03983247193,0.870781261450785,0.87,"+",16,3,176281.466303583,156,0
"Supplementary Fig. 6e","Endothelial","Fibrosis PGF+ Tip EC","PRCA",299,448.311352700053,0.666947196851489,0.67,"+",20,2,176281.466303583,156,0
"Supplementary Fig. 6e","Endothelial","Fibrosis PGF+ Tip EC","SKCA",0,14.0308322937088,0,0,"−",0,0,176281.466303583,156,0
"Supplementary Fig. 6e","Endothelial","Fibrosis PGF+ Tip EC","STCA",841,315.393601853502,2.66650938718357,2.67,"++",40,4,176281.466303583,156,0
"Supplementary Fig. 6e","Endothelial","Fibrosis PGF+ Tip EC","THCA",19,163.868116200321,0.115946899497968,0.12,"±",5,2,176281.466303583,156,0
"Supplementary Fig. 6e","Endothelial","Fibrosis PGF+ Tip EC","UECA",34,135.168686508644,0.251537548216286,0.25,"+",2,1,176281.466303583,156,0
"Supplementary Fig. 6e","Endothelial","HMGB2+ cycEC","BRCA",43,166.950755212975,0.257560979254907,0.26,"+",20,2,176281.466303583,156,0
"Supplementary Fig. 6e","Endothelial","HMGB2+ cycEC","COCA",55,24.4627962929959,2.2483120629896,2.25,"++",21,3,176281.466303583,156,0
"Supplementary Fig. 6e","Endothelial","HMGB2+ cycEC","HNCA",188,102.322692033506,1.83732460770715,1.84,"++",17,2,176281.466303583,156,0
"Supplementary Fig. 6e","Endothelial","HMGB2+ cycEC","KICA",51,55.6937488861166,0.915722159488412,0.92,"+",7,2,176281.466303583,156,0
"Supplementary Fig. 6e","Endothelial","HMGB2+ cycEC","LICA",69,50.9525597041526,1.35420085665248,1.35,"++",24,2,176281.466303583,156,0
"Supplementary Fig. 6e","Endothelial","HMGB2+ cycEC","LUCA",12,32.1530921404384,0.373214493573008,0.37,"+",6,2,176281.466303583,156,0
"Supplementary Fig. 6e","Endothelial","HMGB2+ cycEC","OVCA",143,55.6328528782748,2.5704236364237,2.57,"++",16,6,176281.466303583,156,0
"Supplementary Fig. 6e","Endothelial","HMGB2+ cycEC","PACA",24,43.1404718410266,0.556322148919475,0.56,"+",15,2,176281.466303583,156,0
"Supplementary Fig. 6e","Endothelial","HMGB2+ cycEC","PRCA",5,103.958184815541,0.0480962610964379,0.05,"±",4,2,176281.466303583,156,0
"Supplementary Fig. 6e","Endothelial","HMGB2+ cycEC","SKCA",15,3.25358670468722,4.61029668531363,4.61,"+++",5,1,176281.466303583,156,0
"Supplementary Fig. 6e","Endothelial","HMGB2+ cycEC","STCA",163,73.1361054179291,2.22872135545846,2.23,"++",28,4,176281.466303583,156,0
"Supplementary Fig. 6e","Endothelial","HMGB2+ cycEC","THCA",12,37.9991088932454,0.315796879177161,0.32,"+",5,2,176281.466303583,156,0
"Supplementary Fig. 6e","Endothelial","HMGB2+ cycEC","UECA",1,31.3440451791125,0.0319039866834545,0.03,"±",1,1,176281.466303583,156,0
"Supplementary Fig. 6e","Endothelial","HMOX1+ iEC","BRCA",8816,2614.77802530743,3.37160551093566,3.37,"+++",24,2,176281.466303583,156,0
"Supplementary Fig. 6e","Endothelial","HMOX1+ iEC","COCA",3,383.135626448049,0.00783012539922801,0.01,"±",3,2,176281.466303583,156,0
"Supplementary Fig. 6e","Endothelial","HMOX1+ iEC","HNCA",17,1602.57512029941,0.0106079270697924,0.01,"±",8,2,176281.466303583,156,0
"Supplementary Fig. 6e","Endothelial","HMOX1+ iEC","KICA",3,872.273926216361,0.00343928657023261,0,"±",2,1,176281.466303583,156,0
"Supplementary Fig. 6e","Endothelial","HMOX1+ iEC","LICA",4,798.017554803065,0.00501242106257565,0.01,"±",1,1,176281.466303583,156,0
"Supplementary Fig. 6e","Endothelial","HMOX1+ iEC","LUCA",10,503.580823382641,0.0198577855543192,0.02,"±",5,1,176281.466303583,156,0
"Supplementary Fig. 6e","Endothelial","HMOX1+ iEC","OVCA",1326,871.320174656924,1.52182864412855,1.52,"++",7,4,176281.466303583,156,0
"Supplementary Fig. 6e","Endothelial","HMOX1+ iEC","PACA",18,675.664854749599,0.0266404266456493,0.03,"±",7,2,176281.466303583,156,0
"Supplementary Fig. 6e","Endothelial","HMOX1+ iEC","PRCA",4,1628.19016218143,0.00245671549485402,0,"±",4,2,176281.466303583,156,0
"Supplementary Fig. 6e","Endothelial","HMOX1+ iEC","SKCA",0,50.9575833184815,0,0,"−",0,0,176281.466303583,156,0
"Supplementary Fig. 6e","Endothelial","HMOX1+ iEC","STCA",5,1145.45562288362,0.0043650752592342,0,"±",5,2,176281.466303583,156,0
"Supplementary Fig. 6e","Endothelial","HMOX1+ iEC","THCA",0,595.140973088576,0,0,"−",0,0,176281.466303583,156,0
"Supplementary Fig. 6e","Endothelial","HMOX1+ iEC","UECA",2026,490.909552664409,4.1270331550973,4.13,"+++",6,1,176281.466303583,156,0
"Supplementary Fig. 6e","Endothelial","Lymphatic EC","BRCA",680,1710.33673810373,0.397582525622367,0.4,"+",41,2,176281.466303583,156,0
"Supplementary Fig. 6e","Endothelial","Lymphatic EC","COCA",166,250.610541792907,0.66238235156594,0.66,"+",25,3,176281.466303583,156,0
"Supplementary Fig. 6e","Endothelial","Lymphatic EC","HNCA",4162,1048.25077971841,3.9704239486643,3.97,"+++",24,2,176281.466303583,156,0
"Supplementary Fig. 6e","Endothelial","Lymphatic EC","KICA",10,570.557855106042,0.0175267063813212,0.02,"±",3,2,176281.466303583,156,0
"Supplementary Fig. 6e","Endothelial","Lymphatic EC","LICA",43,521.986466316165,0.082377614698453,0.08,"±",14,2,176281.466303583,156,0
"Supplementary Fig. 6e","Endothelial","Lymphatic EC","LUCA",380,329.39422562823,1.15363285217054,1.15,"++",21,2,176281.466303583,156,0
"Supplementary Fig. 6e","Endothelial","Lymphatic EC","OVCA",278,569.934002405988,0.487775775487016,0.49,"+",24,7,176281.466303583,156,0
"Supplementary Fig. 6e","Endothelial","Lymphatic EC","PACA",195,441.955077080734,0.441221314365347,0.44,"+",15,3,176281.466303583,156,0
"Supplementary Fig. 6e","Endothelial","Lymphatic EC","PRCA",64,1065.00568080556,0.0600935761690876,0.06,"±",3,2,176281.466303583,156,0
"Supplementary Fig. 6e","Endothelial","Lymphatic EC","SKCA",198,33.3315585457138,5.94031628399391,5.94,"+++",10,1,176281.466303583,156,0
"Supplementary Fig. 6e","Endothelial","Lymphatic EC","STCA",45,749.247092764213,0.0600602931056837,0.06,"±",11,3,176281.466303583,156,0
"Supplementary Fig. 6e","Endothelial","Lymphatic EC","THCA",1587,389.284084833363,4.07671431180993,4.08,"+++",19,2,176281.466303583,156,0
"Supplementary Fig. 6e","Endothelial","Lymphatic EC","UECA",193,321.105896898949,0.601047822116879,0.6,"+",6,1,176281.466303583,156,0
"Supplementary Fig. 6e","Endothelial","PGF+ Tip EC","BRCA",254,425.393089467118,0.597094796058349,0.6,"+",41,2,176281.466303583,156,0
"Supplementary Fig. 6e","Endothelial","PGF+ Tip EC","COCA",160,62.3315808233826,2.56691708900119,2.57,"++",26,3,176281.466303583,156,0
"Supplementary Fig. 6e","Endothelial","PGF+ Tip EC","HNCA",198,260.719791481019,0.759436017017582,0.76,"+",15,2,176281.466303583,156,0
"Supplementary Fig. 6e","Endothelial","PGF+ Tip EC","KICA",261,141.908527891641,1.83921293440021,1.84,"++",14,3,176281.466303583,156,0
"Supplementary Fig. 6e","Endothelial","PGF+ Tip EC","LICA",146,129.82790500802,1.12456563164122,1.12,"++",28,2,176281.466303583,156,0
"Supplementary Fig. 6e","Endothelial","PGF+ Tip EC","LUCA",68,81.9265728034218,0.830011529509017,0.83,"+",19,2,176281.466303583,156,0
"Supplementary Fig. 6e","Endothelial","PGF+ Tip EC","OVCA",422,141.753363927999,2.97700166194538,2.98,"++",27,6,176281.466303583,156,0
"Supplementary Fig. 6e","Endothelial","PGF+ Tip EC","PACA",132,109.922585100695,1.20084512094654,1.2,"++",17,3,176281.466303583,156,0
"Supplementary Fig. 6e","Endothelial","PGF+ Tip EC","PRCA",33,264.887052218856,0.124581400727487,0.12,"±",14,2,176281.466303583,156,0
"Supplementary Fig. 6e","Endothelial","PGF+ Tip EC","SKCA",2,8.29018891463197,0.241249025878053,0.24,"+",2,1,176281.466303583,156,0
"Supplementary Fig. 6e","Endothelial","PGF+ Tip EC","STCA",273,186.351920335056,1.4649701463186,1.46,"++",31,4,176281.466303583,156,0
"Supplementary Fig. 6e","Endothelial","PGF+ Tip EC","THCA",34,96.8223133131349,0.351158724023046,0.35,"+",6,2,176281.466303583,156,0
"Supplementary Fig. 6e","Endothelial","PGF+ Tip EC","UECA",7,79.8651087150241,0.0876477865318823,0.09,"±",3,1,176281.466303583,156,0
"Supplementary Fig. 6e","Endothelial","SPRY1+ EC","BRCA",73,1743.89790144359,0.0418602487792266,0.04,"±",14,2,176281.466303583,156,0
"Supplementary Fig. 6e","Endothelial","SPRY1+ EC","COCA",7,255.528158973445,0.0273942411205156,0.03,"±",3,1,176281.466303583,156,0
"Supplementary Fig. 6e","Endothelial","SPRY1+ EC","HNCA",8,1068.82013010159,0.00748488896746325,0.01,"±",3,2,176281.466303583,156,0
"Supplementary Fig. 6e","Endothelial","SPRY1+ EC","KICA",4,581.753653537694,0.00687576257695273,0.01,"±",3,2,176281.466303583,156,0
"Supplementary Fig. 6e","Endothelial","SPRY1+ EC","LICA",6,532.229170379611,0.0112733392566975,0.01,"±",3,2,176281.466303583,156,0
"Supplementary Fig. 6e","Endothelial","SPRY1+ EC","LUCA",8,335.857779361968,0.0238196060701577,0.02,"±",6,2,176281.466303583,156,0
"Supplementary Fig. 6e","Endothelial","SPRY1+ EC","OVCA",64,581.117559258599,0.110132621154405,0.11,"±",7,3,176281.466303583,156,0
"Supplementary Fig. 6e","Endothelial","SPRY1+ EC","PACA",38,450.6273614329,0.0843268812598685,0.08,"±",6,2,176281.466303583,156,0
"Supplementary Fig. 6e","Endothelial","SPRY1+ EC","PRCA",7895,1085.90380502584,7.27044141797819,7.27,"+++",46,2,176281.466303583,156,0
"Supplementary Fig. 6e","Endothelial","SPRY1+ EC","SKCA",1,33.9856086259134,0.0294242192631359,0.03,"±",1,1,176281.466303583,156,0
"Supplementary Fig. 6e","Endothelial","SPRY1+ EC","STCA",17,763.949229192657,0.0222527876858592,0.02,"±",4,2,176281.466303583,156,0
"Supplementary Fig. 6e","Endothelial","SPRY1+ EC","THCA",0,396.922830155053,0,0,"−",0,0,176281.466303583,156,0
"Supplementary Fig. 6e","Endothelial","SPRY1+ EC","UECA",37,327.406812511139,0.11300925511054,0.11,"±",3,1,176281.466303583,156,0
"Supplementary Fig. 6e","Endothelial","TMEM100+ EC","BRCA",0,307.180838977009,0,0,"−",0,0,176281.466303583,156,0
"Supplementary Fig. 6e","Endothelial","TMEM100+ EC","COCA",0,45.0102922830155,0,0,"−",0,0,176281.466303583,156,0
"Supplementary Fig. 6e","Endothelial","TMEM100+ EC","HNCA",0,188.268512742827,0,0,"−",0,0,176281.466303583,156,0
"Supplementary Fig. 6e","Endothelial","TMEM100+ EC","KICA",17,102.473645517733,0.165896313282405,0.17,"±",1,1,176281.466303583,156,0
"Supplementary Fig. 6e","Endothelial","TMEM100+ EC","LICA",0,93.7501002495099,0,0,"−",0,0,176281.466303583,156,0
"Supplementary Fig. 6e","Endothelial","TMEM100+ EC","LUCA",1420,59.1600427731242,24.0026871759648,24,"+++",32,2,176281.466303583,156,0
"Supplementary Fig. 6e","Endothelial","TMEM100+ EC","OVCA",0,102.361599982178,0,0,"−",0,0,176281.466303583,156,0
"Supplementary Fig. 6e","Endothelial","TMEM100+ EC","PACA",0,79.3762586882909,0,0,"−",0,0,176281.466303583,156,0
"Supplementary Fig. 6e","Endothelial","TMEM100+ EC","PRCA",0,191.277735697737,0,0,"−",0,0,176281.466303583,156,0
"Supplementary Fig. 6e","Endothelial","TMEM100+ EC","SKCA",0,5.98643289966138,0,0,"−",0,0,176281.466303583,156,0
"Supplementary Fig. 6e","Endothelial","TMEM100+ EC","STCA",0,134.566688201747,0,0,"−",0,0,176281.466303583,156,0
"Supplementary Fig. 6e","Endothelial","TMEM100+ EC","THCA",0,69.9164141864195,0,0,"−",0,0,176281.466303583,156,0
"Supplementary Fig. 6e","Endothelial","TMEM100+ EC","UECA",0,57.6714378007485,0,0,"−",0,0,176281.466303583,156,0
"Supplementary Fig. 6e","Endothelial","Tip EC","BRCA",908,2238.33720593477,0.405658270609322,0.41,"+",57,2,176281.466303583,156,0
"Supplementary Fig. 6e","Endothelial","Tip EC","COCA",361,327.976875779718,1.10068735529532,1.1,"++",35,3,176281.466303583,156,0
"Supplementary Fig. 6e","Endothelial","Tip EC","HNCA",616,1371.8577570843,0.449026144889268,0.45,"+",22,3,176281.466303583,156,0
"Supplementary Fig. 6e","Endothelial","Tip EC","KICA",3017,746.695575654963,4.04046856358248,4.04,"+++",17,3,176281.466303583,156,0
"Supplementary Fig. 6e","Endothelial","Tip EC","LICA",1257,683.129644893958,1.84006068159306,1.84,"++",45,2,176281.466303583,156,0
"Supplementary Fig. 6e","Endothelial","Tip EC","LUCA",186,431.081981821422,0.431472452673866,0.43,"+",28,2,176281.466303583,156,0
"Supplementary Fig. 6e","Endothelial","Tip EC","OVCA",775,745.879132507574,1.03904234107546,1.04,"++",30,6,176281.466303583,156,0
"Supplementary Fig. 6e","Endothelial","Tip EC","PACA",594,578.391652557476,1.02698577576891,1.03,"++",26,4,176281.466303583,156,0
"Supplementary Fig. 6e","Endothelial","Tip EC","PRCA",806,1393.78508732846,0.578281406027166,0.58,"+",28,2,176281.466303583,156,0
"Supplementary Fig. 6e","Endothelial","Tip EC","SKCA",13,43.6213910176439,0.298018923668477,0.3,"+",5,1,176281.466303583,156,0
"Supplementary Fig. 6e","Endothelial","Tip EC","STCA",1256,980.548220014258,1.28091609812084,1.28,"++",51,4,176281.466303583,156,0
"Supplementary Fig. 6e","Endothelial","Tip EC","THCA",609,509.460523970772,1.1953821176436,1.2,"++",19,2,176281.466303583,156,0
"Supplementary Fig. 6e","Endothelial","Tip EC","UECA",73,420.234951434682,0.173712347701632,0.17,"±",3,1,176281.466303583,156,0
"Supplementary Fig. 6e","Endothelial","Venous EC","BRCA",997,1292.85296738549,0.771162711577489,0.77,"+",53,2,176281.466303583,156,0
"Supplementary Fig. 6e","Endothelial","Venous EC","COCA",243,189.437889859205,1.28274232879496,1.28,"++",25,3,176281.466303583,156,0
"Supplementary Fig. 6e","Endothelial","Venous EC","HNCA",800,792.37854214935,1.00961845563104,1.01,"++",19,3,176281.466303583,156,0
"Supplementary Fig. 6e","Endothelial","Venous EC","KICA",472,431.287827481732,1.094396757627,1.09,"++",13,3,176281.466303583,156,0
"Supplementary Fig. 6e","Endothelial","Venous EC","LICA",388,394.572446979148,0.983342863827754,0.98,"+",33,2,176281.466303583,156,0
"Supplementary Fig. 6e","Endothelial","Venous EC","LUCA",280,248.990910711103,1.12453904120571,1.12,"++",30,2,176281.466303583,156,0
"Supplementary Fig. 6e","Endothelial","Venous EC","OVCA",1069,430.816253787204,2.48133627875614,2.48,"++",28,5,176281.466303583,156,0
"Supplementary Fig. 6e","Endothelial","Venous EC","PACA",315,334.076278738193,0.942898433824024,0.94,"+",22,2,176281.466303583,156,0
"Supplementary Fig. 6e","Endothelial","Venous EC","PRCA",660,805.043664230975,0.819831307697417,0.82,"+",25,2,176281.466303583,156,0
"Supplementary Fig. 6e","Endothelial","Venous EC","SKCA",31,25.1955088219569,1.23037800978977,1.23,"++",7,1,176281.466303583,156,0
"Supplementary Fig. 6e","Endothelial","Venous EC","STCA",337,566.360007128854,0.595027889960684,0.6,"+",37,4,176281.466303583,156,0
"Supplementary Fig. 6e","Endothelial","Venous EC","THCA",446,294.261985385849,1.51565619125143,1.52,"++",20,2,176281.466303583,156,0
"Supplementary Fig. 6e","Endothelial","Venous EC","UECA",10,242.725717340938,0.0411987658726488,0.04,"±",2,1,176281.466303583,156,0
"Supplementary Fig. 6e","Endothelial","Venous iEC","BRCA",2651,2001.69893958296,1.32437498345896,1.32,"++",54,2,176281.466303583,156,0
"Supplementary Fig. 6e","Endothelial","Venous iEC","COCA",304,293.30297629656,1.03647090063152,1.04,"++",39,3,176281.466303583,156,0
"Supplementary Fig. 6e","Endothelial","Venous iEC","HNCA",1648,1226.82418463732,1.34330576511026,1.34,"++",21,3,176281.466303583,156,0
"Supplementary Fig. 6e","Endothelial","Venous iEC","KICA",467,667.754500089111,0.699358821150108,0.7,"+",14,3,176281.466303583,156,0
"Supplementary Fig. 6e","Endothelial","Venous iEC","LICA",196,610.908795223668,0.32083348861959,0.32,"+",22,2,176281.466303583,156,0
"Supplementary Fig. 6e","Endothelial","Venous iEC","LUCA",572,385.507752628765,1.48375745001119,1.48,"++",37,2,176281.466303583,156,0
"Supplementary Fig. 6e","Endothelial","Venous iEC","OVCA",571,667.024371769738,0.856040684817906,0.86,"+",29,5,176281.466303583,156,0
"Supplementary Fig. 6e","Endothelial","Venous iEC","PACA",847,517.243762252718,1.63752578921613,1.64,"++",20,2,176281.466303583,156,0
"Supplementary Fig. 6e","Endothelial","Venous iEC","PRCA",476,1246.43334521476,0.38188965485193,0.38,"+",28,2,176281.466303583,156,0
"Supplementary Fig. 6e","Endothelial","Venous iEC","SKCA",71,39.009713063625,1.82005952938435,1.82,"++",8,1,176281.466303583,156,0
"Supplementary Fig. 6e","Endothelial","Venous iEC","STCA",1295,876.884111566566,1.47682000724869,1.48,"++",47,4,176281.466303583,156,0
"Supplementary Fig. 6e","Endothelial","Venous iEC","THCA",79,455.60007128854,0.173397690164029,0.17,"±",16,2,176281.466303583,156,0
"Supplementary Fig. 6e","Endothelial","Venous iEC","UECA",187,375.807476385671,0.49759520964956,0.5,"+",5,1,176281.466303583,156,0
"Supplementary Fig. 6e","Fibroblast","CXCL14+ mCAF","BRCA",182,917.810924271207,0.198297923011233,0.2,"±",21,2,61217.1278683124,156,0
"Supplementary Fig. 6e","Fibroblast","CXCL14+ mCAF","COCA",859,232.473240460611,3.69504893680674,3.7,"+++",48,3,61217.1278683124,156,0
"Supplementary Fig. 6e","Fibroblast","CXCL14+ mCAF","HNCA",128,241.932204085462,0.529073839027997,0.53,"+",11,2,61217.1278683124,156,0
"Supplementary Fig. 6e","Fibroblast","CXCL14+ mCAF","KICA",27,95.5964727127747,0.282437199133101,0.28,"+",1,1,61217.1278683124,156,0
"Supplementary Fig. 6e","Fibroblast","CXCL14+ mCAF","LICA",17,29.9931283566688,0.566796494111631,0.57,"+",6,2,61217.1278683124,156,0
"Supplementary Fig. 6e","Fibroblast","CXCL14+ mCAF","LUCA",43,103.677660123361,0.414747014437211,0.41,"+",14,2,61217.1278683124,156,0
"Supplementary Fig. 6e","Fibroblast","CXCL14+ mCAF","OVCA",484,1560.62301531462,0.310132552993541,0.31,"+",31,7,61217.1278683124,156,0
"Supplementary Fig. 6e","Fibroblast","CXCL14+ mCAF","PACA",334,367.01838692277,0.910036150505675,0.91,"+",14,4,61217.1278683124,156,0
"Supplementary Fig. 6e","Fibroblast","CXCL14+ mCAF","PRCA",4,73.8435059452614,0.0541686089900054,0.05,"±",4,1,61217.1278683124,156,0
"Supplementary Fig. 6e","Fibroblast","CXCL14+ mCAF","SKCA",9,28.8803091066864,0.31163101360007,0.31,"+",1,1,61217.1278683124,156,0
"Supplementary Fig. 6e","Fibroblast","CXCL14+ mCAF","STCA",2286,307.191104388002,7.44162173756386,7.44,"+++",46,4,61217.1278683124,156,0
"Supplementary Fig. 6e","Fibroblast","CXCL14+ mCAF","THCA",34,192.014312014822,0.177070134216742,0.18,"±",2,2,61217.1278683124,156,0
"Supplementary Fig. 6e","Fibroblast","CXCL14+ mCAF","UECA",112,367.945736297756,0.304392710531004,0.3,"+",6,1,61217.1278683124,156,0
"Supplementary Fig. 6e","Fibroblast","Fibroblast","BRCA",8844,5726.62023030559,1.54436642283298,1.54,"++",77,2,61217.1278683124,156,0
"Supplementary Fig. 6e","Fibroblast","Fibroblast","COCA",688,1450.50132507798,0.474318766970456,0.47,"+",46,3,61217.1278683124,156,0
"Supplementary Fig. 6e","Fibroblast","Fibroblast","HNCA",925,1509.51989962241,0.612777612425896,0.61,"+",14,2,61217.1278683124,156,0
"Supplementary Fig. 6e","Fibroblast","Fibroblast","KICA",154,596.467834611506,0.258186596265168,0.26,"+",13,3,61217.1278683124,156,0
"Supplementary Fig. 6e","Fibroblast","Fibroblast","LICA",117,187.140129928,0.625199950673403,0.63,"+",19,2,61217.1278683124,156,0
"Supplementary Fig. 6e","Fibroblast","Fibroblast","LUCA",193,646.88986608504,0.298350631411234,0.3,"+",30,2,61217.1278683124,156,0
"Supplementary Fig. 6e","Fibroblast","Fibroblast","OVCA",9864,9737.40352728723,1.0130010502654,1.01,"++",61,7,61217.1278683124,156,0
"Supplementary Fig. 6e","Fibroblast","Fibroblast","PACA",1057,2289.98681957832,0.461574709060831,0.46,"+",23,3,61217.1278683124,156,0
"Supplementary Fig. 6e","Fibroblast","Fibroblast","PRCA",532,460.741644972912,1.15466011332941,1.15,"++",29,2,61217.1278683124,156,0
"Supplementary Fig. 6e","Fibroblast","Fibroblast","SKCA",69,180.196768216891,0.38291474748842,0.38,"+",3,1,61217.1278683124,156,0
"Supplementary Fig. 6e","Fibroblast","Fibroblast","STCA",1415,1916.69846853819,0.738248620336811,0.74,"+",51,4,61217.1278683124,156,0
"Supplementary Fig. 6e","Fibroblast","Fibroblast","THCA",704,1198.06053143835,0.58761638625621,0.59,"+",13,2,61217.1278683124,156,0
"Supplementary Fig. 6e","Fibroblast","Fibroblast","UECA",3634,2295.77295433758,1.5829091431424,1.58,"++",6,1,61217.1278683124,156,0
"Supplementary Fig. 6e","Fibroblast","HSP+ tCAF","BRCA",1431,1284.00103191913,1.11448508562423,1.11,"++",45,2,61217.1278683124,156,0
"Supplementary Fig. 6e","Fibroblast","HSP+ tCAF","COCA",185,325.225896479749,0.568835391038794,0.57,"+",29,3,61217.1278683124,156,0
"Supplementary Fig. 6e","Fibroblast","HSP+ tCAF","HNCA",286,338.458817045428,0.845006794317351,0.85,"+",14,2,61217.1278683124,156,0
"Supplementary Fig. 6e","Fibroblast","HSP+ tCAF","KICA",57,133.737751823448,0.426207254293071,0.43,"+",4,2,61217.1278683124,156,0
"Supplementary Fig. 6e","Fibroblast","HSP+ tCAF","LICA",17,41.959848964563,0.405149218109848,0.41,"+",4,1,61217.1278683124,156,0
"Supplementary Fig. 6e","Fibroblast","HSP+ tCAF","LUCA",116,145.043188161073,0.799761791440904,0.8,"+",17,2,61217.1278683124,156,0
"Supplementary Fig. 6e","Fibroblast","HSP+ tCAF","OVCA",2349,2183.28362531954,1.07590235769583,1.08,"++",61,7,61217.1278683124,156,0
"Supplementary Fig. 6e","Fibroblast","HSP+ tCAF","PACA",502,513.452144750111,0.977695789437816,0.98,"+",17,3,61217.1278683124,156,0
"Supplementary Fig. 6e","Fibroblast","HSP+ tCAF","PRCA",24,103.305741222824,0.232320098727461,0.23,"+",9,2,61217.1278683124,156,0
"Supplementary Fig. 6e","Fibroblast","HSP+ tCAF","SKCA",9,40.4030347803654,0.222755544204162,0.22,"+",2,1,61217.1278683124,156,0
"Supplementary Fig. 6e","Fibroblast","HSP+ tCAF","STCA",318,429.754848847299,0.739956747091856,0.74,"+",30,3,61217.1278683124,156,0
"Supplementary Fig. 6e","Fibroblast","HSP+ tCAF","THCA",77,268.624580782851,0.286645398479913,0.29,"+",7,2,61217.1278683124,156,0
"Supplementary Fig. 6e","Fibroblast","HSP+ tCAF","UECA",951,514.749489903609,1.8475006166166,1.85,"++",6,1,61217.1278683124,156,0
"Supplementary Fig. 6e","Fibroblast","IL6+ iCAF","BRCA",1763,1409.5171087502,1.25078297315825,1.25,"++",50,2,61217.1278683124,156,0
"Supplementary Fig. 6e","Fibroblast","IL6+ iCAF","COCA",414,357.017988226741,1.15960543628706,1.16,"++",37,3,61217.1278683124,156,0
"Supplementary Fig. 6e","Fibroblast","IL6+ iCAF","HNCA",335,371.544478059992,0.90164171393205,0.9,"+",11,2,61217.1278683124,156,0
"Supplementary Fig. 6e","Fibroblast","IL6+ iCAF","KICA",63,146.811135345576,0.429122762736666,0.43,"+",2,2,61217.1278683124,156,0
"Supplementary Fig. 6e","Fibroblast","IL6+ iCAF","LICA",12,46.0615868101972,0.260520768627611,0.26,"+",7,2,61217.1278683124,156,0
"Supplementary Fig. 6e","Fibroblast","IL6+ iCAF","LUCA",222,159.221721897793,1.39428212026563,1.39,"++",22,2,61217.1278683124,156,0
"Supplementary Fig. 6e","Fibroblast","IL6+ iCAF","OVCA",2228,2396.70806069561,0.929608422710173,0.93,"+",56,7,61217.1278683124,156,0
"Supplementary Fig. 6e","Fibroblast","IL6+ iCAF","PACA",557,563.644081709233,0.988212274510032,0.99,"+",14,3,61217.1278683124,156,0
"Supplementary Fig. 6e","Fibroblast","IL6+ iCAF","PRCA",54,113.404277773869,0.476172513594923,0.48,"+",11,2,61217.1278683124,156,0
"Supplementary Fig. 6e","Fibroblast","IL6+ iCAF","SKCA",12,44.3525880062853,0.270559183565555,0.27,"+",5,1,61217.1278683124,156,0
"Supplementary Fig. 6e","Fibroblast","IL6+ iCAF","STCA",467,471.765050775112,0.989899525691267,0.99,"+",39,3,61217.1278683124,156,0
"Supplementary Fig. 6e","Fibroblast","IL6+ iCAF","THCA",90,294.883674570229,0.305205095301285,0.31,"+",8,2,61217.1278683124,156,0
"Supplementary Fig. 6e","Fibroblast","IL6+ iCAF","UECA",723,565.06824737916,1.27949146559436,1.28,"++",6,1,61217.1278683124,156,0
"Supplementary Fig. 6e","Fibroblast","ISG15+ mCAF","BRCA",958,1045.96730692559,0.915898607592099,0.92,"+",58,2,61217.1278683124,156,0
"Supplementary Fig. 6e","Fibroblast","ISG15+ mCAF","COCA",131,264.934097891602,0.494462589159056,0.49,"+",33,3,61217.1278683124,156,0
"Supplementary Fig. 6e","Fibroblast","ISG15+ mCAF","HNCA",673,275.713841788034,2.44093657262734,2.44,"++",23,3,61217.1278683124,156,0
"Supplementary Fig. 6e","Fibroblast","ISG15+ mCAF","KICA",143,108.944862684397,1.31259057542032,1.31,"++",5,3,61217.1278683124,156,0
"Supplementary Fig. 6e","Fibroblast","ISG15+ mCAF","LICA",22,34.181148713619,0.643629627088408,0.64,"+",9,2,61217.1278683124,156,0
"Supplementary Fig. 6e","Fibroblast","ISG15+ mCAF","LUCA",88,118.154447805999,0.744787874126325,0.74,"+",27,2,61217.1278683124,156,0
"Supplementary Fig. 6e","Fibroblast","ISG15+ mCAF","OVCA",1938,1778.5369614672,1.08965967083487,1.09,"++",62,7,61217.1278683124,156,0
"Supplementary Fig. 6e","Fibroblast","ISG15+ mCAF","PACA",306,418.266141326016,0.731591610618774,0.73,"+",20,4,61217.1278683124,156,0
"Supplementary Fig. 6e","Fibroblast","ISG15+ mCAF","PRCA",7,84.1544712587068,0.083180369329167,0.08,"±",5,2,61217.1278683124,156,0
"Supplementary Fig. 6e","Fibroblast","ISG15+ mCAF","SKCA",85,32.9129435493328,2.58257058875924,2.58,"++",8,1,61217.1278683124,156,0
"Supplementary Fig. 6e","Fibroblast","ISG15+ mCAF","STCA",183,350.085016065105,0.522730170108074,0.52,"+",24,4,61217.1278683124,156,0
"Supplementary Fig. 6e","Fibroblast","ISG15+ mCAF","THCA",194,218.825781561481,0.886550015339457,0.89,"+",10,2,61217.1278683124,156,0
"Supplementary Fig. 6e","Fibroblast","ISG15+ mCAF","UECA",422,419.322978962921,1.00638415057457,1.01,"++",6,1,61217.1278683124,156,0
"Supplementary Fig. 6e","Fibroblast","PI16+ iCAF","BRCA",1829,2402.88139965759,0.761169486043145,0.76,"+",59,2,61217.1278683124,156,0
"Supplementary Fig. 6e","Fibroblast","PI16+ iCAF","COCA",1305,608.628215952532,2.14416611947183,2.14,"++",32,3,61217.1278683124,156,0
"Supplementary Fig. 6e","Fibroblast","PI16+ iCAF","HNCA",494,633.392322756162,0.779927356634816,0.78,"+",14,2,61217.1278683124,156,0
"Supplementary Fig. 6e","Fibroblast","PI16+ iCAF","KICA",435,250.27702338235,1.73807405139004,1.74,"++",5,3,61217.1278683124,156,0
"Supplementary Fig. 6e","Fibroblast","PI16+ iCAF","LICA",12,78.5237224137527,0.152820060373224,0.15,"±",2,1,61217.1278683124,156,0
"Supplementary Fig. 6e","Fibroblast","PI16+ iCAF","LUCA",571,271.434033396656,2.10364187885599,2.1,"++",30,2,61217.1278683124,156,0
"Supplementary Fig. 6e","Fibroblast","PI16+ iCAF","OVCA",4079,4085.80015361524,0.998335661716294,1,"+",46,7,61217.1278683124,156,0
"Supplementary Fig. 6e","Fibroblast","PI16+ iCAF","PACA",986,960.875090879242,1.02614794509635,1.03,"++",16,2,61217.1278683124,156,0
"Supplementary Fig. 6e","Fibroblast","PI16+ iCAF","PRCA",140,193.326514458594,0.724163472310388,0.72,"+",19,2,61217.1278683124,156,0
"Supplementary Fig. 6e","Fibroblast","PI16+ iCAF","SKCA",82,75.6102980839138,1.08450835505231,1.08,"++",10,1,61217.1278683124,156,0
"Supplementary Fig. 6e","Fibroblast","PI16+ iCAF","STCA",584,804.243849527428,0.726147921856235,0.73,"+",37,4,61217.1278683124,156,0
"Supplementary Fig. 6e","Fibroblast","PI16+ iCAF","THCA",915,502.704431389104,1.82015503120117,1.82,"++",20,2,61217.1278683124,156,0
"Supplementary Fig. 6e","Fibroblast","PI16+ iCAF","UECA",399,963.302944487441,0.414199917360682,0.41,"+",5,1,61217.1278683124,156,0
"Supplementary Fig. 6e","Fibroblast","apCAF","BRCA",535,982.599967166209,0.544473863094994,0.54,"+",46,2,61217.1278683124,156,0
"Supplementary Fig. 6e","Fibroblast","apCAF","COCA",80,248.883721475644,0.321435245044055,0.32,"+",33,3,61217.1278683124,156,0
"Supplementary Fig. 6e","Fibroblast","apCAF","HNCA",347,259.010401275827,1.33971453768171,1.34,"++",13,3,61217.1278683124,156,0
"Supplementary Fig. 6e","Fibroblast","apCAF","KICA",179,102.344707896527,1.74899126372977,1.75,"++",12,3,61217.1278683124,156,0
"Supplementary Fig. 6e","Fibroblast","apCAF","LICA",114,32.1103684420366,3.55025512104555,3.55,"+++",26,2,61217.1278683124,156,0
"Supplementary Fig. 6e","Fibroblast","apCAF","LUCA",99,110.996353103966,0.891921195890739,0.89,"+",30,2,61217.1278683124,156,0
"Supplementary Fig. 6e","Fibroblast","apCAF","OVCA",1585,1670.78870283074,0.948653768914409,0.95,"+",53,7,61217.1278683124,156,0
"Supplementary Fig. 6e","Fibroblast","apCAF","PACA",1021,392.926522667042,2.59845019641287,2.6,"++",21,3,61217.1278683124,156,0
"Supplementary Fig. 6e","Fibroblast","apCAF","PRCA",140,79.056180961092,1.77089252602402,1.77,"++",15,2,61217.1278683124,156,0
"Supplementary Fig. 6e","Fibroblast","apCAF","SKCA",34,30.9189943478975,1.09964766697893,1.1,"++",3,1,61217.1278683124,156,0
"Supplementary Fig. 6e","Fibroblast","apCAF","STCA",377,328.875982082131,1.14632876993082,1.15,"++",39,3,61217.1278683124,156,0
"Supplementary Fig. 6e","Fibroblast","apCAF","THCA",238,205.568763338728,1.15776344681236,1.16,"++",16,2,61217.1278683124,156,0
"Supplementary Fig. 6e","Fibroblast","apCAF","UECA",89,393.919334412158,0.225934581588421,0.23,"+",6,1,61217.1278683124,156,0
"Supplementary Fig. 6e","Fibroblast","cyc mCAF","BRCA",364,650.327634325383,0.559717872634453,0.56,"+",33,2,61217.1278683124,156,0
"Supplementary Fig. 6e","Fibroblast","cyc mCAF","COCA",97,164.722132320176,0.588870473164211,0.59,"+",25,3,61217.1278683124,156,0
"Supplementary Fig. 6e","Fibroblast","cyc mCAF","HNCA",224,171.424411923357,1.30669837210904,1.31,"++",14,2,61217.1278683124,156,0
"Supplementary Fig. 6e","Fibroblast","cyc mCAF","KICA",190,67.7362039447454,2.80499923135623,2.8,"++",7,3,61217.1278683124,156,0
"Supplementary Fig. 6e","Fibroblast","cyc mCAF","LICA",50,21.2520462487394,2.35271462403136,2.35,"++",18,2,61217.1278683124,156,0
"Supplementary Fig. 6e","Fibroblast","cyc mCAF","LUCA",36,73.4622411407397,0.490047668584339,0.49,"+",11,2,61217.1278683124,156,0
"Supplementary Fig. 6e","Fibroblast","cyc mCAF","OVCA",1314,1105.80103895495,1.18827886184825,1.19,"++",51,7,61217.1278683124,156,0
"Supplementary Fig. 6e","Fibroblast","cyc mCAF","PACA",151,260.05595816037,0.580644262366341,0.58,"+",15,3,61217.1278683124,156,0
"Supplementary Fig. 6e","Fibroblast","cyc mCAF","PRCA",16,52.3228382466756,0.305793808901729,0.31,"+",8,2,61217.1278683124,156,0
"Supplementary Fig. 6e","Fibroblast","cyc mCAF","SKCA",56,20.4635427660123,2.73657404489167,2.74,"++",4,1,61217.1278683124,156,0
"Supplementary Fig. 6e","Fibroblast","cyc mCAF","STCA",266,217.664509017566,1.22206418125122,1.22,"++",35,4,61217.1278683124,156,0
"Supplementary Fig. 6e","Fibroblast","cyc mCAF","THCA",369,136.054398555313,2.7121504627429,2.71,"++",9,2,61217.1278683124,156,0
"Supplementary Fig. 6e","Fibroblast","cyc mCAF","UECA",69,260.713044395975,0.264658794345563,0.26,"+",6,1,61217.1278683124,156,0
"Supplementary Fig. 6e","Fibroblast","iCAF","BRCA",4424,5478.63458336265,0.807500469813166,0.81,"+",73,2,61217.1278683124,156,0
"Supplementary Fig. 6e","Fibroblast","iCAF","COCA",2200,1387.6887942963,1.58536986753981,1.59,"++",44,3,61217.1278683124,156,0
"Supplementary Fig. 6e","Fibroblast","iCAF","HNCA",1219,1444.15162761791,0.844094191141625,0.84,"+",17,3,61217.1278683124,156,0
"Supplementary Fig. 6e","Fibroblast","iCAF","KICA",671,570.638382701283,1.17587603698094,1.18,"++",7,3,61217.1278683124,156,0
"Supplementary Fig. 6e","Fibroblast","iCAF","LICA",217,179.036210980558,1.21204531089839,1.21,"++",28,2,61217.1278683124,156,0
"Supplementary Fig. 6e","Fibroblast","iCAF","LUCA",1691,618.876937779967,2.73236874210558,2.73,"++",43,2,61217.1278683124,156,0
"Supplementary Fig. 6e","Fibroblast","iCAF","OVCA",8492,9315.73486127723,0.911575965445168,0.91,"+",52,7,61217.1278683124,156,0
"Supplementary Fig. 6e","Fibroblast","iCAF","PACA",2629,2190.82119655714,1.20000664779556,1.2,"++",27,4,61217.1278683124,156,0
"Supplementary Fig. 6e","Fibroblast","iCAF","PRCA",893,440.789681981285,2.02590949040843,2.03,"++",40,2,61217.1278683124,156,0
"Supplementary Fig. 6e","Fibroblast","iCAF","SKCA",59,172.393524707428,0.342240232631301,0.34,"+",11,1,61217.1278683124,156,0
"Supplementary Fig. 6e","Fibroblast","iCAF","STCA",2066,1833.6977297779,1.12668514905684,1.13,"++",45,4,61217.1278683124,156,0
"Supplementary Fig. 6e","Fibroblast","iCAF","THCA",936,1146.17970050892,0.816625874271198,0.82,"+",17,2,61217.1278683124,156,0
"Supplementary Fig. 6e","Fibroblast","iCAF","UECA",1478,2196.35676845142,0.67293256780049,0.67,"+",6,1,61217.1278683124,156,0
"Supplementary Fig. 6e","Fibroblast","mCAF","BRCA",7890,9846.71591735266,0.801282383509777,0.8,"+",82,2,61217.1278683124,156,0
"Supplementary Fig. 6e","Fibroblast","mCAF","COCA",1608,2494.08445320012,0.64472556169331,0.64,"+",51,3,61217.1278683124,156,0
"Supplementary Fig. 6e","Fibroblast","mCAF","HNCA",3184,2595.56475292572,1.22670798191838,1.23,"++",22,3,61217.1278683124,156,0
"Supplementary Fig. 6e","Fibroblast","mCAF","KICA",1053,1025.60482187669,1.02671124154154,1.03,"++",11,3,61217.1278683124,156,0
"Supplementary Fig. 6e","Fibroblast","mCAF","LICA",265,321.780670278384,0.823542320832197,0.82,"+",33,2,61217.1278683124,156,0
"Supplementary Fig. 6e","Fibroblast","mCAF","LUCA",752,1112.30367738455,0.676074362864857,0.68,"+",42,2,61217.1278683124,156,0
"Supplementary Fig. 6e","Fibroblast","mCAF","OVCA",20405,16743.1124205539,1.2187100873163,1.22,"++",67,7,61217.1278683124,156,0
"Supplementary Fig. 6e","Fibroblast","mCAF","PACA",5116,3937.54933277047,1.29928530861107,1.3,"++",28,4,61217.1278683124,156,0
"Supplementary Fig. 6e","Fibroblast","mCAF","PRCA",99,792.228558362063,0.124963937433262,0.12,"±",22,2,61217.1278683124,156,0
"Supplementary Fig. 6e","Fibroblast","mCAF","SKCA",348,309.841811487136,1.12315377427506,1.12,"++",11,1,61217.1278683124,156,0
"Supplementary Fig. 6e","Fibroblast","mCAF","STCA",2448,3295.69354346959,0.742787509733939,0.74,"+",51,4,61217.1278683124,156,0
"Supplementary Fig. 6e","Fibroblast","mCAF","THCA",2971,2060.02165857548,1.44221784641549,1.44,"++",22,2,61217.1278683124,156,0
"Supplementary Fig. 6e","Fibroblast","mCAF","UECA",2343,3947.49838176318,0.593540458641932,0.59,"+",6,1,61217.1278683124,156,0
"Supplementary Fig. 6e","Fibroblast","myoCAF","BRCA",67,94.8479091911161,0.706394063626608,0.71,"+",16,2,61217.1278683124,156,0
"Supplementary Fig. 6e","Fibroblast","myoCAF","COCA",3,24.0241211097821,0.124874495357854,0.12,"±",3,2,61217.1278683124,156,0
"Supplementary Fig. 6e","Fibroblast","myoCAF","HNCA",50,25.0016241000023,1.99987008043991,2,"++",8,2,61217.1278683124,156,0
"Supplementary Fig. 6e","Fibroblast","myoCAF","KICA",47,9.87907783953657,4.75752906935338,4.76,"+++",6,2,61217.1278683124,156,0
"Supplementary Fig. 6e","Fibroblast","myoCAF","LICA",20,3.09953329111846,6.45258434787872,6.45,"+++",16,2,61217.1278683124,156,0
"Supplementary Fig. 6e","Fibroblast","myoCAF","LUCA",18,10.7141994418256,1.68001352763068,1.68,"++",13,2,61217.1278683124,156,0
"Supplementary Fig. 6e","Fibroblast","myoCAF","OVCA",75,161.27704097188,0.465038294031429,0.47,"+",21,7,61217.1278683124,156,0
"Supplementary Fig. 6e","Fibroblast","myoCAF","PACA",60,37.9282112619902,1.58193592588768,1.58,"++",8,2,61217.1278683124,156,0
"Supplementary Fig. 6e","Fibroblast","myoCAF","PRCA",16,7.63109477239147,2.09668474540329,2.1,"++",14,2,61217.1278683124,156,0
"Supplementary Fig. 6e","Fibroblast","myoCAF","SKCA",0,2.98453293932785,0,0,"−",0,0,61217.1278683124,156,0
"Supplementary Fig. 6e","Fibroblast","myoCAF","STCA",82,31.7455733014376,2.58303730165385,2.58,"++",15,3,61217.1278683124,156,0
"Supplementary Fig. 6e","Fibroblast","myoCAF","THCA",19,19.8430368911091,0.957514724397513,0.96,"+",7,2,61217.1278683124,156,0
"Supplementary Fig. 6e","Fibroblast","myoCAF","UECA",10,38.0240448884824,0.262991484186603,0.26,"+",5,1,61217.1278683124,156,0
"Supplementary Fig. 6e","Fibroblast","pnCAF","BRCA",93,404.576092309857,0.229870231503381,0.23,"+",21,2,61217.1278683124,156,0
"Supplementary Fig. 6e","Fibroblast","pnCAF","COCA",678,102.475480194188,6.6162168619772,6.62,"+++",29,3,61217.1278683124,156,0
"Supplementary Fig. 6e","Fibroblast","pnCAF","HNCA",83,106.645043270246,0.778282772971197,0.78,"+",7,2,61217.1278683124,156,0
"Supplementary Fig. 6e","Fibroblast","pnCAF","KICA",8,42.1394497994794,0.18984585793284,0.19,"±",3,3,61217.1278683124,156,0
"Supplementary Fig. 6e","Fibroblast","pnCAF","LICA",1,13.2211355801027,0.0756364681340202,0.08,"±",1,1,61217.1278683124,156,0
"Supplementary Fig. 6e","Fibroblast","pnCAF","LUCA",15,45.701681559136,0.328215494228383,0.33,"+",6,2,61217.1278683124,156,0
"Supplementary Fig. 6e","Fibroblast","pnCAF","OVCA",305,687.931189755857,0.443358295919455,0.44,"+",22,6,61217.1278683124,156,0
"Supplementary Fig. 6e","Fibroblast","pnCAF","PACA",452,161.783719130374,2.79385343858831,2.79,"++",18,3,61217.1278683124,156,0
"Supplementary Fig. 6e","Fibroblast","pnCAF","PRCA",21,32.5506226693872,0.645148948863268,0.65,"+",5,1,61217.1278683124,156,0
"Supplementary Fig. 6e","Fibroblast","pnCAF","SKCA",197,12.7305987476254,15.4745274676688,15.47,"+++",12,1,61217.1278683124,156,0
"Supplementary Fig. 6e","Fibroblast","pnCAF","STCA",84,135.411524660522,0.620331247363094,0.62,"+",13,2,61217.1278683124,156,0
"Supplementary Fig. 6e","Fibroblast","pnCAF","THCA",22,84.6409624991205,0.25992142988956,0.26,"+",3,2,61217.1278683124,156,0
"Supplementary Fig. 6e","Fibroblast","pnCAF","UECA",33,162.192499824105,0.203461935883521,0.2,"+",5,1,61217.1278683124,156,0
"Supplementary Fig. 6e","Fibroblast","tCAF","BRCA",5250,3491.70290109993,1.50356434917363,1.5,"++",44,2,61217.1278683124,156,0
"Supplementary Fig. 6e","Fibroblast","tCAF","COCA",363,884.416895330566,0.410439920264439,0.41,"+",24,3,61217.1278683124,156,0
"Supplementary Fig. 6e","Fibroblast","tCAF","HNCA",878,920.40240155726,0.953930583530076,0.95,"+",21,2,61217.1278683124,156,0
"Supplementary Fig. 6e","Fibroblast","tCAF","KICA",216,363.685452285466,0.593919824514883,0.59,"+",3,1,61217.1278683124,156,0
"Supplementary Fig. 6e","Fibroblast","tCAF","LICA",29,114.105302657192,0.254151203534556,0.25,"+",6,1,61217.1278683124,156,0
"Supplementary Fig. 6e","Fibroblast","tCAF","LUCA",24,394.429372171017,0.0608473954865462,0.06,"±",10,2,61217.1278683124,156,0
"Supplementary Fig. 6e","Fibroblast","tCAF","OVCA",5315,5937.20532845517,0.895202322636016,0.9,"+",53,7,61217.1278683124,156,0
"Supplementary Fig. 6e","Fibroblast","tCAF","PACA",450,1396.27796149065,0.322285399047324,0.32,"+",12,3,61217.1278683124,156,0
"Supplementary Fig. 6e","Fibroblast","tCAF","PRCA",0,280.928867937803,0,0,"−",0,0,61217.1278683124,156,0
"Supplementary Fig. 6e","Fibroblast","tCAF","SKCA",111,109.871713689345,1.01026912453413,1.01,"++",6,1,61217.1278683124,156,0
"Supplementary Fig. 6e","Fibroblast","tCAF","STCA",636,1168.67215460025,0.544207370301851,0.54,"+",27,4,61217.1278683124,156,0
"Supplementary Fig. 6e","Fibroblast","tCAF","THCA",469,730.495696428153,0.64202979195255,0.64,"+",8,2,61217.1278683124,156,0
"Supplementary Fig. 6e","Fibroblast","tCAF","UECA",3451,1399.80595229719,2.46534170992532,2.47,"++",6,1,61217.1278683124,156,0
"Supplementary Fig. 6e","Fibroblast","vCAF","BRCA",1010,903.796993362884,1.11750759010821,1.12,"++",63,2,61217.1278683124,156,0
"Supplementary Fig. 6e","Fibroblast","vCAF","COCA",163,228.923637984005,0.712027824804133,0.71,"+",43,3,61217.1278683124,156,0
"Supplementary Fig. 6e","Fibroblast","vCAF","HNCA",305,238.238173972185,1.28023143778633,1.28,"++",12,2,61217.1278683124,156,0
"Supplementary Fig. 6e","Fibroblast","vCAF","KICA",365,94.1368230962265,3.87733501083734,3.88,"+++",17,3,61217.1278683124,156,0
"Supplementary Fig. 6e","Fibroblast","vCAF","LICA",239,29.5351673350688,8.09204827887402,8.09,"+++",40,2,61217.1278683124,156,0
"Supplementary Fig. 6e","Fibroblast","vCAF","LUCA",45,102.094619948873,0.440767594046925,0.44,"+",18,2,61217.1278683124,156,0
"Supplementary Fig. 6e","Fibroblast","vCAF","OVCA",468,1536.79407350079,0.304530065589013,0.3,"+",43,7,61217.1278683124,156,0
"Supplementary Fig. 6e","Fibroblast","vCAF","PACA",231,361.414432796266,0.639155437741518,0.64,"+",19,4,61217.1278683124,156,0
"Supplementary Fig. 6e","Fibroblast","vCAF","PRCA",841,72.715999437135,11.5655427486363,11.57,"+++",43,2,61217.1278683124,156,0
"Supplementary Fig. 6e","Fibroblast","vCAF","SKCA",19,28.4393395717536,0.668088650654572,0.67,"+",3,1,61217.1278683124,156,0
"Supplementary Fig. 6e","Fibroblast","vCAF","STCA",382,302.500644949459,1.26280722496913,1.26,"++",41,4,61217.1278683124,156,0
"Supplementary Fig. 6e","Fibroblast","vCAF","THCA",209,189.082471446328,1.10533778409663,1.11,"++",12,2,61217.1278683124,156,0
"Supplementary Fig. 6e","Fibroblast","vCAF","UECA",173,362.327622599029,0.477468426942019,0.48,"+",6,1,61217.1278683124,156,0
"Supplementary Fig. 6e","Mural","Pericyte","BRCA",4058,4968.60428056299,0.816728354857069,0.82,"+",82,2,1740.65817762037,12,0
"Supplementary Fig. 6e","Mural","Pericyte","COCA",550,654.899639409096,0.839823336131708,0.84,"+",47,3,1740.65817762037,12,0
"Supplementary Fig. 6e","Mural","Pericyte","HNCA",1176,868.403419797604,1.35420931469165,1.35,"++",17,3,1740.65817762037,12,0
"Supplementary Fig. 6e","Mural","Pericyte","KICA",2144,1677.39709200884,1.27817081012842,1.28,"++",15,3,1740.65817762037,12,0
"Supplementary Fig. 6e","Mural","Pericyte","LICA",1031,1024.81814586484,1.0060321474206,1.01,"++",45,2,1740.65817762037,12,0
"Supplementary Fig. 6e","Mural","Pericyte","LUCA",334,355.530208212167,0.939441972257619,0.94,"+",38,2,1740.65817762037,12,0
"Supplementary Fig. 6e","Mural","Pericyte","OVCA",2610,2460.39899965104,1.06080355274497,1.06,"++",52,7,1740.65817762037,12,0
"Supplementary Fig. 6e","Mural","Pericyte","PACA",729,1105.11413283704,0.659660372027385,0.66,"+",26,3,1740.65817762037,12,0
"Supplementary Fig. 6e","Mural","Pericyte","PRCA",2537,3019.22193788531,0.840282712630572,0.84,"+",46,2,1740.65817762037,12,0
"Supplementary Fig. 6e","Mural","Pericyte","SKCA",81,59.4097475863673,1.36341262656007,1.36,"++",4,1,1740.65817762037,12,0
"Supplementary Fig. 6e","Mural","Pericyte","STCA",1574,1185.87425846225,1.32729080572255,1.33,"++",51,4,1740.65817762037,12,0
"Supplementary Fig. 6e","Mural","Pericyte","THCA",1887,1420.72841688961,1.32819191730619,1.33,"++",21,2,1740.65817762037,12,0
"Supplementary Fig. 6e","Mural","Pericyte","UECA",1240,1150.59972083285,1.07769885351827,1.08,"++",6,1,1740.65817762037,12,0
"Supplementary Fig. 6e","Mural","SMC","BRCA",6647,5736.39571943701,1.15874153825851,1.16,"++",78,2,1740.65817762037,12,0
"Supplementary Fig. 6e","Mural","SMC","COCA",861,756.100360590904,1.13873771906036,1.14,"++",52,3,1740.65817762037,12,0
"Supplementary Fig. 6e","Mural","SMC","HNCA",695,1002.5965802024,0.693200050472643,0.69,"+",15,2,1740.65817762037,12,0
"Supplementary Fig. 6e","Mural","SMC","KICA",1470,1936.60290799116,0.75906113428531,0.76,"+",19,3,1740.65817762037,12,0
"Supplementary Fig. 6e","Mural","SMC","LICA",1177,1183.18185413516,0.994775229087939,0.99,"+",43,2,1740.65817762037,12,0
"Supplementary Fig. 6e","Mural","SMC","LUCA",432,410.469791787833,1.05245260100235,1.05,"++",37,2,1740.65817762037,12,0
"Supplementary Fig. 6e","Mural","SMC","OVCA",2691,2840.60100034896,0.947334736441133,0.95,"+",53,7,1740.65817762037,12,0
"Supplementary Fig. 6e","Mural","SMC","PACA",1652,1275.88586716296,1.29478665961976,1.29,"++",27,4,1740.65817762037,12,0
"Supplementary Fig. 6e","Mural","SMC","PRCA",3968,3485.77806211469,1.13833982809358,1.14,"++",48,2,1740.65817762037,12,0
"Supplementary Fig. 6e","Mural","SMC","SKCA",47,68.5902524136327,0.685228561582877,0.69,"+",3,1,1740.65817762037,12,0
"Supplementary Fig. 6e","Mural","SMC","STCA",981,1369.12574153775,0.716515634932246,0.72,"+",52,4,1740.65817762037,12,0
"Supplementary Fig. 6e","Mural","SMC","THCA",1174,1640.27158311039,0.715735133186778,0.72,"+",17,2,1740.65817762037,12,0
"Supplementary Fig. 6e","Mural","SMC","UECA",1239,1328.40027916715,0.932700797666799,0.93,"+",6,1,1740.65817762037,12,0
