"category","sample_id","Region","value"
"Epi-Epi","01_034_C1d1","Malignant",0
"Epi-Epi","01_034_C1d1","Boundary",0.523809523809523
"Epi-Epi","01_034_C1d1","Normal",0.404606998417443
"Epi-Epi","01_034_C3d1","Malignant",0.395647793310663
"Epi-Epi","01_034_C3d1","Boundary",0.36231884057971
"Epi-Epi","01_034_C3d1","Normal",0.207792207792207
"Epi-Epi","01_039_C1d1","Malignant",0
"Epi-Epi","01_039_C1d1","Boundary",0.104651162790697
"Epi-Epi","01_039_C1d1","Normal",0.402111105479243
"Epi-Epi","01_039_C3d1","Malignant",0.469877344877344
"Epi-Epi","01_039_C3d1","Boundary",0.25284751990202
"Epi-Epi","01_039_C3d1","Normal",0.17955554324416
"Epi-Epi","1142243F","Malignant",0.471502590673575
"Epi-Epi","1142243F","Boundary",0.461063140852671
"Epi-Epi","1142243F","Normal",0.266861924868893
"Epi-Epi","1160920F","Malignant",0.313886458473549
"Epi-Epi","1160920F","Boundary",0.64041890683747
"Epi-Epi","1160920F","Normal",0.420655272390605
"Epi-Epi","A_955_OvarianTumor","Malignant",0.427272727272727
"Epi-Epi","A_955_OvarianTumor","Boundary",0.553906879162735
"Epi-Epi","A_955_OvarianTumor","Normal",0.385967371483098
"Epi-Epi","A_GTFB1154_OvarianCancerTumor","Malignant",0
"Epi-Epi","A_GTFB1154_OvarianCancerTumor","Boundary",0.351666666666666
"Epi-Epi","A_GTFB1154_OvarianCancerTumor","Normal",0.421347725843638
"Epi-Epi","Ajou_Visium_P1","Malignant",0.489150121908742
"Epi-Epi","Ajou_Visium_P1","Boundary",0.482479784366576
"Epi-Epi","Ajou_Visium_P1","Normal",0.210658674013203
"Epi-Epi","Ajou_Visium_P2","Malignant",0.227468700405572
"Epi-Epi","Ajou_Visium_P2","Boundary",0.499968789013732
"Epi-Epi","Ajou_Visium_P2","Normal",0.442038289035757
"Epi-Epi","Ajou_Visium_P4","Malignant",0.641987693953986
"Epi-Epi","Ajou_Visium_P4","Boundary",0.474106945366069
"Epi-Epi","Ajou_Visium_P4","Normal",0.342381337229181
"Epi-Epi","B_GTFB1191_OvarianCancerTumor","Malignant",0.570867237687366
"Epi-Epi","B_GTFB1191_OvarianCancerTumor","Boundary",0.615384615384615
"Epi-Epi","B_GTFB1191_OvarianCancerTumor","Normal",0.533800780114613
"Epi-Epi","CID4290","Malignant",0.453947368421052
"Epi-Epi","CID4290","Boundary",0.442249041477866
"Epi-Epi","CID4290","Normal",0.23809082784954
"Epi-Epi","CID4465","Malignant",0.303030303030303
"Epi-Epi","CID4465","Boundary",0.473119224147018
"Epi-Epi","CID4465","Normal",0.527683706928989
"Epi-Epi","CID44971","Malignant",0
"Epi-Epi","CID44971","Boundary",0.510948905109489
"Epi-Epi","CID44971","Normal",0.340264451551765
"Epi-Epi","CID4535","Malignant",0.713003220611916
"Epi-Epi","CID4535","Boundary",0.533596837944664
"Epi-Epi","CID4535","Normal",0.332968636032093
"Epi-Epi","C_GTFB1170_SmallCellOvarianCancer","Malignant",0.796116504854368
"Epi-Epi","C_GTFB1170_SmallCellOvarianCancer","Boundary",0.521739130434782
"Epi-Epi","C_GTFB1170_SmallCellOvarianCancer","Normal",0.430508539159725
"Epi-Epi","Colon_10x_Visium_SampleP2_CRC","Malignant",0.263910139647844
"Epi-Epi","Colon_10x_Visium_SampleP2_CRC","Boundary",0.401707646973576
"Epi-Epi","Colon_10x_Visium_SampleP2_CRC","Normal",0.204176404713214
"Epi-Epi","CytAssist_11mm_FFPE_Human_Lung_Cancer_230214","Malignant",0.36163901779019
"Epi-Epi","CytAssist_11mm_FFPE_Human_Lung_Cancer_230214","Boundary",0.548973166715102
"Epi-Epi","CytAssist_11mm_FFPE_Human_Lung_Cancer_230214","Normal",0.386530977734753
"Epi-Epi","CytAssist_11mm_FFPE_Human_Ovarian_Carcinoma_220715","Malignant",0.285902225109631
"Epi-Epi","CytAssist_11mm_FFPE_Human_Ovarian_Carcinoma_220715","Boundary",0.669902912621359
"Epi-Epi","CytAssist_11mm_FFPE_Human_Ovarian_Carcinoma_220715","Normal",0.295633399356803
"Epi-Epi","CytAssist_FFPE_Human_Lung_Squamous_Cell_Carcinoma_220714","Malignant",0.33848174711218
"Epi-Epi","CytAssist_FFPE_Human_Lung_Squamous_Cell_Carcinoma_220714","Boundary",0.540175438596491
"Epi-Epi","CytAssist_FFPE_Human_Lung_Squamous_Cell_Carcinoma_220714","Normal",0.469682758620689
"Epi-Epi","CytAssist_Fresh_Frozen_Human_Breast_Cancer_230107","Malignant",0.373419383554022
"Epi-Epi","CytAssist_Fresh_Frozen_Human_Breast_Cancer_230107","Boundary",0.39504394032291
"Epi-Epi","CytAssist_Fresh_Frozen_Human_Breast_Cancer_230107","Normal",0.48794728602095
"Epi-Epi","D_GTFB1170_SmallCellOvarianCancer","Malignant",0.730242055242055
"Epi-Epi","D_GTFB1170_SmallCellOvarianCancer","Boundary",0.390804597701149
"Epi-Epi","D_GTFB1170_SmallCellOvarianCancer","Normal",0.589996114996115
"Epi-Epi","D_GTFB_1230_OvarianTumor","Malignant",0
"Epi-Epi","D_GTFB_1230_OvarianTumor","Boundary",0.525641025641025
"Epi-Epi","D_GTFB_1230_OvarianTumor","Normal",0.177103669472778
"Epi-Epi","E_MTAB_13530_P10_T1","Malignant",0.294434525641814
"Epi-Epi","E_MTAB_13530_P10_T1","Boundary",0.470078492935635
"Epi-Epi","E_MTAB_13530_P10_T1","Normal",0.517723501614386
"Epi-Epi","E_MTAB_13530_P10_T2","Malignant",0.291497975708502
"Epi-Epi","E_MTAB_13530_P10_T2","Boundary",0.504600063617901
"Epi-Epi","E_MTAB_13530_P10_T2","Normal",0.355670995116073
"Epi-Epi","E_MTAB_13530_P10_T3","Malignant",0.838979096677864
"Epi-Epi","E_MTAB_13530_P10_T3","Boundary",0
"Epi-Epi","E_MTAB_13530_P10_T3","Normal",0.269321057720603
"Epi-Epi","E_MTAB_13530_P10_T4","Malignant",0.155122655122655
"Epi-Epi","E_MTAB_13530_P10_T4","Boundary",0.50638596491228
"Epi-Epi","E_MTAB_13530_P10_T4","Normal",0.388728736377388
"Epi-Epi","E_MTAB_13530_P11_T1","Malignant",0.358395989974937
"Epi-Epi","E_MTAB_13530_P11_T1","Boundary",0.611830357142857
"Epi-Epi","E_MTAB_13530_P11_T1","Normal",0.382568815346214
"Epi-Epi","E_MTAB_13530_P11_T2","Malignant",0.693877551020408
"Epi-Epi","E_MTAB_13530_P11_T2","Boundary",0.46201923076923
"Epi-Epi","E_MTAB_13530_P11_T2","Normal",0.302893956437263
"Epi-Epi","E_MTAB_13530_P11_T3","Malignant",1
"Epi-Epi","E_MTAB_13530_P11_T3","Boundary",0
"Epi-Epi","E_MTAB_13530_P11_T3","Normal",0.32425200793901
"Epi-Epi","E_MTAB_13530_P11_T4","Malignant",1
"Epi-Epi","E_MTAB_13530_P11_T4","Boundary",0
"Epi-Epi","E_MTAB_13530_P11_T4","Normal",0.404652338539649
"Epi-Epi","E_MTAB_13530_P15_T1","Malignant",0.562114223136656
"Epi-Epi","E_MTAB_13530_P15_T1","Boundary",0.464446871710217
"Epi-Epi","E_MTAB_13530_P15_T1","Normal",0.365043848864847
"Epi-Epi","E_MTAB_13530_P15_T2","Malignant",0.476562770263258
"Epi-Epi","E_MTAB_13530_P15_T2","Boundary",0.425323212366989
"Epi-Epi","E_MTAB_13530_P15_T2","Normal",0.344874757992871
"Epi-Epi","E_MTAB_13530_P16_T1","Malignant",0.516646341463414
"Epi-Epi","E_MTAB_13530_P16_T1","Boundary",0.826295297993411
"Epi-Epi","E_MTAB_13530_P16_T1","Normal",0.354682767510458
"Epi-Epi","E_MTAB_13530_P16_T2","Malignant",0
"Epi-Epi","E_MTAB_13530_P16_T2","Boundary",0.565573770491803
"Epi-Epi","E_MTAB_13530_P16_T2","Normal",0.367703361882459
"Epi-Epi","E_MTAB_13530_P17_T1","Malignant",0.424994563126286
"Epi-Epi","E_MTAB_13530_P17_T1","Boundary",0.686567164179104
"Epi-Epi","E_MTAB_13530_P17_T1","Normal",0.484662320002789
"Epi-Epi","E_MTAB_13530_P17_T2","Malignant",0.547915295150318
"Epi-Epi","E_MTAB_13530_P17_T2","Boundary",0.504630098595353
"Epi-Epi","E_MTAB_13530_P17_T2","Normal",0.368511171167717
"Epi-Epi","E_MTAB_13530_P19_T1","Malignant",0.453317348099075
"Epi-Epi","E_MTAB_13530_P19_T1","Boundary",0.456581735744911
"Epi-Epi","E_MTAB_13530_P19_T1","Normal",0.382066195932659
"Epi-Epi","E_MTAB_13530_P19_T2","Malignant",0.44677164960068
"Epi-Epi","E_MTAB_13530_P19_T2","Boundary",0.513736263736263
"Epi-Epi","E_MTAB_13530_P19_T2","Normal",0.502993430086401
"Epi-Epi","E_MTAB_13530_P24_T1","Malignant",0
"Epi-Epi","E_MTAB_13530_P24_T1","Boundary",1
"Epi-Epi","E_MTAB_13530_P24_T1","Normal",0.367536455924059
"Epi-Epi","E_MTAB_13530_P24_T2","Malignant",0.392203691709844
"Epi-Epi","E_MTAB_13530_P24_T2","Boundary",0.697039897039897
"Epi-Epi","E_MTAB_13530_P24_T2","Normal",0.312535010488659
"Epi-Epi","E_MTAB_13530_P25_T1","Malignant",0.51131221719457
"Epi-Epi","E_MTAB_13530_P25_T1","Boundary",0.607333333333333
"Epi-Epi","E_MTAB_13530_P25_T1","Normal",0.482990280160091
"Epi-Epi","E_MTAB_13530_P25_T2","Malignant",0.400853192115328
"Epi-Epi","E_MTAB_13530_P25_T2","Boundary",1
"Epi-Epi","E_MTAB_13530_P25_T2","Normal",0.331330624799155
"Epi-Epi","GSE144239_GSM4565823","Malignant",0.877551020408163
"Epi-Epi","GSE144239_GSM4565823","Boundary",0
"Epi-Epi","GSE144239_GSM4565823","Normal",0.330200323586809
"Epi-Epi","GSE144239_GSM4565825","Malignant",0.231275538425851
"Epi-Epi","GSE144239_GSM4565825","Boundary",0.459748843357567
"Epi-Epi","GSE144239_GSM4565825","Normal",0.169220349089683
"Epi-Epi","GSE144239_GSM4565826","Malignant",0.851851851851851
"Epi-Epi","GSE144239_GSM4565826","Boundary",0
"Epi-Epi","GSE144239_GSM4565826","Normal",0.182524264713983
"Epi-Epi","GSE251950_20_00331_LI_SING","Malignant",0.36920425861351
"Epi-Epi","GSE251950_20_00331_LI_SING","Boundary",0.640181710965994
"Epi-Epi","GSE251950_20_00331_LI_SING","Normal",0.297904238495623
"Epi-Epi","GSE251950_21_00731_LI_SING","Malignant",0.385919641805113
"Epi-Epi","GSE251950_21_00731_LI_SING","Boundary",0.389898145332927
"Epi-Epi","GSE251950_21_00731_LI_SING","Normal",0.141183607279794
"Epi-Epi","GSE251950_21_00732_LI_SING","Malignant",0.155550762151279
"Epi-Epi","GSE251950_21_00732_LI_SING","Boundary",0.355072463768115
"Epi-Epi","GSE251950_21_00732_LI_SING","Normal",0.113582211342309
"Epi-Epi","GSE251950_21_00733_LI_SING","Malignant",0
"Epi-Epi","GSE251950_21_00733_LI_SING","Boundary",0.502347417840375
"Epi-Epi","GSE251950_21_00733_LI_SING","Normal",0.168676962813304
"Epi-Epi","GSE251950_21_00734_LI_SING","Malignant",0.247576502121956
"Epi-Epi","GSE251950_21_00734_LI_SING","Boundary",0.294520547945205
"Epi-Epi","GSE251950_21_00734_LI_SING","Normal",0.161067732540125
"Epi-Epi","GSE251950_21_01251_LI_SING","Malignant",0.570957095709571
"Epi-Epi","GSE251950_21_01251_LI_SING","Boundary",0.491522620130675
"Epi-Epi","GSE251950_21_01251_LI_SING","Normal",0.224623265290431
"Epi-Epi","GSE251950_21_01253_LI_SING","Malignant",0.262867215041128
"Epi-Epi","GSE251950_21_01253_LI_SING","Boundary",0.621621621621621
"Epi-Epi","GSE251950_21_01253_LI_SING","Normal",0.266550376192677
"Epi-Epi","GSE251950_21_01254_LI_SING","Malignant",0.357933579335793
"Epi-Epi","GSE251950_21_01254_LI_SING","Boundary",0.499960493046776
"Epi-Epi","GSE251950_21_01254_LI_SING","Normal",0.197971663161361
"Epi-Epi","GSE251950_21_01675_LI_SING","Malignant",0.422195121951219
"Epi-Epi","GSE251950_21_01675_LI_SING","Boundary",0.393756236088725
"Epi-Epi","GSE251950_21_01675_LI_SING","Normal",0.151521980885659
"Epi-Epi","GSM5494475_HNSCC201125T04","Malignant",0.329411764705882
"Epi-Epi","GSM5494475_HNSCC201125T04","Boundary",0.333333333333333
"Epi-Epi","GSM5494475_HNSCC201125T04","Normal",0.247334392014519
"Epi-Epi","GSM5494476_HNSCC201125T05","Malignant",0.359077040427154
"Epi-Epi","GSM5494476_HNSCC201125T05","Boundary",0.617021276595744
"Epi-Epi","GSM5494476_HNSCC201125T05","Normal",0.208097723647962
"Epi-Epi","GSM5494477_HNSCC201125T07","Malignant",0
"Epi-Epi","GSM5494477_HNSCC201125T07","Boundary",0
"Epi-Epi","GSM5494477_HNSCC201125T07","Normal",0.276040761970933
"Epi-Epi","GSM5494478_HNSCC201125T10","Malignant",1
"Epi-Epi","GSM5494478_HNSCC201125T10","Boundary",0.441649484536082
"Epi-Epi","GSM5494478_HNSCC201125T10","Normal",0.138008112474907
"Epi-Epi","GSM5494480_P210325T3","Malignant",0
"Epi-Epi","GSM5494480_P210325T3","Boundary",0.846153846153846
"Epi-Epi","GSM5494480_P210325T3","Normal",0.151666603140722
"Epi-Epi","GSM5494481_P210325T5","Malignant",0
"Epi-Epi","GSM5494481_P210325T5","Boundary",0.526315789473684
"Epi-Epi","GSM5494481_P210325T5","Normal",0.192874269577109
"Epi-Epi","GSM5494482_P210325T6","Malignant",0
"Epi-Epi","GSM5494482_P210325T6","Boundary",0
"Epi-Epi","GSM5494482_P210325T6","Normal",0.20078375352303
"Epi-Epi","GSM5924030_ffpe_c_2","Malignant",0.312047101449275
"Epi-Epi","GSM5924030_ffpe_c_2","Boundary",0.769736842105263
"Epi-Epi","GSM5924030_ffpe_c_2","Normal",0.290772915772915
"Epi-Epi","GSM5924031_ffpe_c_3","Malignant",0.367001147729135
"Epi-Epi","GSM5924031_ffpe_c_3","Boundary",0.579784858015406
"Epi-Epi","GSM5924031_ffpe_c_3","Normal",0.360233918128654
"Epi-Epi","GSM5924032_ffpe_c_4","Malignant",0.386630111847387
"Epi-Epi","GSM5924032_ffpe_c_4","Boundary",0.756097560975609
"Epi-Epi","GSM5924032_ffpe_c_4","Normal",0.460862014190405
"Epi-Epi","GSM5924033_ffpe_c_7","Malignant",0.257108636137381
"Epi-Epi","GSM5924033_ffpe_c_7","Boundary",0.51706504519616
"Epi-Epi","GSM5924033_ffpe_c_7","Normal",0.389508698326273
"Epi-Epi","GSM5924034_ffpe_c_10","Malignant",1
"Epi-Epi","GSM5924034_ffpe_c_10","Boundary",1
"Epi-Epi","GSM5924034_ffpe_c_10","Normal",0.314714775990528
"Epi-Epi","GSM5924035_ffpe_c_20","Malignant",0.464037122969837
"Epi-Epi","GSM5924035_ffpe_c_20","Boundary",0.600955414012738
"Epi-Epi","GSM5924035_ffpe_c_20","Normal",0.450345792821427
"Epi-Epi","GSM5924036_ffpe_c_21","Malignant",0.461028450026376
"Epi-Epi","GSM5924036_ffpe_c_21","Boundary",0.722906896426364
"Epi-Epi","GSM5924036_ffpe_c_21","Normal",0.318293547989143
"Epi-Epi","GSM5924037_ffpe_c_34","Malignant",0.442868736767819
"Epi-Epi","GSM5924037_ffpe_c_34","Boundary",0.453416149068323
"Epi-Epi","GSM5924037_ffpe_c_34","Normal",0.339451661767037
"Epi-Epi","GSM5924038_ffpe_c_36","Malignant",0.495780515596068
"Epi-Epi","GSM5924038_ffpe_c_36","Boundary",0.357774140752864
"Epi-Epi","GSM5924038_ffpe_c_36","Normal",0.252232123799359
"Epi-Epi","GSM5924039_ffpe_c_39","Malignant",0.342987897585598
"Epi-Epi","GSM5924039_ffpe_c_39","Boundary",0.528609950745059
"Epi-Epi","GSM5924039_ffpe_c_39","Normal",0.328946667486221
"Epi-Epi","GSM5924040_ffpe_c_45","Malignant",0.553356005228252
"Epi-Epi","GSM5924040_ffpe_c_45","Boundary",0.5183468765871
"Epi-Epi","GSM5924040_ffpe_c_45","Normal",0.413656440795925
"Epi-Epi","GSM5924041_ffpe_c_51","Malignant",0.303088803088803
"Epi-Epi","GSM5924041_ffpe_c_51","Boundary",0.412003968253968
"Epi-Epi","GSM5924041_ffpe_c_51","Normal",0.294060655606629
"Epi-Epi","GSM5924042_frozen_a_1","Malignant",0.635502350176263
"Epi-Epi","GSM5924042_frozen_a_1","Boundary",1
"Epi-Epi","GSM5924042_frozen_a_1","Normal",0.390353805073431
"Epi-Epi","GSM5924043_frozen_a_3","Malignant",0.496615640945537
"Epi-Epi","GSM5924043_frozen_a_3","Boundary",0
"Epi-Epi","GSM5924043_frozen_a_3","Normal",0.65806524748222
"Epi-Epi","GSM5924044_frozen_a_15","Malignant",0.655793686983837
"Epi-Epi","GSM5924044_frozen_a_15","Boundary",0.462980604351636
"Epi-Epi","GSM5924044_frozen_a_15","Normal",0.444725508037609
"Epi-Epi","GSM5924045_frozen_a_17","Malignant",1
"Epi-Epi","GSM5924045_frozen_a_17","Boundary",1
"Epi-Epi","GSM5924045_frozen_a_17","Normal",0.592959619300542
"Epi-Epi","GSM5924046_frozen_b_1","Malignant",0.817587641117052
"Epi-Epi","GSM5924046_frozen_b_1","Boundary",1
"Epi-Epi","GSM5924046_frozen_b_1","Normal",0.407500436071864
"Epi-Epi","GSM5924048_frozen_b_13","Malignant",0.21656050955414
"Epi-Epi","GSM5924048_frozen_b_13","Boundary",0.926470588235294
"Epi-Epi","GSM5924048_frozen_b_13","Normal",0.593748013332243
"Epi-Epi","GSM5924049_frozen_b_18","Malignant",0.805961344946042
"Epi-Epi","GSM5924049_frozen_b_18","Boundary",0.722627737226277
"Epi-Epi","GSM5924049_frozen_b_18","Normal",0.56826250213347
"Epi-Epi","GSM5924050_frozen_c_2","Malignant",1
"Epi-Epi","GSM5924050_frozen_c_2","Boundary",1
"Epi-Epi","GSM5924050_frozen_c_2","Normal",0.445073883102052
"Epi-Epi","GSM5924051_frozen_c_5","Malignant",0.46938775510204
"Epi-Epi","GSM5924051_frozen_c_5","Boundary",0.688741721854304
"Epi-Epi","GSM5924051_frozen_c_5","Normal",0.406780626780626
"Epi-Epi","GSM5924052_frozen_c_23","Malignant",0.554373522458628
"Epi-Epi","GSM5924052_frozen_c_23","Boundary",0.571415373244641
"Epi-Epi","GSM5924052_frozen_c_23","Normal",0.506874302606982
"Epi-Epi","GSM6030901_patient_1","Malignant",0.334299628942486
"Epi-Epi","GSM6030901_patient_1","Boundary",0.321052631578947
"Epi-Epi","GSM6030901_patient_1","Normal",0.368860305691725
"Epi-Epi","GSM6030902_patient_2","Malignant",0
"Epi-Epi","GSM6030902_patient_2","Boundary",0.455882352941176
"Epi-Epi","GSM6030902_patient_2","Normal",0.228062394530742
"Epi-Epi","GSM6177599_NYU_BRCA0_Vis","Malignant",0.60958904109589
"Epi-Epi","GSM6177599_NYU_BRCA0_Vis","Boundary",0.463768115942029
"Epi-Epi","GSM6177599_NYU_BRCA0_Vis","Normal",0.392420784459423
"Epi-Epi","GSM6177603_NYU_BRCA2_Vis","Malignant",0.238816148390616
"Epi-Epi","GSM6177603_NYU_BRCA2_Vis","Boundary",0.324727668845315
"Epi-Epi","GSM6177603_NYU_BRCA2_Vis","Normal",0.23701476785409
"Epi-Epi","GSM6177607_NYU_GIST1_Vis","Malignant",0
"Epi-Epi","GSM6177607_NYU_GIST1_Vis","Boundary",0.305309734513274
"Epi-Epi","GSM6177607_NYU_GIST1_Vis","Normal",0.266635367380452
"Epi-Epi","GSM6177612_NYU_LIHC1_Vis","Malignant",0.841269841269841
"Epi-Epi","GSM6177612_NYU_LIHC1_Vis","Boundary",1
"Epi-Epi","GSM6177612_NYU_LIHC1_Vis","Normal",0.481068189452468
"Epi-Epi","GSM6177614_NYU_OVCA1_Vis","Malignant",0.60655737704918
"Epi-Epi","GSM6177614_NYU_OVCA1_Vis","Boundary",0.728519130845536
"Epi-Epi","GSM6177614_NYU_OVCA1_Vis","Normal",0.611654299432562
"Epi-Epi","GSM6177617_NYU_OVCA3_Vis","Malignant",0
"Epi-Epi","GSM6177617_NYU_OVCA3_Vis","Boundary",1
"Epi-Epi","GSM6177617_NYU_OVCA3_Vis","Normal",0.714287918055041
"Epi-Epi","GSM6177618_NYU_PDAC1_Vis","Malignant",0.574074074074074
"Epi-Epi","GSM6177618_NYU_PDAC1_Vis","Boundary",0.428017467008292
"Epi-Epi","GSM6177618_NYU_PDAC1_Vis","Normal",0.399023282935565
"Epi-Epi","GSM6177623_NYU_UCEC3_Vis","Malignant",0.459893923520167
"Epi-Epi","GSM6177623_NYU_UCEC3_Vis","Boundary",0.372685185185185
"Epi-Epi","GSM6177623_NYU_UCEC3_Vis","Normal",0.303708791208791
"Epi-Epi","GSM6339631_s1","Malignant",1
"Epi-Epi","GSM6339631_s1","Boundary",0
"Epi-Epi","GSM6339631_s1","Normal",0.258676751254682
"Epi-Epi","GSM6339632_s2","Malignant",0.321170610211706
"Epi-Epi","GSM6339632_s2","Boundary",0.501497005988023
"Epi-Epi","GSM6339632_s2","Normal",0.193061494783264
"Epi-Epi","GSM6339633_s3","Malignant",0.289175265953205
"Epi-Epi","GSM6339633_s3","Boundary",0
"Epi-Epi","GSM6339633_s3","Normal",0.305577122153209
"Epi-Epi","GSM6339634_s4","Malignant",0
"Epi-Epi","GSM6339634_s4","Boundary",0
"Epi-Epi","GSM6339634_s4","Normal",0.161297111001699
"Epi-Epi","GSM6339635_s5","Malignant",0.474452554744525
"Epi-Epi","GSM6339635_s5","Boundary",0.528690452193778
"Epi-Epi","GSM6339635_s5","Normal",0.0887465051258154
"Epi-Epi","GSM6339636_s6","Malignant",0
"Epi-Epi","GSM6339636_s6","Boundary",0
"Epi-Epi","GSM6339636_s6","Normal",0.155676440814273
"Epi-Epi","GSM6339640_s10","Malignant",0.314229892543145
"Epi-Epi","GSM6339640_s10","Boundary",0.310126582278481
"Epi-Epi","GSM6339640_s10","Normal",0.135165127508261
"Epi-Epi","GSM6339641_s11","Malignant",0
"Epi-Epi","GSM6339641_s11","Boundary",0.545551169146674
"Epi-Epi","GSM6339641_s11","Normal",0.165063804023844
"Epi-Epi","GSM6339642_s12","Malignant",0.225529265255292
"Epi-Epi","GSM6339642_s12","Boundary",0.533509700176366
"Epi-Epi","GSM6339642_s12","Normal",0.21181757080494
"Epi-Epi","GSM6433585_092A","Malignant",0.371840054218908
"Epi-Epi","GSM6433585_092A","Boundary",1
"Epi-Epi","GSM6433585_092A","Normal",0.269997519337888
"Epi-Epi","GSM6433586_092B","Malignant",0
"Epi-Epi","GSM6433586_092B","Boundary",1
"Epi-Epi","GSM6433586_092B","Normal",0.302243868233715
"Epi-Epi","GSM6433587_093A","Malignant",0.403742283950617
"Epi-Epi","GSM6433587_093A","Boundary",1
"Epi-Epi","GSM6433587_093A","Normal",0.343083831030123
"Epi-Epi","GSM6433588_093B","Malignant",0.346850649350649
"Epi-Epi","GSM6433588_093B","Boundary",0.878378378378378
"Epi-Epi","GSM6433588_093B","Normal",0.952380952380952
"Epi-Epi","GSM6433589_093C","Malignant",0.289091305295271
"Epi-Epi","GSM6433589_093C","Boundary",0.481072294467709
"Epi-Epi","GSM6433589_093C","Normal",0.624546095770526
"Epi-Epi","GSM6433590_093D","Malignant",0.298969072164948
"Epi-Epi","GSM6433590_093D","Boundary",0
"Epi-Epi","GSM6433590_093D","Normal",0.332121212121212
"Epi-Epi","GSM6433592_094B","Malignant",0.414213624894869
"Epi-Epi","GSM6433592_094B","Boundary",0.281609195402298
"Epi-Epi","GSM6433592_094B","Normal",0.341226087435911
"Epi-Epi","GSM6433593_094C","Malignant",0.721014492753623
"Epi-Epi","GSM6433593_094C","Boundary",0.615900383141762
"Epi-Epi","GSM6433593_094C","Normal",0.425889181508071
"Epi-Epi","GSM6433594_094D","Malignant",0
"Epi-Epi","GSM6433594_094D","Boundary",0.764705882352941
"Epi-Epi","GSM6433594_094D","Normal",0.379326490185485
"Epi-Epi","GSM6433595_095A","Malignant",0.496240601503759
"Epi-Epi","GSM6433595_095A","Boundary",0
"Epi-Epi","GSM6433595_095A","Normal",0.289428116628489
"Epi-Epi","GSM6433596_095B","Malignant",0.246912550066755
"Epi-Epi","GSM6433596_095B","Boundary",0.603174603174603
"Epi-Epi","GSM6433596_095B","Normal",0.185781799899446
"Epi-Epi","GSM6433597_117B","Malignant",0.195121951219512
"Epi-Epi","GSM6433597_117B","Boundary",0.375
"Epi-Epi","GSM6433597_117B","Normal",0.487463279294962
"Epi-Epi","GSM6433598_117C","Malignant",0.412342009002456
"Epi-Epi","GSM6433598_117C","Boundary",0.568965517241379
"Epi-Epi","GSM6433598_117C","Normal",0.337628865979381
"Epi-Epi","GSM6433599_117D","Malignant",0.432848819286022
"Epi-Epi","GSM6433599_117D","Boundary",0.831775700934579
"Epi-Epi","GSM6433599_117D","Normal",0.519531505594451
"Epi-Epi","GSM6433600_117E","Malignant",0.392006402410319
"Epi-Epi","GSM6433600_117E","Boundary",0
"Epi-Epi","GSM6433600_117E","Normal",0
"Epi-Epi","GSM6433601_118B","Malignant",0.342465753424657
"Epi-Epi","GSM6433601_118B","Boundary",0
"Epi-Epi","GSM6433601_118B","Normal",0.301894940052834
"Epi-Epi","GSM6433602_118C","Malignant",0
"Epi-Epi","GSM6433602_118C","Boundary",0
"Epi-Epi","GSM6433602_118C","Normal",0.253823110085203
"Epi-Epi","GSM6433603_118D","Malignant",0
"Epi-Epi","GSM6433603_118D","Boundary",0.459016393442622
"Epi-Epi","GSM6433603_118D","Normal",0.352394376248929
"Epi-Epi","GSM6433604_118E","Malignant",0.28235294117647
"Epi-Epi","GSM6433604_118E","Boundary",0.35576923076923
"Epi-Epi","GSM6433604_118E","Normal",0.328861644160151
"Epi-Epi","GSM6433605_119B","Malignant",1
"Epi-Epi","GSM6433605_119B","Boundary",1
"Epi-Epi","GSM6433605_119B","Normal",0.521562776304155
"Epi-Epi","GSM6433606_119C","Malignant",0.2
"Epi-Epi","GSM6433606_119C","Boundary",0.529914529914529
"Epi-Epi","GSM6433606_119C","Normal",0.366210526315789
"Epi-Epi","GSM6433607_119D","Malignant",0.387807865892972
"Epi-Epi","GSM6433607_119D","Boundary",1
"Epi-Epi","GSM6433607_119D","Normal",0.183628522607068
"Epi-Epi","GSM6433608_119E","Malignant",0.29701740145819
"Epi-Epi","GSM6433608_119E","Boundary",0.528846153846153
"Epi-Epi","GSM6433608_119E","Normal",0.21491559186822
"Epi-Epi","GSM6433609_120B","Malignant",0.387211221122112
"Epi-Epi","GSM6433609_120B","Boundary",0.55875353996224
"Epi-Epi","GSM6433609_120B","Normal",0.43059826774227
"Epi-Epi","GSM6433610_120C","Malignant",0.349646389941758
"Epi-Epi","GSM6433610_120C","Boundary",0.2
"Epi-Epi","GSM6433610_120C","Normal",0.316417700570044
"Epi-Epi","GSM6433611_120D","Malignant",0.389285714285714
"Epi-Epi","GSM6433611_120D","Boundary",0.544720880024673
"Epi-Epi","GSM6433611_120D","Normal",0.68013845057518
"Epi-Epi","GSM6433613_395A","Malignant",0.305249530485073
"Epi-Epi","GSM6433613_395A","Boundary",0.423728813559322
"Epi-Epi","GSM6433613_395A","Normal",0.345847176079734
"Epi-Epi","GSM6433614_395B","Malignant",0
"Epi-Epi","GSM6433614_395B","Boundary",0
"Epi-Epi","GSM6433614_395B","Normal",0.272971458343366
"Epi-Epi","GSM6433615_395C","Malignant",0.678787878787878
"Epi-Epi","GSM6433615_395C","Boundary",0.235955056179775
"Epi-Epi","GSM6433615_395C","Normal",0.233786499667327
"Epi-Epi","GSM6433616_395D","Malignant",0.188679245283018
"Epi-Epi","GSM6433616_395D","Boundary",0.857520325203251
"Epi-Epi","GSM6433616_395D","Normal",0.371424373040752
"Epi-Epi","GSM6433617_396A","Malignant",0
"Epi-Epi","GSM6433617_396A","Boundary",0
"Epi-Epi","GSM6433617_396A","Normal",0.36949175452825
"Epi-Epi","GSM6433618_396C","Malignant",0
"Epi-Epi","GSM6433618_396C","Boundary",0.470588235294117
"Epi-Epi","GSM6433618_396C","Normal",0.197879913233295
"Epi-Epi","GSM6433619_396D","Malignant",0.430895390070921
"Epi-Epi","GSM6433619_396D","Boundary",1
"Epi-Epi","GSM6433619_396D","Normal",0.325031419233739
"Epi-Epi","GSM6433620_397A","Malignant",0.61
"Epi-Epi","GSM6433620_397A","Boundary",0.714285714285714
"Epi-Epi","GSM6433620_397A","Normal",0.295173597149883
"Epi-Epi","GSM6433621_397B","Malignant",0.284552845528455
"Epi-Epi","GSM6433621_397B","Boundary",0
"Epi-Epi","GSM6433621_397B","Normal",0.346539291392232
"Epi-Epi","GSM6433622_397C","Malignant",0.449377997601918
"Epi-Epi","GSM6433622_397C","Boundary",0.581221318314559
"Epi-Epi","GSM6433622_397C","Normal",0.243933588761174
"Epi-Epi","GSM6433623_397D","Malignant",0.527272727272727
"Epi-Epi","GSM6433623_397D","Boundary",0
"Epi-Epi","GSM6433623_397D","Normal",0.313812134766611
"Epi-Epi","GSM6433624_398A","Malignant",0.290190648631377
"Epi-Epi","GSM6433624_398A","Boundary",0.916666666666666
"Epi-Epi","GSM6433624_398A","Normal",0.607238260380541
"Epi-Epi","GSM6433625_398B","Malignant",0
"Epi-Epi","GSM6433625_398B","Boundary",0.967741935483871
"Epi-Epi","GSM6433625_398B","Normal",0.304418511947099
"Epi-Epi","GSM6433627_398D","Malignant",0
"Epi-Epi","GSM6433627_398D","Boundary",0.755349393984737
"Epi-Epi","GSM6433627_398D","Normal",0.403133685053464
"Epi-Epi","GSM6505133_DonorA","Malignant",0
"Epi-Epi","GSM6505133_DonorA","Boundary",0.448018528049408
"Epi-Epi","GSM6505133_DonorA","Normal",0.239557563423446
"Epi-Epi","GSM6505134_DonorB","Malignant",0.360819785773384
"Epi-Epi","GSM6505134_DonorB","Boundary",0.447674418604651
"Epi-Epi","GSM6505134_DonorB","Normal",0.234640522875816
"Epi-Epi","GSM6505135_DonorC","Malignant",0.380209915086432
"Epi-Epi","GSM6505135_DonorC","Boundary",0.326241134751773
"Epi-Epi","GSM6505135_DonorC","Normal",0.445884652981427
"Epi-Epi","GSM6506110_SP1","Malignant",0.665147443847319
"Epi-Epi","GSM6506110_SP1","Boundary",0.800995024875621
"Epi-Epi","GSM6506110_SP1","Normal",0.739428231089934
"Epi-Epi","GSM6506111_SP2","Malignant",0
"Epi-Epi","GSM6506111_SP2","Boundary",0
"Epi-Epi","GSM6506111_SP2","Normal",0.651316112898227
"Epi-Epi","GSM6506112_SP3","Malignant",0
"Epi-Epi","GSM6506112_SP3","Boundary",0.672131147540983
"Epi-Epi","GSM6506112_SP3","Normal",0.71407145264577
"Epi-Epi","GSM6506113_SP4","Malignant",0.450777202072538
"Epi-Epi","GSM6506113_SP4","Boundary",0.642105263157894
"Epi-Epi","GSM6506113_SP4","Normal",0.457202422839404
"Epi-Epi","GSM6506114_SP5","Malignant",0
"Epi-Epi","GSM6506114_SP5","Boundary",0
"Epi-Epi","GSM6506114_SP5","Normal",0.487168451636675
"Epi-Epi","GSM6506115_SP6","Malignant",0
"Epi-Epi","GSM6506115_SP6","Boundary",0.765306122448979
"Epi-Epi","GSM6506115_SP6","Normal",0.492290980685019
"Epi-Epi","GSM6506116_SP7","Malignant",0.869975849577367
"Epi-Epi","GSM6506116_SP7","Boundary",0.876836911301506
"Epi-Epi","GSM6506116_SP7","Normal",0.670131384858152
"Epi-Epi","GSM6506117_SP8","Malignant",0.297385620915032
"Epi-Epi","GSM6506117_SP8","Boundary",0.736263736263736
"Epi-Epi","GSM6506117_SP8","Normal",0.688784067085953
"Epi-Epi","GSM6833484_Patient1","Malignant",0.285973929714763
"Epi-Epi","GSM6833484_Patient1","Boundary",0.398116693485905
"Epi-Epi","GSM6833484_Patient1","Normal",0.10424152159299
"Epi-Epi","GSM6833485_Patient2","Malignant",0.304347826086956
"Epi-Epi","GSM6833485_Patient2","Boundary",0.386977091633466
"Epi-Epi","GSM6833485_Patient2","Normal",0.132894661173061
"Epi-Epi","GSM6833486_Patient3","Malignant",0
"Epi-Epi","GSM6833486_Patient3","Boundary",0.661016949152542
"Epi-Epi","GSM6833486_Patient3","Normal",0.128189708908965
"Epi-Epi","GSM6833487_Patient4","Malignant",0.345938219895287
"Epi-Epi","GSM6833487_Patient4","Boundary",0.441999260901699
"Epi-Epi","GSM6833487_Patient4","Normal",0.11275366019254
"Epi-Epi","GSM7019835_OCCR2v","Malignant",0.936
"Epi-Epi","GSM7019835_OCCR2v","Boundary",0.675135247607157
"Epi-Epi","GSM7019835_OCCR2v","Normal",0.684351026332158
"Epi-Epi","GSM7019836_OCCS3v","Malignant",1
"Epi-Epi","GSM7019836_OCCS3v","Boundary",0.991452991452991
"Epi-Epi","GSM7019836_OCCS3v","Normal",0.702267716535433
"Epi-Epi","GSM7058756","Malignant",0.499259381171823
"Epi-Epi","GSM7058756","Boundary",0.449237532628108
"Epi-Epi","GSM7058756","Normal",0.204620863739555
"Epi-Epi","GSM7058757","Malignant",0.527210884353741
"Epi-Epi","GSM7058757","Boundary",0.381944444444444
"Epi-Epi","GSM7058757","Normal",0.349131176959775
"Epi-Epi","GSM7058758","Malignant",0
"Epi-Epi","GSM7058758","Boundary",1
"Epi-Epi","GSM7058758","Normal",0.198352565325195
"Epi-Epi","GSM7058759","Malignant",0.724358974358974
"Epi-Epi","GSM7058759","Boundary",0.287878787878787
"Epi-Epi","GSM7058759","Normal",0.293157491484794
"Epi-Epi","GSM7090086_NextSeq2000","Malignant",0.500429999672545
"Epi-Epi","GSM7090086_NextSeq2000","Boundary",0.436619718309859
"Epi-Epi","GSM7090086_NextSeq2000","Normal",0.89272030651341
"Epi-Epi","GSM7090087_NextSeq2000","Malignant",1
"Epi-Epi","GSM7090087_NextSeq2000","Boundary",0.985714285714285
"Epi-Epi","GSM7090087_NextSeq2000","Normal",0.551445724087233
"Epi-Epi","GSM7090088_NextSeq2000","Malignant",0.606060606060606
"Epi-Epi","GSM7090088_NextSeq2000","Boundary",1
"Epi-Epi","GSM7090088_NextSeq2000","Normal",0.596477398849762
"Epi-Epi","GSM7211257_EHU-W3","Malignant",0.352070652822532
"Epi-Epi","GSM7211257_EHU-W3","Boundary",0.555214295686165
"Epi-Epi","GSM7211257_EHU-W3","Normal",0.157850215875837
"Epi-Epi","GSM7421790_PDAC_1","Malignant",0
"Epi-Epi","GSM7421790_PDAC_1","Boundary",1
"Epi-Epi","GSM7421790_PDAC_1","Normal",0.453542047607827
"Epi-Epi","GSM7421791_PDAC_2","Malignant",0.647887323943662
"Epi-Epi","GSM7421791_PDAC_2","Boundary",0
"Epi-Epi","GSM7421791_PDAC_2","Normal",0.295794163995
"Epi-Epi","GSM7421792_PDAC_3","Malignant",0.611111111111111
"Epi-Epi","GSM7421792_PDAC_3","Boundary",0
"Epi-Epi","GSM7421792_PDAC_3","Normal",0.298773006134969
"Epi-Epi","GSM7498811_SS1905133","Malignant",0.601656626506024
"Epi-Epi","GSM7498811_SS1905133","Boundary",0.420265780730897
"Epi-Epi","GSM7498811_SS1905133","Normal",0.203048043117877
"Epi-Epi","GSM7498812_SS1923404","Malignant",0.353577082921036
"Epi-Epi","GSM7498812_SS1923404","Boundary",0
"Epi-Epi","GSM7498812_SS1923404","Normal",0.377566252519142
"Epi-Epi","GSM7498813_SS1945070","Malignant",0
"Epi-Epi","GSM7498813_SS1945070","Boundary",0
"Epi-Epi","GSM7498813_SS1945070","Normal",0.162922885282544
"Epi-Epi","GSM7498814_SS1960050","Malignant",0
"Epi-Epi","GSM7498814_SS1960050","Boundary",0.505376344086021
"Epi-Epi","GSM7498814_SS1960050","Normal",0.388492590779463
"Epi-Epi","GSM7498815_SS2002154","Malignant",0.324585463643568
"Epi-Epi","GSM7498815_SS2002154","Boundary",0.394495412844036
"Epi-Epi","GSM7498815_SS2002154","Normal",0.390130288046464
"Epi-Epi","GSM7498816_SS2005094","Malignant",0
"Epi-Epi","GSM7498816_SS2005094","Boundary",0.391304347826087
"Epi-Epi","GSM7498816_SS2005094","Normal",0.350205780636276
"Epi-Epi","GSM7498817_SS2021309","Malignant",0.347368421052631
"Epi-Epi","GSM7498817_SS2021309","Boundary",0
"Epi-Epi","GSM7498817_SS2021309","Normal",0.468254457121918
"Epi-Epi","GSM7757970_R1-S1","Malignant",0.357627561007438
"Epi-Epi","GSM7757970_R1-S1","Boundary",0
"Epi-Epi","GSM7757970_R1-S1","Normal",0.329295983746035
"Epi-Epi","GSM7757973_R1-S4","Malignant",0.228868602972829
"Epi-Epi","GSM7757973_R1-S4","Boundary",0.479650474934928
"Epi-Epi","GSM7757973_R1-S4","Normal",0.503823448519733
"Epi-Epi","GSM7757974_R1-S5","Malignant",0.431900519342786
"Epi-Epi","GSM7757974_R1-S5","Boundary",1
"Epi-Epi","GSM7757974_R1-S5","Normal",0.327136783622318
"Epi-Epi","GSM7757975_R1-S6","Malignant",0.219411750590888
"Epi-Epi","GSM7757975_R1-S6","Boundary",0.415584415584415
"Epi-Epi","GSM7757975_R1-S6","Normal",0.26700074750177
"Epi-Epi","GSM7757976_R2-S1","Malignant",0.404075700414373
"Epi-Epi","GSM7757976_R2-S1","Boundary",0.489927702924745
"Epi-Epi","GSM7757976_R2-S1","Normal",0.32127799793998
"Epi-Epi","GSM7757977_R2-S2","Malignant",0.336206896551724
"Epi-Epi","GSM7757977_R2-S2","Boundary",0.390143692996041
"Epi-Epi","GSM7757977_R2-S2","Normal",0.371990265086929
"Epi-Epi","GSM7757978_R2-S3","Malignant",0.631496892301083
"Epi-Epi","GSM7757978_R2-S3","Boundary",0.440137998729718
"Epi-Epi","GSM7757978_R2-S3","Normal",0.607113413316568
"Epi-Epi","GSM7757979_R2-S4","Malignant",0.365873015873015
"Epi-Epi","GSM7757979_R2-S4","Boundary",1
"Epi-Epi","GSM7757979_R2-S4","Normal",0.362484088016002
"Epi-Epi","GSM7757980_R2-S5","Malignant",0.251798561151079
"Epi-Epi","GSM7757980_R2-S5","Boundary",1
"Epi-Epi","GSM7757980_R2-S5","Normal",0.297684676280234
"Epi-Epi","GSM7757982_R3-S2","Malignant",0.458404802744425
"Epi-Epi","GSM7757982_R3-S2","Boundary",1
"Epi-Epi","GSM7757982_R3-S2","Normal",0.293933419521654
"Epi-Epi","GSM7757983_R3-S3","Malignant",0.512032770097286
"Epi-Epi","GSM7757983_R3-S3","Boundary",0
"Epi-Epi","GSM7757983_R3-S3","Normal",0.273334072104018
"Epi-Epi","GSM7757984_R3-S4","Malignant",0.474255777516647
"Epi-Epi","GSM7757984_R3-S4","Boundary",0.409322439491316
"Epi-Epi","GSM7757984_R3-S4","Normal",0.436067072129019
"Epi-Epi","GSM7757985_R3-S5","Malignant",0.281520953757225
"Epi-Epi","GSM7757985_R3-S5","Boundary",0.428523035230352
"Epi-Epi","GSM7757985_R3-S5","Normal",0.281772215448612
"Epi-Epi","GSM7777521_B1","Malignant",1
"Epi-Epi","GSM7777521_B1","Boundary",0
"Epi-Epi","GSM7777521_B1","Normal",0.299257617907743
"Epi-Epi","GSM7777522_C1","Malignant",0.292291883325905
"Epi-Epi","GSM7777522_C1","Boundary",0.720930232558139
"Epi-Epi","GSM7777522_C1","Normal",0.666666666666666
"Epi-Epi","GSM7777523_D1","Malignant",0
"Epi-Epi","GSM7777523_D1","Boundary",0
"Epi-Epi","GSM7777523_D1","Normal",0.198495559449906
"Epi-Epi","GSM7850822_CHC20","Malignant",0
"Epi-Epi","GSM7850822_CHC20","Boundary",0
"Epi-Epi","GSM7850822_CHC20","Normal",0.571767413461086
"Epi-Epi","HCC1R","Malignant",0.778444373222226
"Epi-Epi","HCC1R","Boundary",0.324324324324324
"Epi-Epi","HCC1R","Normal",0.376497478889496
"Epi-Epi","HCC3R","Malignant",0.492277877161598
"Epi-Epi","HCC3R","Boundary",0.545454545454545
"Epi-Epi","HCC3R","Normal",0.650174273243495
"Epi-Epi","HCC4R","Malignant",0.822923976608187
"Epi-Epi","HCC4R","Boundary",1
"Epi-Epi","HCC4R","Normal",0.509408113788138
"Epi-Epi","HCC6NR","Malignant",1
"Epi-Epi","HCC6NR","Boundary",0.792700825736241
"Epi-Epi","HCC6NR","Normal",0.711688679828384
"Epi-Epi","HCC7NR","Malignant",0.718600027423556
"Epi-Epi","HCC7NR","Boundary",0.705775415696002
"Epi-Epi","HCC7NR","Normal",0.525382327952421
"Epi-Epi","HRA000437_HCC-1T","Malignant",0.463576158940397
"Epi-Epi","HRA000437_HCC-1T","Boundary",1
"Epi-Epi","HRA000437_HCC-1T","Normal",0.404230317273795
"Epi-Epi","HRA000437_HCC-2T","Malignant",0.517119273224577
"Epi-Epi","HRA000437_HCC-2T","Boundary",0.760090497737556
"Epi-Epi","HRA000437_HCC-2T","Normal",0.689855187357962
"Epi-Epi","HRA000437_HCC-3T","Malignant",1
"Epi-Epi","HRA000437_HCC-3T","Boundary",0.832762557077625
"Epi-Epi","HRA000437_HCC-3T","Normal",0.48440008192934
"Epi-Epi","HRA000437_HCC-4T","Malignant",0.572130559540889
"Epi-Epi","HRA000437_HCC-4T","Boundary",0.503164556962025
"Epi-Epi","HRA000437_HCC-4T","Normal",0.497639034627492
"Epi-Epi","Parent_Visium_Human_BreastCancer_201027","Malignant",0.43513782324524
"Epi-Epi","Parent_Visium_Human_BreastCancer_201027","Boundary",0.500021992135612
"Epi-Epi","Parent_Visium_Human_BreastCancer_201027","Normal",0.259546020269068
"Epi-Epi","Parent_Visium_Human_ColorectalCancer_201027","Malignant",0.505084745762711
"Epi-Epi","Parent_Visium_Human_ColorectalCancer_201027","Boundary",0.506493506493506
"Epi-Epi","Parent_Visium_Human_ColorectalCancer_201027","Normal",0.22111355822948
"Epi-Epi","Parent_Visium_Human_OvarianCancer_201027","Malignant",0.579787283322678
"Epi-Epi","Parent_Visium_Human_OvarianCancer_201027","Boundary",0.767673437611712
"Epi-Epi","Parent_Visium_Human_OvarianCancer_201027","Normal",0.650340544871794
"Epi-Epi","S16_43398","Malignant",0.371490917669261
"Epi-Epi","S16_43398","Boundary",0.429278507519512
"Epi-Epi","S16_43398","Normal",0.232603225851572
"Epi-Epi","S20_47598","Malignant",0.347394540942928
"Epi-Epi","S20_47598","Boundary",0.551724419078679
"Epi-Epi","S20_47598","Normal",0.118835159121258
"Epi-Epi","S20_61122","Malignant",0.438877755511022
"Epi-Epi","S20_61122","Boundary",0.619756864849046
"Epi-Epi","S20_61122","Normal",0.237413210559536
"Epi-Epi","S20_63981","Malignant",0.447438531167747
"Epi-Epi","S20_63981","Boundary",0.441897929375375
"Epi-Epi","S20_63981","Normal",0.173225234837947
"Epi-Epi","S21_10267","Malignant",0.179082967761071
"Epi-Epi","S21_10267","Boundary",0.473634117018434
"Epi-Epi","S21_10267","Normal",0.192773538595114
"Epi-Epi","SN048_A121573_Rep1","Malignant",0.31624076010282
"Epi-Epi","SN048_A121573_Rep1","Boundary",0.395
"Epi-Epi","SN048_A121573_Rep1","Normal",0.256001661359545
"Epi-Epi","SN048_A121573_Rep2","Malignant",0.49063670411985
"Epi-Epi","SN048_A121573_Rep2","Boundary",0.535353535353535
"Epi-Epi","SN048_A121573_Rep2","Normal",0.136741956569104
"Epi-Epi","SN048_A416371_Rep1","Malignant",0.52127659574468
"Epi-Epi","SN048_A416371_Rep1","Boundary",0
"Epi-Epi","SN048_A416371_Rep1","Normal",0.234550301929319
"Epi-Epi","SN048_A416371_Rep2","Malignant",0.571428571428571
"Epi-Epi","SN048_A416371_Rep2","Boundary",0
"Epi-Epi","SN048_A416371_Rep2","Normal",0.227356209606174
"Epi-Epi","SN123_A551763_Rep1","Malignant",0
"Epi-Epi","SN123_A551763_Rep1","Boundary",0.764705882352941
"Epi-Epi","SN123_A551763_Rep1","Normal",0.198939929328621
"Epi-Epi","SN123_A595688_Rep1","Malignant",0.398009950248756
"Epi-Epi","SN123_A595688_Rep1","Boundary",0.48728722258134
"Epi-Epi","SN123_A595688_Rep1","Normal",0.381787215978006
"Epi-Epi","SN123_A938797_Rep1_X","Malignant",0
"Epi-Epi","SN123_A938797_Rep1_X","Boundary",0.471264367816091
"Epi-Epi","SN123_A938797_Rep1_X","Normal",0.372112062490611
"Epi-Epi","SN124_A595688_Rep2","Malignant",0.297709923664122
"Epi-Epi","SN124_A595688_Rep2","Boundary",0
"Epi-Epi","SN124_A595688_Rep2","Normal",0.78235294117647
"Epi-Epi","SN124_A938797_Rep2","Malignant",0.569892473118279
"Epi-Epi","SN124_A938797_Rep2","Boundary",0.494259906759906
"Epi-Epi","SN124_A938797_Rep2","Normal",0.36552080441689
"Epi-Epi","SN84_A120838_Rep1","Malignant",0.651162790697674
"Epi-Epi","SN84_A120838_Rep1","Boundary",1
"Epi-Epi","SN84_A120838_Rep1","Normal",0.402843601895734
"Epi-Epi","SN84_A120838_Rep2","Malignant",0.45679012345679
"Epi-Epi","SN84_A120838_Rep2","Boundary",0.36231884057971
"Epi-Epi","SN84_A120838_Rep2","Normal",0.472977680680207
"Epi-Epi","V10F24-015_A1","Malignant",0
"Epi-Epi","V10F24-015_A1","Boundary",0
"Epi-Epi","V10F24-015_A1","Normal",0.0890446757974789
"Epi-Epi","V10F24-015_B1","Malignant",0.598301963993453
"Epi-Epi","V10F24-015_B1","Boundary",0.478835868293498
"Epi-Epi","V10F24-015_B1","Normal",0.195521528897075
"Epi-Epi","V10F24-015_C1","Malignant",0.345084005888025
"Epi-Epi","V10F24-015_C1","Boundary",0.420814479638009
"Epi-Epi","V10F24-015_C1","Normal",0.170142246782817
"Epi-Epi","V10F24-015_D1","Malignant",0
"Epi-Epi","V10F24-015_D1","Boundary",0.565656565656565
"Epi-Epi","V10F24-015_D1","Normal",0.16352373177959
"Epi-Epi","V11A20-405_C1","Malignant",0.180001024668903
"Epi-Epi","V11A20-405_C1","Boundary",0.5
"Epi-Epi","V11A20-405_C1","Normal",0.0744595040960345
"Epi-Epi","V11A20-405_D1","Malignant",0.352829908436429
"Epi-Epi","V11A20-405_D1","Boundary",0.36210407239819
"Epi-Epi","V11A20-405_D1","Normal",0.0765465690473937
"Epi-Epi","V11M22-349_C1","Malignant",0.263126681340181
"Epi-Epi","V11M22-349_C1","Boundary",0.478269910584321
"Epi-Epi","V11M22-349_C1","Normal",0.065697052255715
"Epi-Epi","V11M22-349_D1","Malignant",0.545454545454545
"Epi-Epi","V11M22-349_D1","Boundary",0.458052241875771
"Epi-Epi","V11M22-349_D1","Normal",0.247294871172788
"Epi-Epi","V1_Breast_Cancer_Block_A_Section_2_200623","Malignant",0.597222222222222
"Epi-Epi","V1_Breast_Cancer_Block_A_Section_2_200623","Boundary",0.537453183520599
"Epi-Epi","V1_Breast_Cancer_Block_A_Section_2_200623","Normal",0.24430925271488
"Epi-Epi","V1_Human_Invasive_Ductal_Carcinoma_210511","Malignant",0.464934393381164
"Epi-Epi","V1_Human_Invasive_Ductal_Carcinoma_210511","Boundary",0.4921875
"Epi-Epi","V1_Human_Invasive_Ductal_Carcinoma_210511","Normal",0.236191891044769
"Epi-Epi","Visium_FFPE_Human_Breast_Cancer_210609","Malignant",0.537394334074167
"Epi-Epi","Visium_FFPE_Human_Breast_Cancer_210609","Boundary",0.601488375964045
"Epi-Epi","Visium_FFPE_Human_Breast_Cancer_210609","Normal",0.476024772767777
"Epi-Epi","Visium_FFPE_Human_Intestinal_Cancer_220329","Malignant",0.401304665483769
"Epi-Epi","Visium_FFPE_Human_Intestinal_Cancer_220329","Boundary",0.474227606675424
"Epi-Epi","Visium_FFPE_Human_Intestinal_Cancer_220329","Normal",0.271812072395555
"Epi-Epi","Visium_FFPE_Human_Ovarian_Cancer_220329","Malignant",0.673710872523816
"Epi-Epi","Visium_FFPE_Human_Ovarian_Cancer_220329","Boundary",0.418336567760517
"Epi-Epi","Visium_FFPE_Human_Ovarian_Cancer_220329","Normal",0.234023151897827
"Epi-Epi","Visium_FFPE_Human_Prostate_Acinar_Cell_Carcinoma_211009","Malignant",0.288018433179723
"Epi-Epi","Visium_FFPE_Human_Prostate_Acinar_Cell_Carcinoma_211009","Boundary",0.492125496031746
"Epi-Epi","Visium_FFPE_Human_Prostate_Acinar_Cell_Carcinoma_211009","Normal",0.0885432467050931
"Epi-Epi","Visium_FFPE_Human_Prostate_Cancer_210609","Malignant",0.284376430205949
"Epi-Epi","Visium_FFPE_Human_Prostate_Cancer_210609","Boundary",0.481686878321297
"Epi-Epi","Visium_FFPE_Human_Prostate_Cancer_210609","Normal",0.0694680479571644
"Epi-Epi","Visium_FFPE_Human_Prostate_IF_220713","Malignant",0.5
"Epi-Epi","Visium_FFPE_Human_Prostate_IF_220713","Boundary",0
"Epi-Epi","Visium_FFPE_Human_Prostate_IF_220713","Normal",0.178689698657297
"Epi-Epi","Visium_Human_Breast_Cancer_220702","Malignant",0.473301051484898
"Epi-Epi","Visium_Human_Breast_Cancer_220702","Boundary",0.427127614398805
"Epi-Epi","Visium_Human_Breast_Cancer_220702","Normal",0.241964191679831
"Epi-Epi","WSSKNKCLsp12140270","Malignant",0.43103448275862
"Epi-Epi","WSSKNKCLsp12140270","Boundary",0
"Epi-Epi","WSSKNKCLsp12140270","Normal",0.196776871723133
"Epi-Epi","WSSKNKCLsp12140271","Malignant",0.331804281345565
"Epi-Epi","WSSKNKCLsp12140271","Boundary",0.503497187576424
"Epi-Epi","WSSKNKCLsp12140271","Normal",0.258426680443682
"Epi-Epi","WSSKNKCLsp12140272","Malignant",0
"Epi-Epi","WSSKNKCLsp12140272","Boundary",0.488372093023255
"Epi-Epi","WSSKNKCLsp12140272","Normal",0.181626354845677
"Epi-Epi","WSSKNKCLsp12140273","Malignant",0
"Epi-Epi","WSSKNKCLsp12140273","Boundary",0.906976744186046
"Epi-Epi","WSSKNKCLsp12140273","Normal",0.261492960433958
"Epi-Epi","WSSKNKCLsp12887267","Malignant",0.375
"Epi-Epi","WSSKNKCLsp12887267","Boundary",0.0714285714285714
"Epi-Epi","WSSKNKCLsp12887267","Normal",0.217383864860929
"Epi-Epi","WSSKNKCLsp12887268","Malignant",0
"Epi-Epi","WSSKNKCLsp12887268","Boundary",0
"Epi-Epi","WSSKNKCLsp12887268","Normal",0.230092233149298
"Epi-Epi","WSSKNKCLsp12887269","Malignant",0.525773195876288
"Epi-Epi","WSSKNKCLsp12887269","Boundary",0.461538461538461
"Epi-Epi","WSSKNKCLsp12887269","Normal",0.20856641355363
"Epi-Epi","Zenodo10119273_Tumor2","Malignant",0.421348314606741
"Epi-Epi","Zenodo10119273_Tumor2","Boundary",0.654440789473684
"Epi-Epi","Zenodo10119273_Tumor2","Normal",0.41897829469631
"Epi-Epi","scCRLM_Atlas_ST-colon1","Malignant",0.305084745762711
"Epi-Epi","scCRLM_Atlas_ST-colon1","Boundary",0.471969696969697
"Epi-Epi","scCRLM_Atlas_ST-colon1","Normal",0.293053294995693
"Epi-Epi","scCRLM_Atlas_ST-colon2","Malignant",0
"Epi-Epi","scCRLM_Atlas_ST-colon2","Boundary",0.712765957446808
"Epi-Epi","scCRLM_Atlas_ST-colon2","Normal",0.334071211605896
"Epi-Epi","scCRLM_Atlas_ST-colon3","Malignant",0.572115384615384
"Epi-Epi","scCRLM_Atlas_ST-colon3","Boundary",0.47457627118644
"Epi-Epi","scCRLM_Atlas_ST-colon3","Normal",0.312160237050544
"Epi-Epi","scCRLM_Atlas_ST-colon4","Malignant",0.315434587279247
"Epi-Epi","scCRLM_Atlas_ST-colon4","Boundary",0.435647058823529
"Epi-Epi","scCRLM_Atlas_ST-colon4","Normal",0.206785890965388
"Epi-TME","01_034_C1d1","Malignant",0
"Epi-TME","01_034_C1d1","Boundary",0.261904761904761
"Epi-TME","01_034_C1d1","Normal",0.298011695906432
"Epi-TME","01_034_C3d1","Malignant",0.382710936047199
"Epi-TME","01_034_C3d1","Boundary",0.373134328358209
"Epi-TME","01_034_C3d1","Normal",0
"Epi-TME","01_039_C1d1","Malignant",0.287128712871287
"Epi-TME","01_039_C1d1","Boundary",0.35064935064935
"Epi-TME","01_039_C1d1","Normal",0.189964157706093
"Epi-TME","01_039_C3d1","Malignant",0.4
"Epi-TME","01_039_C3d1","Boundary",0.0864905284147557
"Epi-TME","01_039_C3d1","Normal",0.134120110002829
"Epi-TME","1142243F","Malignant",0.455
"Epi-TME","1142243F","Boundary",0.36734693877551
"Epi-TME","1142243F","Normal",0.0568708574144325
"Epi-TME","1160920F","Malignant",0.178267528246712
"Epi-TME","1160920F","Boundary",0.376755138549158
"Epi-TME","1160920F","Normal",0.190393766612363
"Epi-TME","A_955_OvarianTumor","Malignant",0.274647887323943
"Epi-TME","A_955_OvarianTumor","Boundary",0.403725787115906
"Epi-TME","A_955_OvarianTumor","Normal",0.216580650033987
"Epi-TME","A_GTFB1154_OvarianCancerTumor","Malignant",0
"Epi-TME","A_GTFB1154_OvarianCancerTumor","Boundary",0.356005417016904
"Epi-TME","A_GTFB1154_OvarianCancerTumor","Normal",0.278793745783097
"Epi-TME","Ajou_Visium_P1","Malignant",0.449213060365754
"Epi-TME","Ajou_Visium_P1","Boundary",0.369074008958737
"Epi-TME","Ajou_Visium_P1","Normal",0.1680903352649
"Epi-TME","Ajou_Visium_P2","Malignant",0.227781403519751
"Epi-TME","Ajou_Visium_P2","Boundary",0.478260869565217
"Epi-TME","Ajou_Visium_P2","Normal",0.107711806571122
"Epi-TME","Ajou_Visium_P4","Malignant",0.58718461265103
"Epi-TME","Ajou_Visium_P4","Boundary",0.406171665005587
"Epi-TME","Ajou_Visium_P4","Normal",0.142140370013004
"Epi-TME","B_GTFB1191_OvarianCancerTumor","Malignant",0.378354375690077
"Epi-TME","B_GTFB1191_OvarianCancerTumor","Boundary",0.370892018779342
"Epi-TME","B_GTFB1191_OvarianCancerTumor","Normal",0.187268010989118
"Epi-TME","CID4290","Malignant",0.453947368421052
"Epi-TME","CID4290","Boundary",0.472636815920398
"Epi-TME","CID4290","Normal",0.125319726556111
"Epi-TME","CID4465","Malignant",0.303030303030303
"Epi-TME","CID4465","Boundary",0.288861610027135
"Epi-TME","CID4465","Normal",0.178541252604391
"Epi-TME","CID44971","Malignant",0.30546721187339
"Epi-TME","CID44971","Boundary",0.280701754385964
"Epi-TME","CID44971","Normal",0.19451086243202
"Epi-TME","CID4535","Malignant",0.36231884057971
"Epi-TME","CID4535","Boundary",0.424657534246575
"Epi-TME","CID4535","Normal",0.229078146685171
"Epi-TME","C_GTFB1170_SmallCellOvarianCancer","Malignant",0
"Epi-TME","C_GTFB1170_SmallCellOvarianCancer","Boundary",0.478260869565217
"Epi-TME","C_GTFB1170_SmallCellOvarianCancer","Normal",0.13359352728473
"Epi-TME","Colon_10x_Visium_SampleP2_CRC","Malignant",0.238609539399546
"Epi-TME","Colon_10x_Visium_SampleP2_CRC","Boundary",0.406163674033149
"Epi-TME","Colon_10x_Visium_SampleP2_CRC","Normal",0.105526312522501
"Epi-TME","CytAssist_11mm_FFPE_Human_Lung_Cancer_230214","Malignant",0.130645048557975
"Epi-TME","CytAssist_11mm_FFPE_Human_Lung_Cancer_230214","Boundary",0.386101321996606
"Epi-TME","CytAssist_11mm_FFPE_Human_Lung_Cancer_230214","Normal",0.186997918926307
"Epi-TME","CytAssist_11mm_FFPE_Human_Ovarian_Carcinoma_220715","Malignant",0.22096235384813
"Epi-TME","CytAssist_11mm_FFPE_Human_Ovarian_Carcinoma_220715","Boundary",0.615384615384615
"Epi-TME","CytAssist_11mm_FFPE_Human_Ovarian_Carcinoma_220715","Normal",0.0562239346622433
"Epi-TME","CytAssist_FFPE_Human_Lung_Squamous_Cell_Carcinoma_220714","Malignant",0.296356969646699
"Epi-TME","CytAssist_FFPE_Human_Lung_Squamous_Cell_Carcinoma_220714","Boundary",0.490824915824915
"Epi-TME","CytAssist_FFPE_Human_Lung_Squamous_Cell_Carcinoma_220714","Normal",0.350812082176956
"Epi-TME","CytAssist_Fresh_Frozen_Human_Breast_Cancer_230107","Malignant",0.381932055418485
"Epi-TME","CytAssist_Fresh_Frozen_Human_Breast_Cancer_230107","Boundary",0.383899769585253
"Epi-TME","CytAssist_Fresh_Frozen_Human_Breast_Cancer_230107","Normal",0.315039970254694
"Epi-TME","D_GTFB1170_SmallCellOvarianCancer","Malignant",0.273216796393732
"Epi-TME","D_GTFB1170_SmallCellOvarianCancer","Boundary",0.379310344827586
"Epi-TME","D_GTFB1170_SmallCellOvarianCancer","Normal",0.146930574555403
"Epi-TME","D_GTFB_1230_OvarianTumor","Malignant",0
"Epi-TME","D_GTFB_1230_OvarianTumor","Boundary",0.689655172413793
"Epi-TME","D_GTFB_1230_OvarianTumor","Normal",0.103181525802925
"Epi-TME","E_MTAB_13530_P10_T1","Malignant",0.251125968098684
"Epi-TME","E_MTAB_13530_P10_T1","Boundary",0.358212072686764
"Epi-TME","E_MTAB_13530_P10_T1","Normal",0.3040810448677
"Epi-TME","E_MTAB_13530_P10_T2","Malignant",0.226315789473684
"Epi-TME","E_MTAB_13530_P10_T2","Boundary",0.417217567055454
"Epi-TME","E_MTAB_13530_P10_T2","Normal",0.115384938045821
"Epi-TME","E_MTAB_13530_P10_T3","Malignant",0.53072625698324
"Epi-TME","E_MTAB_13530_P10_T3","Boundary",0
"Epi-TME","E_MTAB_13530_P10_T3","Normal",0.0413962347518195
"Epi-TME","E_MTAB_13530_P10_T4","Malignant",0.25
"Epi-TME","E_MTAB_13530_P10_T4","Boundary",0.421524356869184
"Epi-TME","E_MTAB_13530_P10_T4","Normal",0.103519718041531
"Epi-TME","E_MTAB_13530_P11_T1","Malignant",0.388659320477502
"Epi-TME","E_MTAB_13530_P11_T1","Boundary",0.436781609195402
"Epi-TME","E_MTAB_13530_P11_T1","Normal",0.296748318924111
"Epi-TME","E_MTAB_13530_P11_T2","Malignant",0.790697674418604
"Epi-TME","E_MTAB_13530_P11_T2","Boundary",0.351628857112138
"Epi-TME","E_MTAB_13530_P11_T2","Normal",0.2175949495978
"Epi-TME","E_MTAB_13530_P11_T3","Malignant",0
"Epi-TME","E_MTAB_13530_P11_T3","Boundary",0.323076923076923
"Epi-TME","E_MTAB_13530_P11_T3","Normal",0.273646146103694
"Epi-TME","E_MTAB_13530_P11_T4","Malignant",0
"Epi-TME","E_MTAB_13530_P11_T4","Boundary",0
"Epi-TME","E_MTAB_13530_P11_T4","Normal",0.30368195340571
"Epi-TME","E_MTAB_13530_P15_T1","Malignant",0.439024390243902
"Epi-TME","E_MTAB_13530_P15_T1","Boundary",0.389029892836999
"Epi-TME","E_MTAB_13530_P15_T1","Normal",0.258101264050485
"Epi-TME","E_MTAB_13530_P15_T2","Malignant",0.482092471463383
"Epi-TME","E_MTAB_13530_P15_T2","Boundary",0.319970538720538
"Epi-TME","E_MTAB_13530_P15_T2","Normal",0.224491587050828
"Epi-TME","E_MTAB_13530_P16_T1","Malignant",0.55614973262032
"Epi-TME","E_MTAB_13530_P16_T1","Boundary",0.375886524822695
"Epi-TME","E_MTAB_13530_P16_T1","Normal",0.160423091202521
"Epi-TME","E_MTAB_13530_P16_T2","Malignant",0
"Epi-TME","E_MTAB_13530_P16_T2","Boundary",0.25531914893617
"Epi-TME","E_MTAB_13530_P16_T2","Normal",0.154329107101609
"Epi-TME","E_MTAB_13530_P17_T1","Malignant",0.437218468468468
"Epi-TME","E_MTAB_13530_P17_T1","Boundary",0.446264541218277
"Epi-TME","E_MTAB_13530_P17_T1","Normal",0.37821365518926
"Epi-TME","E_MTAB_13530_P17_T2","Malignant",0.506526819293825
"Epi-TME","E_MTAB_13530_P17_T2","Boundary",0.39007656011041
"Epi-TME","E_MTAB_13530_P17_T2","Normal",0.247917329753815
"Epi-TME","E_MTAB_13530_P19_T1","Malignant",0.384384384384384
"Epi-TME","E_MTAB_13530_P19_T1","Boundary",0.416088721613735
"Epi-TME","E_MTAB_13530_P19_T1","Normal",0.301800362203046
"Epi-TME","E_MTAB_13530_P19_T2","Malignant",0.364834017895021
"Epi-TME","E_MTAB_13530_P19_T2","Boundary",0.372215329473394
"Epi-TME","E_MTAB_13530_P19_T2","Normal",0.498181818181818
"Epi-TME","E_MTAB_13530_P24_T1","Malignant",0
"Epi-TME","E_MTAB_13530_P24_T1","Boundary",0
"Epi-TME","E_MTAB_13530_P24_T1","Normal",0.0871636280951884
"Epi-TME","E_MTAB_13530_P24_T2","Malignant",0.188380768168002
"Epi-TME","E_MTAB_13530_P24_T2","Boundary",0.369698852303567
"Epi-TME","E_MTAB_13530_P24_T2","Normal",0.0921177941491867
"Epi-TME","E_MTAB_13530_P25_T1","Malignant",0.259259259259259
"Epi-TME","E_MTAB_13530_P25_T1","Boundary",0.348684210526315
"Epi-TME","E_MTAB_13530_P25_T1","Normal",0.276426248891516
"Epi-TME","E_MTAB_13530_P25_T2","Malignant",0
"Epi-TME","E_MTAB_13530_P25_T2","Boundary",0.44776119402985
"Epi-TME","E_MTAB_13530_P25_T2","Normal",0.164871230549442
"Epi-TME","GSE144239_GSM4565823","Malignant",0
"Epi-TME","GSE144239_GSM4565823","Boundary",0
"Epi-TME","GSE144239_GSM4565823","Normal",0.301782714629458
"Epi-TME","GSE144239_GSM4565825","Malignant",0.340713273709377
"Epi-TME","GSE144239_GSM4565825","Boundary",0.410818713450292
"Epi-TME","GSE144239_GSM4565825","Normal",0.109230509289645
"Epi-TME","GSE144239_GSM4565826","Malignant",0.851851851851851
"Epi-TME","GSE144239_GSM4565826","Boundary",0
"Epi-TME","GSE144239_GSM4565826","Normal",0.109500425725208
"Epi-TME","GSE251950_20_00331_LI_SING","Malignant",0.313616872543754
"Epi-TME","GSE251950_20_00331_LI_SING","Boundary",0.367034432121188
"Epi-TME","GSE251950_20_00331_LI_SING","Normal",0.204086119267285
"Epi-TME","GSE251950_21_00731_LI_SING","Malignant",0.364703389830508
"Epi-TME","GSE251950_21_00731_LI_SING","Boundary",0.314485514485514
"Epi-TME","GSE251950_21_00731_LI_SING","Normal",0.0929200143902146
"Epi-TME","GSE251950_21_00732_LI_SING","Malignant",0.149543074332097
"Epi-TME","GSE251950_21_00732_LI_SING","Boundary",0.444368131868131
"Epi-TME","GSE251950_21_00732_LI_SING","Normal",0.0723349686282752
"Epi-TME","GSE251950_21_00733_LI_SING","Malignant",0
"Epi-TME","GSE251950_21_00733_LI_SING","Boundary",0.447698744769874
"Epi-TME","GSE251950_21_00733_LI_SING","Normal",0.098400138670899
"Epi-TME","GSE251950_21_00734_LI_SING","Malignant",0.281465498915862
"Epi-TME","GSE251950_21_00734_LI_SING","Boundary",0.374572100984167
"Epi-TME","GSE251950_21_00734_LI_SING","Normal",0.147359909370023
"Epi-TME","GSE251950_21_01251_LI_SING","Malignant",0.329861111111111
"Epi-TME","GSE251950_21_01251_LI_SING","Boundary",0.318888728393278
"Epi-TME","GSE251950_21_01251_LI_SING","Normal",0.173175956430473
"Epi-TME","GSE251950_21_01253_LI_SING","Malignant",0.267687263999063
"Epi-TME","GSE251950_21_01253_LI_SING","Boundary",0.469879518072289
"Epi-TME","GSE251950_21_01253_LI_SING","Normal",0.167737932561471
"Epi-TME","GSE251950_21_01254_LI_SING","Malignant",0.338983050847457
"Epi-TME","GSE251950_21_01254_LI_SING","Boundary",0.385661477429825
"Epi-TME","GSE251950_21_01254_LI_SING","Normal",0.137409882621257
"Epi-TME","GSE251950_21_01675_LI_SING","Malignant",0.273755787037037
"Epi-TME","GSE251950_21_01675_LI_SING","Boundary",0.412544116164162
"Epi-TME","GSE251950_21_01675_LI_SING","Normal",0.12605609975981
"Epi-TME","GSM5494475_HNSCC201125T04","Malignant",0.329411764705882
"Epi-TME","GSM5494475_HNSCC201125T04","Boundary",0.330128205128205
"Epi-TME","GSM5494475_HNSCC201125T04","Normal",0.174114865451533
"Epi-TME","GSM5494476_HNSCC201125T05","Malignant",0.304677291519396
"Epi-TME","GSM5494476_HNSCC201125T05","Boundary",0.53030303030303
"Epi-TME","GSM5494476_HNSCC201125T05","Normal",0.133931240657698
"Epi-TME","GSM5494477_HNSCC201125T07","Malignant",0
"Epi-TME","GSM5494477_HNSCC201125T07","Boundary",0
"Epi-TME","GSM5494477_HNSCC201125T07","Normal",0.197051385137689
"Epi-TME","GSM5494478_HNSCC201125T10","Malignant",0
"Epi-TME","GSM5494478_HNSCC201125T10","Boundary",0.443298969072164
"Epi-TME","GSM5494478_HNSCC201125T10","Normal",0.162915824794342
"Epi-TME","GSM5494480_P210325T3","Malignant",0
"Epi-TME","GSM5494480_P210325T3","Boundary",0.868421052631579
"Epi-TME","GSM5494480_P210325T3","Normal",0.112359296281208
"Epi-TME","GSM5494481_P210325T5","Malignant",0
"Epi-TME","GSM5494481_P210325T5","Boundary",0.526315789473684
"Epi-TME","GSM5494481_P210325T5","Normal",0.160355747714946
"Epi-TME","GSM5494482_P210325T6","Malignant",0
"Epi-TME","GSM5494482_P210325T6","Boundary",0
"Epi-TME","GSM5494482_P210325T6","Normal",0.182400489063985
"Epi-TME","GSM5924030_ffpe_c_2","Malignant",0.203513847103293
"Epi-TME","GSM5924030_ffpe_c_2","Boundary",0.22140221402214
"Epi-TME","GSM5924030_ffpe_c_2","Normal",0.0804520239812881
"Epi-TME","GSM5924031_ffpe_c_3","Malignant",0.145434207850315
"Epi-TME","GSM5924031_ffpe_c_3","Boundary",0.44211803244228
"Epi-TME","GSM5924031_ffpe_c_3","Normal",0.122815813766054
"Epi-TME","GSM5924032_ffpe_c_4","Malignant",0.0304375926139812
"Epi-TME","GSM5924032_ffpe_c_4","Boundary",0.329839484154204
"Epi-TME","GSM5924032_ffpe_c_4","Normal",0.113922784199524
"Epi-TME","GSM5924033_ffpe_c_7","Malignant",0.0859586267927065
"Epi-TME","GSM5924033_ffpe_c_7","Boundary",0.329499011206328
"Epi-TME","GSM5924033_ffpe_c_7","Normal",0.13467818847953
"Epi-TME","GSM5924034_ffpe_c_10","Malignant",0.4126213592233
"Epi-TME","GSM5924034_ffpe_c_10","Boundary",0.21
"Epi-TME","GSM5924034_ffpe_c_10","Normal",0.064515761974604
"Epi-TME","GSM5924035_ffpe_c_20","Malignant",0.312195121951219
"Epi-TME","GSM5924035_ffpe_c_20","Boundary",0.380901722391084
"Epi-TME","GSM5924035_ffpe_c_20","Normal",0.120954237011947
"Epi-TME","GSM5924036_ffpe_c_21","Malignant",0.347413793103448
"Epi-TME","GSM5924036_ffpe_c_21","Boundary",0.321512850766941
"Epi-TME","GSM5924036_ffpe_c_21","Normal",0.0241728227934449
"Epi-TME","GSM5924037_ffpe_c_34","Malignant",0.210960272325159
"Epi-TME","GSM5924037_ffpe_c_34","Boundary",0.453416149068323
"Epi-TME","GSM5924037_ffpe_c_34","Normal",0.127148308284494
"Epi-TME","GSM5924038_ffpe_c_36","Malignant",0.386273209549071
"Epi-TME","GSM5924038_ffpe_c_36","Boundary",0.372549019607843
"Epi-TME","GSM5924038_ffpe_c_36","Normal",0.0514623634688774
"Epi-TME","GSM5924039_ffpe_c_39","Malignant",0.123396872050115
"Epi-TME","GSM5924039_ffpe_c_39","Boundary",0.40566037735849
"Epi-TME","GSM5924039_ffpe_c_39","Normal",0.209282380629462
"Epi-TME","GSM5924040_ffpe_c_45","Malignant",0.269739920048483
"Epi-TME","GSM5924040_ffpe_c_45","Boundary",0.360545241175939
"Epi-TME","GSM5924040_ffpe_c_45","Normal",0.115982734153263
"Epi-TME","GSM5924041_ffpe_c_51","Malignant",0.110599172290065
"Epi-TME","GSM5924041_ffpe_c_51","Boundary",0.39056971786265
"Epi-TME","GSM5924041_ffpe_c_51","Normal",0.0537946637771854
"Epi-TME","GSM5924042_frozen_a_1","Malignant",0.526598754951895
"Epi-TME","GSM5924042_frozen_a_1","Boundary",0
"Epi-TME","GSM5924042_frozen_a_1","Normal",0.08271743517304
"Epi-TME","GSM5924043_frozen_a_3","Malignant",0.122846457340128
"Epi-TME","GSM5924043_frozen_a_3","Boundary",0
"Epi-TME","GSM5924043_frozen_a_3","Normal",0.435571246477928
"Epi-TME","GSM5924044_frozen_a_15","Malignant",0.101811594202898
"Epi-TME","GSM5924044_frozen_a_15","Boundary",0.385097180092124
"Epi-TME","GSM5924044_frozen_a_15","Normal",0.2050114298593
"Epi-TME","GSM5924045_frozen_a_17","Malignant",0
"Epi-TME","GSM5924045_frozen_a_17","Boundary",0
"Epi-TME","GSM5924045_frozen_a_17","Normal",0.158058063500007
"Epi-TME","GSM5924046_frozen_b_1","Malignant",0.373276024938598
"Epi-TME","GSM5924046_frozen_b_1","Boundary",0
"Epi-TME","GSM5924046_frozen_b_1","Normal",0.103691367253664
"Epi-TME","GSM5924048_frozen_b_13","Malignant",0.265555862831858
"Epi-TME","GSM5924048_frozen_b_13","Boundary",0.323529411764705
"Epi-TME","GSM5924048_frozen_b_13","Normal",0.0523525902791692
"Epi-TME","GSM5924049_frozen_b_18","Malignant",0.233830845771144
"Epi-TME","GSM5924049_frozen_b_18","Boundary",0.301724137931034
"Epi-TME","GSM5924049_frozen_b_18","Normal",0.211537408259393
"Epi-TME","GSM5924050_frozen_c_2","Malignant",0.532710280373831
"Epi-TME","GSM5924050_frozen_c_2","Boundary",0.71875
"Epi-TME","GSM5924050_frozen_c_2","Normal",0.142731388329979
"Epi-TME","GSM5924051_frozen_c_5","Malignant",0
"Epi-TME","GSM5924051_frozen_c_5","Boundary",0.407960199004975
"Epi-TME","GSM5924051_frozen_c_5","Normal",0.168013923066134
"Epi-TME","GSM5924052_frozen_c_23","Malignant",0.137094733798387
"Epi-TME","GSM5924052_frozen_c_23","Boundary",0.27228884860317
"Epi-TME","GSM5924052_frozen_c_23","Normal",0.114217129759104
"Epi-TME","GSM6030901_patient_1","Malignant",0.262711864406779
"Epi-TME","GSM6030901_patient_1","Boundary",0.398692810457516
"Epi-TME","GSM6030901_patient_1","Normal",0.354170182603706
"Epi-TME","GSM6030902_patient_2","Malignant",0
"Epi-TME","GSM6030902_patient_2","Boundary",0.478873239436619
"Epi-TME","GSM6030902_patient_2","Normal",0.239447132894366
"Epi-TME","GSM6177599_NYU_BRCA0_Vis","Malignant",0.341772151898734
"Epi-TME","GSM6177599_NYU_BRCA0_Vis","Boundary",0.27228884860317
"Epi-TME","GSM6177599_NYU_BRCA0_Vis","Normal",0.206010020005305
"Epi-TME","GSM6177603_NYU_BRCA2_Vis","Malignant",0.380140845070422
"Epi-TME","GSM6177603_NYU_BRCA2_Vis","Boundary",0.291987179487179
"Epi-TME","GSM6177603_NYU_BRCA2_Vis","Normal",0.0564159982379178
"Epi-TME","GSM6177607_NYU_GIST1_Vis","Malignant",0
"Epi-TME","GSM6177607_NYU_GIST1_Vis","Boundary",0.319312988353235
"Epi-TME","GSM6177607_NYU_GIST1_Vis","Normal",0.185748872882115
"Epi-TME","GSM6177612_NYU_LIHC1_Vis","Malignant",0.202891115403186
"Epi-TME","GSM6177612_NYU_LIHC1_Vis","Boundary",0.208333333333333
"Epi-TME","GSM6177612_NYU_LIHC1_Vis","Normal",0.0274445768421671
"Epi-TME","GSM6177614_NYU_OVCA1_Vis","Malignant",0.616666666666666
"Epi-TME","GSM6177614_NYU_OVCA1_Vis","Boundary",0.427077795498848
"Epi-TME","GSM6177614_NYU_OVCA1_Vis","Normal",0.315522885784582
"Epi-TME","GSM6177617_NYU_OVCA3_Vis","Malignant",0.32
"Epi-TME","GSM6177617_NYU_OVCA3_Vis","Boundary",0.265060240963855
"Epi-TME","GSM6177617_NYU_OVCA3_Vis","Normal",0.23336495888678
"Epi-TME","GSM6177618_NYU_PDAC1_Vis","Malignant",0.607843137254901
"Epi-TME","GSM6177618_NYU_PDAC1_Vis","Boundary",0.262232838278465
"Epi-TME","GSM6177618_NYU_PDAC1_Vis","Normal",0.276767593659152
"Epi-TME","GSM6177623_NYU_UCEC3_Vis","Malignant",0.450092250922509
"Epi-TME","GSM6177623_NYU_UCEC3_Vis","Boundary",0.268518518518518
"Epi-TME","GSM6177623_NYU_UCEC3_Vis","Normal",0.106994292750295
"Epi-TME","GSM6339631_s1","Malignant",1
"Epi-TME","GSM6339631_s1","Boundary",0
"Epi-TME","GSM6339631_s1","Normal",0.240178041543026
"Epi-TME","GSM6339632_s2","Malignant",0.397228267827422
"Epi-TME","GSM6339632_s2","Boundary",0.514792899408284
"Epi-TME","GSM6339632_s2","Normal",0.15958976738021
"Epi-TME","GSM6339633_s3","Malignant",0.326529018147733
"Epi-TME","GSM6339633_s3","Boundary",0.702702702702702
"Epi-TME","GSM6339633_s3","Normal",0.400305810397553
"Epi-TME","GSM6339634_s4","Malignant",0
"Epi-TME","GSM6339634_s4","Boundary",0
"Epi-TME","GSM6339634_s4","Normal",0.112917408604277
"Epi-TME","GSM6339635_s5","Malignant",0.474452554744525
"Epi-TME","GSM6339635_s5","Boundary",0.544715447154471
"Epi-TME","GSM6339635_s5","Normal",0.0655191394143901
"Epi-TME","GSM6339636_s6","Malignant",0
"Epi-TME","GSM6339636_s6","Boundary",0
"Epi-TME","GSM6339636_s6","Normal",0.117892720816098
"Epi-TME","GSM6339640_s10","Malignant",0.443181818181818
"Epi-TME","GSM6339640_s10","Boundary",0.341772151898734
"Epi-TME","GSM6339640_s10","Normal",0.213490735975295
"Epi-TME","GSM6339641_s11","Malignant",0
"Epi-TME","GSM6339641_s11","Boundary",0.548359680435152
"Epi-TME","GSM6339641_s11","Normal",0.154256302210393
"Epi-TME","GSM6339642_s12","Malignant",0.302054919076195
"Epi-TME","GSM6339642_s12","Boundary",0.323074494949494
"Epi-TME","GSM6339642_s12","Normal",0.160131841818156
"Epi-TME","GSM6433585_092A","Malignant",0.240493059572006
"Epi-TME","GSM6433585_092A","Boundary",0.5
"Epi-TME","GSM6433585_092A","Normal",0.17228748263231
"Epi-TME","GSM6433586_092B","Malignant",0
"Epi-TME","GSM6433586_092B","Boundary",0
"Epi-TME","GSM6433586_092B","Normal",0.185393939393939
"Epi-TME","GSM6433587_093A","Malignant",0.394298483206933
"Epi-TME","GSM6433587_093A","Boundary",0.240963855421686
"Epi-TME","GSM6433587_093A","Normal",0.0897589079922008
"Epi-TME","GSM6433588_093B","Malignant",0.18459210985686
"Epi-TME","GSM6433588_093B","Boundary",0.417910447761194
"Epi-TME","GSM6433588_093B","Normal",0
"Epi-TME","GSM6433589_093C","Malignant",0.278195794985754
"Epi-TME","GSM6433589_093C","Boundary",0.415361015131657
"Epi-TME","GSM6433589_093C","Normal",0.37074401517904
"Epi-TME","GSM6433590_093D","Malignant",0.762886597938144
"Epi-TME","GSM6433590_093D","Boundary",0
"Epi-TME","GSM6433590_093D","Normal",0.0858896104620257
"Epi-TME","GSM6433592_094B","Malignant",0.300492610837438
"Epi-TME","GSM6433592_094B","Boundary",0.355029585798816
"Epi-TME","GSM6433592_094B","Normal",0.174888708787013
"Epi-TME","GSM6433593_094C","Malignant",0.277226628686491
"Epi-TME","GSM6433593_094C","Boundary",0.333333333333333
"Epi-TME","GSM6433593_094C","Normal",0.130515281464842
"Epi-TME","GSM6433594_094D","Malignant",1
"Epi-TME","GSM6433594_094D","Boundary",0.317073170731707
"Epi-TME","GSM6433594_094D","Normal",0.0930633520449077
"Epi-TME","GSM6433595_095A","Malignant",0.389181286549707
"Epi-TME","GSM6433595_095A","Boundary",0
"Epi-TME","GSM6433595_095A","Normal",0.175257683937514
"Epi-TME","GSM6433596_095B","Malignant",0.25531914893617
"Epi-TME","GSM6433596_095B","Boundary",0.387755102040816
"Epi-TME","GSM6433596_095B","Normal",0.128952234206471
"Epi-TME","GSM6433597_117B","Malignant",0.266666666666666
"Epi-TME","GSM6433597_117B","Boundary",0.333333333333333
"Epi-TME","GSM6433597_117B","Normal",0.179408463584968
"Epi-TME","GSM6433598_117C","Malignant",0.428571428571428
"Epi-TME","GSM6433598_117C","Boundary",0.489452798663324
"Epi-TME","GSM6433598_117C","Normal",0.112999745352686
"Epi-TME","GSM6433599_117D","Malignant",0.293975665363856
"Epi-TME","GSM6433599_117D","Boundary",0.393382352941176
"Epi-TME","GSM6433599_117D","Normal",0.238619582951256
"Epi-TME","GSM6433600_117E","Malignant",0.27766439909297
"Epi-TME","GSM6433600_117E","Boundary",0
"Epi-TME","GSM6433600_117E","Normal",0.388349514563106
"Epi-TME","GSM6433601_118B","Malignant",0.657534246575342
"Epi-TME","GSM6433601_118B","Boundary",0
"Epi-TME","GSM6433601_118B","Normal",0.114331979729502
"Epi-TME","GSM6433602_118C","Malignant",0
"Epi-TME","GSM6433602_118C","Boundary",0
"Epi-TME","GSM6433602_118C","Normal",0.0944330343107031
"Epi-TME","GSM6433603_118D","Malignant",0
"Epi-TME","GSM6433603_118D","Boundary",0.540983606557377
"Epi-TME","GSM6433603_118D","Normal",0.0919710505484563
"Epi-TME","GSM6433604_118E","Malignant",0.4
"Epi-TME","GSM6433604_118E","Boundary",0.28235294117647
"Epi-TME","GSM6433604_118E","Normal",0.157083689818775
"Epi-TME","GSM6433605_119B","Malignant",0
"Epi-TME","GSM6433605_119B","Boundary",0
"Epi-TME","GSM6433605_119B","Normal",0.203063445987974
"Epi-TME","GSM6433606_119C","Malignant",0
"Epi-TME","GSM6433606_119C","Boundary",0.391496450818484
"Epi-TME","GSM6433606_119C","Normal",0.118079673135852
"Epi-TME","GSM6433607_119D","Malignant",0.336660111438872
"Epi-TME","GSM6433607_119D","Boundary",0
"Epi-TME","GSM6433607_119D","Normal",0.147223777944109
"Epi-TME","GSM6433608_119E","Malignant",0.280116263372819
"Epi-TME","GSM6433608_119E","Boundary",0.155405405405405
"Epi-TME","GSM6433608_119E","Normal",0.157044894891872
"Epi-TME","GSM6433609_120B","Malignant",0.207142857142857
"Epi-TME","GSM6433609_120B","Boundary",0.375985863466645
"Epi-TME","GSM6433609_120B","Normal",0.220040932098044
"Epi-TME","GSM6433610_120C","Malignant",0.206675499657227
"Epi-TME","GSM6433610_120C","Boundary",0.232558139534883
"Epi-TME","GSM6433610_120C","Normal",0.188769815532662
"Epi-TME","GSM6433611_120D","Malignant",0.288
"Epi-TME","GSM6433611_120D","Boundary",0.310539645431521
"Epi-TME","GSM6433611_120D","Normal",0.314864491786683
"Epi-TME","GSM6433613_395A","Malignant",0.356244496244496
"Epi-TME","GSM6433613_395A","Boundary",0.392156862745098
"Epi-TME","GSM6433613_395A","Normal",0.0994324321488894
"Epi-TME","GSM6433614_395B","Malignant",0
"Epi-TME","GSM6433614_395B","Boundary",0
"Epi-TME","GSM6433614_395B","Normal",0.152044192366773
"Epi-TME","GSM6433615_395C","Malignant",0.678787878787878
"Epi-TME","GSM6433615_395C","Boundary",0.375
"Epi-TME","GSM6433615_395C","Normal",0.145119505264917
"Epi-TME","GSM6433616_395D","Malignant",0.175444596443228
"Epi-TME","GSM6433616_395D","Boundary",0
"Epi-TME","GSM6433616_395D","Normal",0.252895752895752
"Epi-TME","GSM6433617_396A","Malignant",0
"Epi-TME","GSM6433617_396A","Boundary",0
"Epi-TME","GSM6433617_396A","Normal",0.170472236637259
"Epi-TME","GSM6433618_396C","Malignant",0
"Epi-TME","GSM6433618_396C","Boundary",0
"Epi-TME","GSM6433618_396C","Normal",0.0772938804445595
"Epi-TME","GSM6433619_396D","Malignant",0.433333333333333
"Epi-TME","GSM6433619_396D","Boundary",1
"Epi-TME","GSM6433619_396D","Normal",0.0906970688388862
"Epi-TME","GSM6433620_397A","Malignant",0.623529411764705
"Epi-TME","GSM6433620_397A","Boundary",0.321428571428571
"Epi-TME","GSM6433620_397A","Normal",0.121735180558709
"Epi-TME","GSM6433621_397B","Malignant",0.182926829268292
"Epi-TME","GSM6433621_397B","Boundary",0
"Epi-TME","GSM6433621_397B","Normal",0.0677570093457943
"Epi-TME","GSM6433622_397C","Malignant",0.245364380173151
"Epi-TME","GSM6433622_397C","Boundary",0.387323943661971
"Epi-TME","GSM6433622_397C","Normal",0.198473282442748
"Epi-TME","GSM6433623_397D","Malignant",0
"Epi-TME","GSM6433623_397D","Boundary",0
"Epi-TME","GSM6433623_397D","Normal",0.150153374233128
"Epi-TME","GSM6433624_398A","Malignant",0.2466724286949
"Epi-TME","GSM6433624_398A","Boundary",0.532258064516129
"Epi-TME","GSM6433624_398A","Normal",0.291666666666666
"Epi-TME","GSM6433625_398B","Malignant",0
"Epi-TME","GSM6433625_398B","Boundary",0
"Epi-TME","GSM6433625_398B","Normal",0.111581202192968
"Epi-TME","GSM6433627_398D","Malignant",0
"Epi-TME","GSM6433627_398D","Boundary",0.475154320987654
"Epi-TME","GSM6433627_398D","Normal",0.209405803777061
"Epi-TME","GSM6505133_DonorA","Malignant",0
"Epi-TME","GSM6505133_DonorA","Boundary",0.376887472494119
"Epi-TME","GSM6505133_DonorA","Normal",0.192445226716001
"Epi-TME","GSM6505134_DonorB","Malignant",0.2994038700628
"Epi-TME","GSM6505134_DonorB","Boundary",0.40467102871683
"Epi-TME","GSM6505134_DonorB","Normal",0.162710299406643
"Epi-TME","GSM6505135_DonorC","Malignant",0.301058336690225
"Epi-TME","GSM6505135_DonorC","Boundary",0.28408535094155
"Epi-TME","GSM6505135_DonorC","Normal",0.13105808154228
"Epi-TME","GSM6506110_SP1","Malignant",0.155244870318097
"Epi-TME","GSM6506110_SP1","Boundary",0.202898550724637
"Epi-TME","GSM6506110_SP1","Normal",0.322916030808452
"Epi-TME","GSM6506111_SP2","Malignant",0
"Epi-TME","GSM6506111_SP2","Boundary",0
"Epi-TME","GSM6506111_SP2","Normal",0.0696976796602528
"Epi-TME","GSM6506112_SP3","Malignant",0
"Epi-TME","GSM6506112_SP3","Boundary",0.303030303030303
"Epi-TME","GSM6506112_SP3","Normal",0.186872951582201
"Epi-TME","GSM6506113_SP4","Malignant",0.637305699481865
"Epi-TME","GSM6506113_SP4","Boundary",0.291666666666666
"Epi-TME","GSM6506113_SP4","Normal",0.0967265801690274
"Epi-TME","GSM6506114_SP5","Malignant",0
"Epi-TME","GSM6506114_SP5","Boundary",0
"Epi-TME","GSM6506114_SP5","Normal",0.105502019195873
"Epi-TME","GSM6506115_SP6","Malignant",0
"Epi-TME","GSM6506115_SP6","Boundary",0.205357142857142
"Epi-TME","GSM6506115_SP6","Normal",0.05778480406247
"Epi-TME","GSM6506116_SP7","Malignant",0.379378492571895
"Epi-TME","GSM6506116_SP7","Boundary",0.384334997609815
"Epi-TME","GSM6506116_SP7","Normal",0.199377432858457
"Epi-TME","GSM6506117_SP8","Malignant",0.32114766810679
"Epi-TME","GSM6506117_SP8","Boundary",0.411111111111111
"Epi-TME","GSM6506117_SP8","Normal",0.24004530011325
"Epi-TME","GSM6833484_Patient1","Malignant",0.25
"Epi-TME","GSM6833484_Patient1","Boundary",0.362053295265286
"Epi-TME","GSM6833484_Patient1","Normal",0.093047565782465
"Epi-TME","GSM6833485_Patient2","Malignant",0.334313725490196
"Epi-TME","GSM6833485_Patient2","Boundary",0.309090909090909
"Epi-TME","GSM6833485_Patient2","Normal",0.0956449565472121
"Epi-TME","GSM6833486_Patient3","Malignant",0
"Epi-TME","GSM6833486_Patient3","Boundary",0.661016949152542
"Epi-TME","GSM6833486_Patient3","Normal",0.14686743841388
"Epi-TME","GSM6833487_Patient4","Malignant",0.324905526466689
"Epi-TME","GSM6833487_Patient4","Boundary",0.381641208699983
"Epi-TME","GSM6833487_Patient4","Normal",0.113745300982327
"Epi-TME","GSM7019835_OCCR2v","Malignant",0.212643678160919
"Epi-TME","GSM7019835_OCCR2v","Boundary",0.47289058247142
"Epi-TME","GSM7019835_OCCR2v","Normal",0.173697192352335
"Epi-TME","GSM7019836_OCCS3v","Malignant",0.734042553191489
"Epi-TME","GSM7019836_OCCS3v","Boundary",0.441558441558441
"Epi-TME","GSM7019836_OCCS3v","Normal",0.237963245386609
"Epi-TME","GSM7058756","Malignant",0.471264367816091
"Epi-TME","GSM7058756","Boundary",0.492113760556383
"Epi-TME","GSM7058756","Normal",0.206595756856125
"Epi-TME","GSM7058757","Malignant",0.411598206421651
"Epi-TME","GSM7058757","Boundary",0.203947368421052
"Epi-TME","GSM7058757","Normal",0.140692009009646
"Epi-TME","GSM7058758","Malignant",0
"Epi-TME","GSM7058758","Boundary",0.9375
"Epi-TME","GSM7058758","Normal",0.115057509023114
"Epi-TME","GSM7058759","Malignant",0.524886877828054
"Epi-TME","GSM7058759","Boundary",0.320306163828061
"Epi-TME","GSM7058759","Normal",0.0821725594596378
"Epi-TME","GSM7090086_NextSeq2000","Malignant",0.306968767471026
"Epi-TME","GSM7090086_NextSeq2000","Boundary",0.415492957746478
"Epi-TME","GSM7090086_NextSeq2000","Normal",0.379652605459057
"Epi-TME","GSM7090087_NextSeq2000","Malignant",0.394957983193277
"Epi-TME","GSM7090087_NextSeq2000","Boundary",0.574585635359116
"Epi-TME","GSM7090087_NextSeq2000","Normal",0.124309054817529
"Epi-TME","GSM7090088_NextSeq2000","Malignant",0.512820512820512
"Epi-TME","GSM7090088_NextSeq2000","Boundary",0.433962264150943
"Epi-TME","GSM7090088_NextSeq2000","Normal",0.0101942348138066
"Epi-TME","GSM7211257_EHU-W3","Malignant",0.303054859780953
"Epi-TME","GSM7211257_EHU-W3","Boundary",0.447079587079587
"Epi-TME","GSM7211257_EHU-W3","Normal",0.0993873734005947
"Epi-TME","GSM7421790_PDAC_1","Malignant",1
"Epi-TME","GSM7421790_PDAC_1","Boundary",0
"Epi-TME","GSM7421790_PDAC_1","Normal",0.174587087087087
"Epi-TME","GSM7421791_PDAC_2","Malignant",0.56578947368421
"Epi-TME","GSM7421791_PDAC_2","Boundary",0
"Epi-TME","GSM7421791_PDAC_2","Normal",0.170290588297019
"Epi-TME","GSM7421792_PDAC_3","Malignant",0.611111111111111
"Epi-TME","GSM7421792_PDAC_3","Boundary",0
"Epi-TME","GSM7421792_PDAC_3","Normal",0.164141414141414
"Epi-TME","GSM7498811_SS1905133","Malignant",0.664429530201342
"Epi-TME","GSM7498811_SS1905133","Boundary",0.44793720078851
"Epi-TME","GSM7498811_SS1905133","Normal",0.139441708318838
"Epi-TME","GSM7498812_SS1923404","Malignant",0.322085889570552
"Epi-TME","GSM7498812_SS1923404","Boundary",0
"Epi-TME","GSM7498812_SS1923404","Normal",0.243452353264609
"Epi-TME","GSM7498813_SS1945070","Malignant",0
"Epi-TME","GSM7498813_SS1945070","Boundary",0
"Epi-TME","GSM7498813_SS1945070","Normal",0.140524983693561
"Epi-TME","GSM7498814_SS1960050","Malignant",0
"Epi-TME","GSM7498814_SS1960050","Boundary",0.395348837209302
"Epi-TME","GSM7498814_SS1960050","Normal",0.110434792008181
"Epi-TME","GSM7498815_SS2002154","Malignant",0.187854737854737
"Epi-TME","GSM7498815_SS2002154","Boundary",0.314917127071823
"Epi-TME","GSM7498815_SS2002154","Normal",0.20642430416752
"Epi-TME","GSM7498816_SS2005094","Malignant",0
"Epi-TME","GSM7498816_SS2005094","Boundary",0.457142857142857
"Epi-TME","GSM7498816_SS2005094","Normal",0.115111953872458
"Epi-TME","GSM7498817_SS2021309","Malignant",0.347368421052631
"Epi-TME","GSM7498817_SS2021309","Boundary",0
"Epi-TME","GSM7498817_SS2021309","Normal",0.113613453706969
"Epi-TME","GSM7757970_R1-S1","Malignant",0.219506961663169
"Epi-TME","GSM7757970_R1-S1","Boundary",0
"Epi-TME","GSM7757970_R1-S1","Normal",0.0941831605544455
"Epi-TME","GSM7757973_R1-S4","Malignant",0.192800453514739
"Epi-TME","GSM7757973_R1-S4","Boundary",0.285262206148282
"Epi-TME","GSM7757973_R1-S4","Normal",0.102086935812874
"Epi-TME","GSM7757974_R1-S5","Malignant",0.217012617012616
"Epi-TME","GSM7757974_R1-S5","Boundary",0
"Epi-TME","GSM7757974_R1-S5","Normal",0.194532916555734
"Epi-TME","GSM7757975_R1-S6","Malignant",0.150207433551602
"Epi-TME","GSM7757975_R1-S6","Boundary",0.391608391608391
"Epi-TME","GSM7757975_R1-S6","Normal",0.0419040297782812
"Epi-TME","GSM7757976_R2-S1","Malignant",0.157082082082082
"Epi-TME","GSM7757976_R2-S1","Boundary",0.339102564102564
"Epi-TME","GSM7757976_R2-S1","Normal",0.0878548534798534
"Epi-TME","GSM7757977_R2-S2","Malignant",0.256890012642225
"Epi-TME","GSM7757977_R2-S2","Boundary",0.267628205128205
"Epi-TME","GSM7757977_R2-S2","Normal",0.159492980280521
"Epi-TME","GSM7757978_R2-S3","Malignant",0.290192373754723
"Epi-TME","GSM7757978_R2-S3","Boundary",0.290035330593409
"Epi-TME","GSM7757978_R2-S3","Normal",0.300392686976053
"Epi-TME","GSM7757979_R2-S4","Malignant",0.176364790520524
"Epi-TME","GSM7757979_R2-S4","Boundary",1
"Epi-TME","GSM7757979_R2-S4","Normal",0.210600236546422
"Epi-TME","GSM7757980_R2-S5","Malignant",0.251798561151079
"Epi-TME","GSM7757980_R2-S5","Boundary",0.610169491525423
"Epi-TME","GSM7757980_R2-S5","Normal",0.0961672391987967
"Epi-TME","GSM7757982_R3-S2","Malignant",0.151315789473684
"Epi-TME","GSM7757982_R3-S2","Boundary",0.307692307692307
"Epi-TME","GSM7757982_R3-S2","Normal",0.113901626815154
"Epi-TME","GSM7757983_R3-S3","Malignant",0.309523809523809
"Epi-TME","GSM7757983_R3-S3","Boundary",0
"Epi-TME","GSM7757983_R3-S3","Normal",0.0793833452061299
"Epi-TME","GSM7757984_R3-S4","Malignant",0.297688314891422
"Epi-TME","GSM7757984_R3-S4","Boundary",0.253665815251511
"Epi-TME","GSM7757984_R3-S4","Normal",0.23948159227191
"Epi-TME","GSM7757985_R3-S5","Malignant",0.140319323488577
"Epi-TME","GSM7757985_R3-S5","Boundary",0.434333453108156
"Epi-TME","GSM7757985_R3-S5","Normal",0.19588803043468
"Epi-TME","GSM7777521_B1","Malignant",0
"Epi-TME","GSM7777521_B1","Boundary",0
"Epi-TME","GSM7777521_B1","Normal",0.247331649256958
"Epi-TME","GSM7777522_C1","Malignant",0.248537811676984
"Epi-TME","GSM7777522_C1","Boundary",0.612903225806451
"Epi-TME","GSM7777522_C1","Normal",0.443396226415094
"Epi-TME","GSM7777523_D1","Malignant",0
"Epi-TME","GSM7777523_D1","Boundary",0
"Epi-TME","GSM7777523_D1","Normal",0.148403049142742
"Epi-TME","GSM7850822_CHC20","Malignant",0.10593220338983
"Epi-TME","GSM7850822_CHC20","Boundary",0.617647058823529
"Epi-TME","GSM7850822_CHC20","Normal",0.119190401737419
"Epi-TME","HCC1R","Malignant",0.448541489662985
"Epi-TME","HCC1R","Boundary",0
"Epi-TME","HCC1R","Normal",0.209347100297596
"Epi-TME","HCC3R","Malignant",0.368968816258985
"Epi-TME","HCC3R","Boundary",1
"Epi-TME","HCC3R","Normal",0.341604682856345
"Epi-TME","HCC4R","Malignant",0.751111111111111
"Epi-TME","HCC4R","Boundary",0.543046357615894
"Epi-TME","HCC4R","Normal",0.18556953579036
"Epi-TME","HCC6NR","Malignant",0.777777777777777
"Epi-TME","HCC6NR","Boundary",0.458283611774065
"Epi-TME","HCC6NR","Normal",0.25948909482559
"Epi-TME","HCC7NR","Malignant",0.568898343036274
"Epi-TME","HCC7NR","Boundary",0.32938546506531
"Epi-TME","HCC7NR","Normal",0.353723404255319
"Epi-TME","HRA000437_HCC-1T","Malignant",0.305344223167002
"Epi-TME","HRA000437_HCC-1T","Boundary",0.490566037735849
"Epi-TME","HRA000437_HCC-1T","Normal",0.100639126410822
"Epi-TME","HRA000437_HCC-2T","Malignant",0.269155249744678
"Epi-TME","HRA000437_HCC-2T","Boundary",0.295962214673103
"Epi-TME","HRA000437_HCC-2T","Normal",0.215543051827379
"Epi-TME","HRA000437_HCC-3T","Malignant",0.307692307692307
"Epi-TME","HRA000437_HCC-3T","Boundary",0.515406162464985
"Epi-TME","HRA000437_HCC-3T","Normal",0.173228167945853
"Epi-TME","HRA000437_HCC-4T","Malignant",0.406467375069346
"Epi-TME","HRA000437_HCC-4T","Boundary",0.269658948559421
"Epi-TME","HRA000437_HCC-4T","Normal",0.123439475005627
"Epi-TME","Parent_Visium_Human_BreastCancer_201027","Malignant",0.354554698591765
"Epi-TME","Parent_Visium_Human_BreastCancer_201027","Boundary",0.369507575757575
"Epi-TME","Parent_Visium_Human_BreastCancer_201027","Normal",0.191063900051821
"Epi-TME","Parent_Visium_Human_ColorectalCancer_201027","Malignant",0.405025231286795
"Epi-TME","Parent_Visium_Human_ColorectalCancer_201027","Boundary",0
"Epi-TME","Parent_Visium_Human_ColorectalCancer_201027","Normal",0.080297277924679
"Epi-TME","Parent_Visium_Human_OvarianCancer_201027","Malignant",0.325490196078431
"Epi-TME","Parent_Visium_Human_OvarianCancer_201027","Boundary",0.276830461283768
"Epi-TME","Parent_Visium_Human_OvarianCancer_201027","Normal",0.114150169683257
"Epi-TME","S16_43398","Malignant",0.362561450106008
"Epi-TME","S16_43398","Boundary",0.4375
"Epi-TME","S16_43398","Normal",0.118986681136112
"Epi-TME","S20_47598","Malignant",0.347517012960734
"Epi-TME","S20_47598","Boundary",0.436243492190628
"Epi-TME","S20_47598","Normal",0.0855575161089648
"Epi-TME","S20_61122","Malignant",0.384977876106194
"Epi-TME","S20_61122","Boundary",0.453634085213032
"Epi-TME","S20_61122","Normal",0.19373236845333
"Epi-TME","S20_63981","Malignant",0.413905561740645
"Epi-TME","S20_63981","Boundary",0.460076045627376
"Epi-TME","S20_63981","Normal",0.186582654183121
"Epi-TME","S21_10267","Malignant",0.183366789338686
"Epi-TME","S21_10267","Boundary",0.515321772880931
"Epi-TME","S21_10267","Normal",0.219435828044634
"Epi-TME","SN048_A121573_Rep1","Malignant",0.299202050206768
"Epi-TME","SN048_A121573_Rep1","Boundary",0.390243902439024
"Epi-TME","SN048_A121573_Rep1","Normal",0.130776334842144
"Epi-TME","SN048_A121573_Rep2","Malignant",0.402097902097902
"Epi-TME","SN048_A121573_Rep2","Boundary",0.353658536585365
"Epi-TME","SN048_A121573_Rep2","Normal",0.111627138880646
"Epi-TME","SN048_A416371_Rep1","Malignant",0.352091121975268
"Epi-TME","SN048_A416371_Rep1","Boundary",0
"Epi-TME","SN048_A416371_Rep1","Normal",0.126148182064531
"Epi-TME","SN048_A416371_Rep2","Malignant",0.571428571428571
"Epi-TME","SN048_A416371_Rep2","Boundary",0
"Epi-TME","SN048_A416371_Rep2","Normal",0.0982242142062863
"Epi-TME","SN123_A551763_Rep1","Malignant",0
"Epi-TME","SN123_A551763_Rep1","Boundary",0
"Epi-TME","SN123_A551763_Rep1","Normal",0.149021329339461
"Epi-TME","SN123_A595688_Rep1","Malignant",0.342629482071713
"Epi-TME","SN123_A595688_Rep1","Boundary",0.236068111455108
"Epi-TME","SN123_A595688_Rep1","Normal",0.190103050709111
"Epi-TME","SN123_A938797_Rep1_X","Malignant",0
"Epi-TME","SN123_A938797_Rep1_X","Boundary",0.355697151424287
"Epi-TME","SN123_A938797_Rep1_X","Normal",0.220348676845196
"Epi-TME","SN124_A595688_Rep2","Malignant",0.297709923664122
"Epi-TME","SN124_A595688_Rep2","Boundary",0.888888888888888
"Epi-TME","SN124_A595688_Rep2","Normal",0.78235294117647
"Epi-TME","SN124_A938797_Rep2","Malignant",0.427419354838709
"Epi-TME","SN124_A938797_Rep2","Boundary",0.39763687956459
"Epi-TME","SN124_A938797_Rep2","Normal",0.230587121212121
"Epi-TME","SN84_A120838_Rep1","Malignant",0.903225806451612
"Epi-TME","SN84_A120838_Rep1","Boundary",0
"Epi-TME","SN84_A120838_Rep1","Normal",0.454976303317535
"Epi-TME","SN84_A120838_Rep2","Malignant",0.598837209302325
"Epi-TME","SN84_A120838_Rep2","Boundary",0.378787878787878
"Epi-TME","SN84_A120838_Rep2","Normal",0.38225802427035
"Epi-TME","V10F24-015_A1","Malignant",1
"Epi-TME","V10F24-015_A1","Boundary",0.531914893617021
"Epi-TME","V10F24-015_A1","Normal",0.137672214700963
"Epi-TME","V10F24-015_B1","Malignant",0.419642857142857
"Epi-TME","V10F24-015_B1","Boundary",0.389676989676989
"Epi-TME","V10F24-015_B1","Normal",0.214297027290448
"Epi-TME","V10F24-015_C1","Malignant",0.441957914301835
"Epi-TME","V10F24-015_C1","Boundary",0.419811320754717
"Epi-TME","V10F24-015_C1","Normal",0.261124620980883
"Epi-TME","V10F24-015_D1","Malignant",0
"Epi-TME","V10F24-015_D1","Boundary",0.656565656565656
"Epi-TME","V10F24-015_D1","Normal",0.173801987894941
"Epi-TME","V11A20-405_C1","Malignant",0.253924495171202
"Epi-TME","V11A20-405_C1","Boundary",0.490737564322469
"Epi-TME","V11A20-405_C1","Normal",0.172014455957364
"Epi-TME","V11A20-405_D1","Malignant",0.364221771321148
"Epi-TME","V11A20-405_D1","Boundary",0.431776249580677
"Epi-TME","V11A20-405_D1","Normal",0.182560430400848
"Epi-TME","V11M22-349_C1","Malignant",0.29804467748102
"Epi-TME","V11M22-349_C1","Boundary",0.551136363636363
"Epi-TME","V11M22-349_C1","Normal",0.099356691829274
"Epi-TME","V11M22-349_D1","Malignant",0.545454545454545
"Epi-TME","V11M22-349_D1","Boundary",0.368421052631578
"Epi-TME","V11M22-349_D1","Normal",0.2974311428217
"Epi-TME","V1_Breast_Cancer_Block_A_Section_2_200623","Malignant",0.270072992700729
"Epi-TME","V1_Breast_Cancer_Block_A_Section_2_200623","Boundary",0.306274509803921
"Epi-TME","V1_Breast_Cancer_Block_A_Section_2_200623","Normal",0.0889163406766865
"Epi-TME","V1_Human_Invasive_Ductal_Carcinoma_210511","Malignant",0.378277153558052
"Epi-TME","V1_Human_Invasive_Ductal_Carcinoma_210511","Boundary",0.410958904109589
"Epi-TME","V1_Human_Invasive_Ductal_Carcinoma_210511","Normal",0.0789193316275238
"Epi-TME","Visium_FFPE_Human_Breast_Cancer_210609","Malignant",0.458781362007168
"Epi-TME","Visium_FFPE_Human_Breast_Cancer_210609","Boundary",0.407142857142857
"Epi-TME","Visium_FFPE_Human_Breast_Cancer_210609","Normal",0.235115834543925
"Epi-TME","Visium_FFPE_Human_Intestinal_Cancer_220329","Malignant",0.410271436562691
"Epi-TME","Visium_FFPE_Human_Intestinal_Cancer_220329","Boundary",0.370796317234695
"Epi-TME","Visium_FFPE_Human_Intestinal_Cancer_220329","Normal",0.153846153846153
"Epi-TME","Visium_FFPE_Human_Ovarian_Cancer_220329","Malignant",0.281179117126548
"Epi-TME","Visium_FFPE_Human_Ovarian_Cancer_220329","Boundary",0.367772961549244
"Epi-TME","Visium_FFPE_Human_Ovarian_Cancer_220329","Normal",0.153824754601669
"Epi-TME","Visium_FFPE_Human_Prostate_Acinar_Cell_Carcinoma_211009","Malignant",0.373611111111111
"Epi-TME","Visium_FFPE_Human_Prostate_Acinar_Cell_Carcinoma_211009","Boundary",0.55813953488372
"Epi-TME","Visium_FFPE_Human_Prostate_Acinar_Cell_Carcinoma_211009","Normal",0.117748014537622
"Epi-TME","Visium_FFPE_Human_Prostate_Cancer_210609","Malignant",0.330282832925903
"Epi-TME","Visium_FFPE_Human_Prostate_Cancer_210609","Boundary",0.471198156682027
"Epi-TME","Visium_FFPE_Human_Prostate_Cancer_210609","Normal",0.14739945905201
"Epi-TME","Visium_FFPE_Human_Prostate_IF_220713","Malignant",0.481818181818181
"Epi-TME","Visium_FFPE_Human_Prostate_IF_220713","Boundary",0.0987654320987654
"Epi-TME","Visium_FFPE_Human_Prostate_IF_220713","Normal",0.1661487342305
"Epi-TME","Visium_Human_Breast_Cancer_220702","Malignant",0.438429316671333
"Epi-TME","Visium_Human_Breast_Cancer_220702","Boundary",0.307515878616796
"Epi-TME","Visium_Human_Breast_Cancer_220702","Normal",0.0843784822717312
"Epi-TME","WSSKNKCLsp12140270","Malignant",0.396551724137931
"Epi-TME","WSSKNKCLsp12140270","Boundary",0
"Epi-TME","WSSKNKCLsp12140270","Normal",0.116921090605301
"Epi-TME","WSSKNKCLsp12140271","Malignant",0.352112676056338
"Epi-TME","WSSKNKCLsp12140271","Boundary",0.578571428571428
"Epi-TME","WSSKNKCLsp12140271","Normal",0.160066278667172
"Epi-TME","WSSKNKCLsp12140272","Malignant",0
"Epi-TME","WSSKNKCLsp12140272","Boundary",0.488372093023255
"Epi-TME","WSSKNKCLsp12140272","Normal",0.15325836428498
"Epi-TME","WSSKNKCLsp12140273","Malignant",0
"Epi-TME","WSSKNKCLsp12140273","Boundary",0
"Epi-TME","WSSKNKCLsp12140273","Normal",0.155266456938761
"Epi-TME","WSSKNKCLsp12887267","Malignant",0.375
"Epi-TME","WSSKNKCLsp12887267","Boundary",0
"Epi-TME","WSSKNKCLsp12887267","Normal",0.130053937572895
"Epi-TME","WSSKNKCLsp12887268","Malignant",0
"Epi-TME","WSSKNKCLsp12887268","Boundary",0
"Epi-TME","WSSKNKCLsp12887268","Normal",0.143315748578906
"Epi-TME","WSSKNKCLsp12887269","Malignant",0.649484536082474
"Epi-TME","WSSKNKCLsp12887269","Boundary",0
"Epi-TME","WSSKNKCLsp12887269","Normal",0.146195154279476
"Epi-TME","Zenodo10119273_Tumor2","Malignant",0.37786559196064
"Epi-TME","Zenodo10119273_Tumor2","Boundary",0.193798449612403
"Epi-TME","Zenodo10119273_Tumor2","Normal",0.0674501964568828
"Epi-TME","scCRLM_Atlas_ST-colon1","Malignant",0.267661691542288
"Epi-TME","scCRLM_Atlas_ST-colon1","Boundary",0.335724010502771
"Epi-TME","scCRLM_Atlas_ST-colon1","Normal",0.260301172392968
"Epi-TME","scCRLM_Atlas_ST-colon2","Malignant",0
"Epi-TME","scCRLM_Atlas_ST-colon2","Boundary",0.489583333333333
"Epi-TME","scCRLM_Atlas_ST-colon2","Normal",0.0615643764546429
"Epi-TME","scCRLM_Atlas_ST-colon3","Malignant",0.360576923076923
"Epi-TME","scCRLM_Atlas_ST-colon3","Boundary",0
"Epi-TME","scCRLM_Atlas_ST-colon3","Normal",0.117508975421154
"Epi-TME","scCRLM_Atlas_ST-colon4","Malignant",0.336927755594762
"Epi-TME","scCRLM_Atlas_ST-colon4","Boundary",0.333333333333333
"Epi-TME","scCRLM_Atlas_ST-colon4","Normal",0.117016671541386
"TME-TME","01_034_C1d1","Malignant",0
"TME-TME","01_034_C1d1","Boundary",0.56
"TME-TME","01_034_C1d1","Normal",0.437956204379562
"TME-TME","01_034_C3d1","Malignant",0.466114380975062
"TME-TME","01_034_C3d1","Boundary",0.75
"TME-TME","01_034_C3d1","Normal",0.725806451612903
"TME-TME","01_039_C1d1","Malignant",0.419400352733686
"TME-TME","01_039_C1d1","Boundary",0.493333333333333
"TME-TME","01_039_C1d1","Normal",0.247076082831896
"TME-TME","01_039_C3d1","Malignant",0.325834175935288
"TME-TME","01_039_C3d1","Boundary",0.457142857142857
"TME-TME","01_039_C3d1","Normal",0.358185072112854
"TME-TME","1142243F","Malignant",0.545893719806763
"TME-TME","1142243F","Boundary",0.675032574300428
"TME-TME","1142243F","Normal",0.254793793760339
"TME-TME","1160920F","Malignant",0.417496833885527
"TME-TME","1160920F","Boundary",0.511665709602938
"TME-TME","1160920F","Normal",0.348064821603128
"TME-TME","A_955_OvarianTumor","Malignant",0.470588235294117
"TME-TME","A_955_OvarianTumor","Boundary",0.468366938510031
"TME-TME","A_955_OvarianTumor","Normal",0.318803254179512
"TME-TME","A_GTFB1154_OvarianCancerTumor","Malignant",0
"TME-TME","A_GTFB1154_OvarianCancerTumor","Boundary",0.455445544554455
"TME-TME","A_GTFB1154_OvarianCancerTumor","Normal",0.302706611570247
"TME-TME","Ajou_Visium_P1","Malignant",0.515379766782225
"TME-TME","Ajou_Visium_P1","Boundary",0.834848610077967
"TME-TME","Ajou_Visium_P1","Normal",0.417918298490314
"TME-TME","Ajou_Visium_P2","Malignant",0.44977478806475
"TME-TME","Ajou_Visium_P2","Boundary",0.505
"TME-TME","Ajou_Visium_P2","Normal",0.145496230607772
"TME-TME","Ajou_Visium_P4","Malignant",0.622356495468278
"TME-TME","Ajou_Visium_P4","Boundary",0.43339670468948
"TME-TME","Ajou_Visium_P4","Normal",0.372799143091219
"TME-TME","B_GTFB1191_OvarianCancerTumor","Malignant",0.523644308006159
"TME-TME","B_GTFB1191_OvarianCancerTumor","Boundary",0.460465116279069
"TME-TME","B_GTFB1191_OvarianCancerTumor","Normal",0.268113808122803
"TME-TME","CID4290","Malignant",0.578947368421052
"TME-TME","CID4290","Boundary",0.835820895522388
"TME-TME","CID4290","Normal",0.320515348174922
"TME-TME","CID4465","Malignant",0.545454545454545
"TME-TME","CID4465","Boundary",0.482617089138828
"TME-TME","CID4465","Normal",0.282592991399402
"TME-TME","CID44971","Malignant",0.385416666666666
"TME-TME","CID44971","Boundary",0.462809917355371
"TME-TME","CID44971","Normal",0.246844374041249
"TME-TME","CID4535","Malignant",0.385826771653543
"TME-TME","CID4535","Boundary",0.619718309859154
"TME-TME","CID4535","Normal",0.294841557813255
"TME-TME","C_GTFB1170_SmallCellOvarianCancer","Malignant",0.426470588235294
"TME-TME","C_GTFB1170_SmallCellOvarianCancer","Boundary",0.245283018867924
"TME-TME","C_GTFB1170_SmallCellOvarianCancer","Normal",0.309287551051278
"TME-TME","Colon_10x_Visium_SampleP2_CRC","Malignant",0.300497561700126
"TME-TME","Colon_10x_Visium_SampleP2_CRC","Boundary",0.492592592592592
"TME-TME","Colon_10x_Visium_SampleP2_CRC","Normal",0.167350497709129
"TME-TME","CytAssist_11mm_FFPE_Human_Lung_Cancer_230214","Malignant",0.190628576326044
"TME-TME","CytAssist_11mm_FFPE_Human_Lung_Cancer_230214","Boundary",0.505607966457023
"TME-TME","CytAssist_11mm_FFPE_Human_Lung_Cancer_230214","Normal",0.281492505418689
"TME-TME","CytAssist_11mm_FFPE_Human_Ovarian_Carcinoma_220715","Malignant",0.221970839617898
"TME-TME","CytAssist_11mm_FFPE_Human_Ovarian_Carcinoma_220715","Boundary",0.538961038961039
"TME-TME","CytAssist_11mm_FFPE_Human_Ovarian_Carcinoma_220715","Normal",0.260470248490519
"TME-TME","CytAssist_FFPE_Human_Lung_Squamous_Cell_Carcinoma_220714","Malignant",0.358879587692919
"TME-TME","CytAssist_FFPE_Human_Lung_Squamous_Cell_Carcinoma_220714","Boundary",0.525344095157179
"TME-TME","CytAssist_FFPE_Human_Lung_Squamous_Cell_Carcinoma_220714","Normal",0.378002127085416
"TME-TME","CytAssist_Fresh_Frozen_Human_Breast_Cancer_230107","Malignant",0.527112689502425
"TME-TME","CytAssist_Fresh_Frozen_Human_Breast_Cancer_230107","Boundary",0.538461538461538
"TME-TME","CytAssist_Fresh_Frozen_Human_Breast_Cancer_230107","Normal",0.442031099983056
"TME-TME","D_GTFB1170_SmallCellOvarianCancer","Malignant",0.367143733387855
"TME-TME","D_GTFB1170_SmallCellOvarianCancer","Boundary",0.46875
"TME-TME","D_GTFB1170_SmallCellOvarianCancer","Normal",0.33795397926313
"TME-TME","D_GTFB_1230_OvarianTumor","Malignant",0
"TME-TME","D_GTFB_1230_OvarianTumor","Boundary",0.743589743589743
"TME-TME","D_GTFB_1230_OvarianTumor","Normal",0.304193757125689
"TME-TME","E_MTAB_13530_P10_T1","Malignant",0.392314990512333
"TME-TME","E_MTAB_13530_P10_T1","Boundary",0.533774743558955
"TME-TME","E_MTAB_13530_P10_T1","Normal",0.447978776263486
"TME-TME","E_MTAB_13530_P10_T2","Malignant",0.566037735849056
"TME-TME","E_MTAB_13530_P10_T2","Boundary",0.489130229304901
"TME-TME","E_MTAB_13530_P10_T2","Normal",0.29388286768758
"TME-TME","E_MTAB_13530_P10_T3","Malignant",0.704545454545454
"TME-TME","E_MTAB_13530_P10_T3","Boundary",0
"TME-TME","E_MTAB_13530_P10_T3","Normal",0.236895676924346
"TME-TME","E_MTAB_13530_P10_T4","Malignant",0.485294117647058
"TME-TME","E_MTAB_13530_P10_T4","Boundary",0.495049504950495
"TME-TME","E_MTAB_13530_P10_T4","Normal",0.272295714328349
"TME-TME","E_MTAB_13530_P11_T1","Malignant",0.516611479028697
"TME-TME","E_MTAB_13530_P11_T1","Boundary",0.446705226192935
"TME-TME","E_MTAB_13530_P11_T1","Normal",0.385726346675524
"TME-TME","E_MTAB_13530_P11_T2","Malignant",1
"TME-TME","E_MTAB_13530_P11_T2","Boundary",0.531390765765765
"TME-TME","E_MTAB_13530_P11_T2","Normal",0.375839194973591
"TME-TME","E_MTAB_13530_P11_T3","Malignant",0
"TME-TME","E_MTAB_13530_P11_T3","Boundary",0.63076923076923
"TME-TME","E_MTAB_13530_P11_T3","Normal",0.35615444704832
"TME-TME","E_MTAB_13530_P11_T4","Malignant",0.666666666666666
"TME-TME","E_MTAB_13530_P11_T4","Boundary",0.44
"TME-TME","E_MTAB_13530_P11_T4","Normal",0.32515365835908
"TME-TME","E_MTAB_13530_P15_T1","Malignant",0.59656652360515
"TME-TME","E_MTAB_13530_P15_T1","Boundary",0.443010215411947
"TME-TME","E_MTAB_13530_P15_T1","Normal",0.447141619212676
"TME-TME","E_MTAB_13530_P15_T2","Malignant",0.630871204524487
"TME-TME","E_MTAB_13530_P15_T2","Boundary",0.484430936754176
"TME-TME","E_MTAB_13530_P15_T2","Normal",0.441503672397734
"TME-TME","E_MTAB_13530_P16_T1","Malignant",0.622857142857142
"TME-TME","E_MTAB_13530_P16_T1","Boundary",0.205673758865248
"TME-TME","E_MTAB_13530_P16_T1","Normal",0.245821012844014
"TME-TME","E_MTAB_13530_P16_T2","Malignant",0.454545454545454
"TME-TME","E_MTAB_13530_P16_T2","Boundary",0.32
"TME-TME","E_MTAB_13530_P16_T2","Normal",0.251362407935376
"TME-TME","E_MTAB_13530_P17_T1","Malignant",0.501098821658353
"TME-TME","E_MTAB_13530_P17_T1","Boundary",0.54408331301969
"TME-TME","E_MTAB_13530_P17_T1","Normal",0.486433211680111
"TME-TME","E_MTAB_13530_P17_T2","Malignant",0.531024083500876
"TME-TME","E_MTAB_13530_P17_T2","Boundary",0.561357808857808
"TME-TME","E_MTAB_13530_P17_T2","Normal",0.401432782263232
"TME-TME","E_MTAB_13530_P19_T1","Malignant",0.483097251585623
"TME-TME","E_MTAB_13530_P19_T1","Boundary",0.57887104622871
"TME-TME","E_MTAB_13530_P19_T1","Normal",0.511656108597285
"TME-TME","E_MTAB_13530_P19_T2","Malignant",0.561496509945463
"TME-TME","E_MTAB_13530_P19_T2","Boundary",0.574055608820709
"TME-TME","E_MTAB_13530_P19_T2","Normal",0.792873051224944
"TME-TME","E_MTAB_13530_P24_T1","Malignant",0.409090909090909
"TME-TME","E_MTAB_13530_P24_T1","Boundary",0
"TME-TME","E_MTAB_13530_P24_T1","Normal",0.293765159347684
"TME-TME","E_MTAB_13530_P24_T2","Malignant",0.572139303482587
"TME-TME","E_MTAB_13530_P24_T2","Boundary",0.587121212121212
"TME-TME","E_MTAB_13530_P24_T2","Normal",0.363834940205803
"TME-TME","E_MTAB_13530_P25_T1","Malignant",0.707964601769911
"TME-TME","E_MTAB_13530_P25_T1","Boundary",0.516949152542372
"TME-TME","E_MTAB_13530_P25_T1","Normal",0.481514000949216
"TME-TME","E_MTAB_13530_P25_T2","Malignant",0.340305010893246
"TME-TME","E_MTAB_13530_P25_T2","Boundary",0.552238805970149
"TME-TME","E_MTAB_13530_P25_T2","Normal",0.322265932336742
"TME-TME","GSE144239_GSM4565823","Malignant",0
"TME-TME","GSE144239_GSM4565823","Boundary",0
"TME-TME","GSE144239_GSM4565823","Normal",0.408603659864101
"TME-TME","GSE144239_GSM4565825","Malignant",0.578179267540969
"TME-TME","GSE144239_GSM4565825","Boundary",0.581813660477453
"TME-TME","GSE144239_GSM4565825","Normal",0.165038343036535
"TME-TME","GSE144239_GSM4565826","Malignant",0
"TME-TME","GSE144239_GSM4565826","Boundary",1
"TME-TME","GSE144239_GSM4565826","Normal",0.221148058202046
"TME-TME","GSE251950_20_00331_LI_SING","Malignant",0.422850511922516
"TME-TME","GSE251950_20_00331_LI_SING","Boundary",0.570040168059467
"TME-TME","GSE251950_20_00331_LI_SING","Normal",0.266676639696126
"TME-TME","GSE251950_21_00731_LI_SING","Malignant",0.525281696809014
"TME-TME","GSE251950_21_00731_LI_SING","Boundary",0.49
"TME-TME","GSE251950_21_00731_LI_SING","Normal",0.157278966018801
"TME-TME","GSE251950_21_00732_LI_SING","Malignant",0.206153846153846
"TME-TME","GSE251950_21_00732_LI_SING","Boundary",0.536231884057971
"TME-TME","GSE251950_21_00732_LI_SING","Normal",0.184851257449491
"TME-TME","GSE251950_21_00733_LI_SING","Malignant",0
"TME-TME","GSE251950_21_00733_LI_SING","Boundary",0.447698744769874
"TME-TME","GSE251950_21_00733_LI_SING","Normal",0.138009921957039
"TME-TME","GSE251950_21_00734_LI_SING","Malignant",0.462825419032727
"TME-TME","GSE251950_21_00734_LI_SING","Boundary",0.398648648648648
"TME-TME","GSE251950_21_00734_LI_SING","Normal",0.332100932753621
"TME-TME","GSE251950_21_01251_LI_SING","Malignant",0.470296706169396
"TME-TME","GSE251950_21_01251_LI_SING","Boundary",0.536016637606873
"TME-TME","GSE251950_21_01251_LI_SING","Normal",0.321164892648446
"TME-TME","GSE251950_21_01253_LI_SING","Malignant",0.439879518072289
"TME-TME","GSE251950_21_01253_LI_SING","Boundary",0.414893617021276
"TME-TME","GSE251950_21_01253_LI_SING","Normal",0.34055563580336
"TME-TME","GSE251950_21_01254_LI_SING","Malignant",0.416949152542372
"TME-TME","GSE251950_21_01254_LI_SING","Boundary",0.636173449980981
"TME-TME","GSE251950_21_01254_LI_SING","Normal",0.29291013005302
"TME-TME","GSE251950_21_01675_LI_SING","Malignant",0.315508021390374
"TME-TME","GSE251950_21_01675_LI_SING","Boundary",0.5
"TME-TME","GSE251950_21_01675_LI_SING","Normal",0.229765179660247
"TME-TME","GSM5494475_HNSCC201125T04","Malignant",0.329411764705882
"TME-TME","GSM5494475_HNSCC201125T04","Boundary",0.339622641509433
"TME-TME","GSM5494475_HNSCC201125T04","Normal",0.251984251968503
"TME-TME","GSM5494476_HNSCC201125T05","Malignant",0.358490566037735
"TME-TME","GSM5494476_HNSCC201125T05","Boundary",0.69298245614035
"TME-TME","GSM5494476_HNSCC201125T05","Normal",0.483652334720295
"TME-TME","GSM5494477_HNSCC201125T07","Malignant",0
"TME-TME","GSM5494477_HNSCC201125T07","Boundary",0
"TME-TME","GSM5494477_HNSCC201125T07","Normal",0.430442106912695
"TME-TME","GSM5494478_HNSCC201125T10","Malignant",0
"TME-TME","GSM5494478_HNSCC201125T10","Boundary",0.463917525773195
"TME-TME","GSM5494478_HNSCC201125T10","Normal",0.380549682875264
"TME-TME","GSM5494480_P210325T3","Malignant",0.166666666666666
"TME-TME","GSM5494480_P210325T3","Boundary",0.878787878787878
"TME-TME","GSM5494480_P210325T3","Normal",0.188302843355831
"TME-TME","GSM5494481_P210325T5","Malignant",0
"TME-TME","GSM5494481_P210325T5","Boundary",0.473684210526315
"TME-TME","GSM5494481_P210325T5","Normal",0.317956157317859
"TME-TME","GSM5494482_P210325T6","Malignant",0
"TME-TME","GSM5494482_P210325T6","Boundary",0
"TME-TME","GSM5494482_P210325T6","Normal",0.27299154334038
"TME-TME","GSM5924030_ffpe_c_2","Malignant",0.718023255813953
"TME-TME","GSM5924030_ffpe_c_2","Boundary",0.582914572864321
"TME-TME","GSM5924030_ffpe_c_2","Normal",0.137853038783913
"TME-TME","GSM5924031_ffpe_c_3","Malignant",0.206420005152032
"TME-TME","GSM5924031_ffpe_c_3","Boundary",0.469049356810509
"TME-TME","GSM5924031_ffpe_c_3","Normal",0.145272470690403
"TME-TME","GSM5924032_ffpe_c_4","Malignant",0.207940217391304
"TME-TME","GSM5924032_ffpe_c_4","Boundary",0.448163905060456
"TME-TME","GSM5924032_ffpe_c_4","Normal",0.185262749660655
"TME-TME","GSM5924033_ffpe_c_7","Malignant",0.29095811610486
"TME-TME","GSM5924033_ffpe_c_7","Boundary",0.5
"TME-TME","GSM5924033_ffpe_c_7","Normal",0.154176659079897
"TME-TME","GSM5924034_ffpe_c_10","Malignant",1
"TME-TME","GSM5924034_ffpe_c_10","Boundary",0.35
"TME-TME","GSM5924034_ffpe_c_10","Normal",0.104556469054536
"TME-TME","GSM5924035_ffpe_c_20","Malignant",0.526315789473684
"TME-TME","GSM5924035_ffpe_c_20","Boundary",0.517588383838383
"TME-TME","GSM5924035_ffpe_c_20","Normal",0.182403682516593
"TME-TME","GSM5924036_ffpe_c_21","Malignant",0.513423423423423
"TME-TME","GSM5924036_ffpe_c_21","Boundary",0.603174603174603
"TME-TME","GSM5924036_ffpe_c_21","Normal",0.14090952024342
"TME-TME","GSM5924037_ffpe_c_34","Malignant",0.219536536682732
"TME-TME","GSM5924037_ffpe_c_34","Boundary",0.442622950819672
"TME-TME","GSM5924037_ffpe_c_34","Normal",0.145343119537497
"TME-TME","GSM5924038_ffpe_c_36","Malignant",0.403433476394849
"TME-TME","GSM5924038_ffpe_c_36","Boundary",0.479165928498033
"TME-TME","GSM5924038_ffpe_c_36","Normal",0.100575034908907
"TME-TME","GSM5924039_ffpe_c_39","Malignant",0.264452059282557
"TME-TME","GSM5924039_ffpe_c_39","Boundary",0.523295934922194
"TME-TME","GSM5924039_ffpe_c_39","Normal",0.21509506577632
"TME-TME","GSM5924040_ffpe_c_45","Malignant",0.311552215046677
"TME-TME","GSM5924040_ffpe_c_45","Boundary",0.455267682456868
"TME-TME","GSM5924040_ffpe_c_45","Normal",0.178645751627578
"TME-TME","GSM5924041_ffpe_c_51","Malignant",0.20125786163522
"TME-TME","GSM5924041_ffpe_c_51","Boundary",0.47560975609756
"TME-TME","GSM5924041_ffpe_c_51","Normal",0.125845017950281
"TME-TME","GSM5924042_frozen_a_1","Malignant",0.519021739130434
"TME-TME","GSM5924042_frozen_a_1","Boundary",0.727272727272727
"TME-TME","GSM5924042_frozen_a_1","Normal",0.268115484487099
"TME-TME","GSM5924043_frozen_a_3","Malignant",0.305005446623093
"TME-TME","GSM5924043_frozen_a_3","Boundary",0.409090909090909
"TME-TME","GSM5924043_frozen_a_3","Normal",0.27891156462585
"TME-TME","GSM5924044_frozen_a_15","Malignant",0.496586672879776
"TME-TME","GSM5924044_frozen_a_15","Boundary",0.414746543778801
"TME-TME","GSM5924044_frozen_a_15","Normal",0.337185406602791
"TME-TME","GSM5924045_frozen_a_17","Malignant",0
"TME-TME","GSM5924045_frozen_a_17","Boundary",0
"TME-TME","GSM5924045_frozen_a_17","Normal",0.276147829918484
"TME-TME","GSM5924046_frozen_b_1","Malignant",0.414772727272727
"TME-TME","GSM5924046_frozen_b_1","Boundary",0.9
"TME-TME","GSM5924046_frozen_b_1","Normal",0.281231767794632
"TME-TME","GSM5924048_frozen_b_13","Malignant",0.440428974011063
"TME-TME","GSM5924048_frozen_b_13","Boundary",0.42156862745098
"TME-TME","GSM5924048_frozen_b_13","Normal",0.272356983193973
"TME-TME","GSM5924049_frozen_b_18","Malignant",0.50387969924812
"TME-TME","GSM5924049_frozen_b_18","Boundary",0.724137931034482
"TME-TME","GSM5924049_frozen_b_18","Normal",0.303948648122933
"TME-TME","GSM5924050_frozen_c_2","Malignant",0.467289719626168
"TME-TME","GSM5924050_frozen_c_2","Boundary",0.793103448275862
"TME-TME","GSM5924050_frozen_c_2","Normal",0.196888674776185
"TME-TME","GSM5924051_frozen_c_5","Malignant",0.362068965517241
"TME-TME","GSM5924051_frozen_c_5","Boundary",0.448863636363636
"TME-TME","GSM5924051_frozen_c_5","Normal",0.199511668515479
"TME-TME","GSM5924052_frozen_c_23","Malignant",0.274740333420616
"TME-TME","GSM5924052_frozen_c_23","Boundary",0.531967299025259
"TME-TME","GSM5924052_frozen_c_23","Normal",0.190406470055079
"TME-TME","GSM6030901_patient_1","Malignant",0.919354838709677
"TME-TME","GSM6030901_patient_1","Boundary",0.441860465116279
"TME-TME","GSM6030901_patient_1","Normal",0.382293563454991
"TME-TME","GSM6030902_patient_2","Malignant",0
"TME-TME","GSM6030902_patient_2","Boundary",0.523076923076923
"TME-TME","GSM6030902_patient_2","Normal",0.444580944580944
"TME-TME","GSM6177599_NYU_BRCA0_Vis","Malignant",0.431863395225464
"TME-TME","GSM6177599_NYU_BRCA0_Vis","Boundary",0.390720817643894
"TME-TME","GSM6177599_NYU_BRCA0_Vis","Normal",0.295418741223665
"TME-TME","GSM6177603_NYU_BRCA2_Vis","Malignant",0.455941176470588
"TME-TME","GSM6177603_NYU_BRCA2_Vis","Boundary",0.450465564969381
"TME-TME","GSM6177603_NYU_BRCA2_Vis","Normal",0.272165207293726
"TME-TME","GSM6177607_NYU_GIST1_Vis","Malignant",0
"TME-TME","GSM6177607_NYU_GIST1_Vis","Boundary",0.334802788728565
"TME-TME","GSM6177607_NYU_GIST1_Vis","Normal",0.387237691686844
"TME-TME","GSM6177612_NYU_LIHC1_Vis","Malignant",0.241758241758241
"TME-TME","GSM6177612_NYU_LIHC1_Vis","Boundary",1
"TME-TME","GSM6177612_NYU_LIHC1_Vis","Normal",0.828571428571428
"TME-TME","GSM6177614_NYU_OVCA1_Vis","Malignant",0.637931034482758
"TME-TME","GSM6177614_NYU_OVCA1_Vis","Boundary",0.464607201309329
"TME-TME","GSM6177614_NYU_OVCA1_Vis","Normal",0.566340491266548
"TME-TME","GSM6177617_NYU_OVCA3_Vis","Malignant",0.625954198473282
"TME-TME","GSM6177617_NYU_OVCA3_Vis","Boundary",0.452830188679245
"TME-TME","GSM6177617_NYU_OVCA3_Vis","Normal",0.563785162247261
"TME-TME","GSM6177618_NYU_PDAC1_Vis","Malignant",0.688888888888888
"TME-TME","GSM6177618_NYU_PDAC1_Vis","Boundary",0.407221017535503
"TME-TME","GSM6177618_NYU_PDAC1_Vis","Normal",0.428269750051928
"TME-TME","GSM6177623_NYU_UCEC3_Vis","Malignant",0.618573747210387
"TME-TME","GSM6177623_NYU_UCEC3_Vis","Boundary",0.345238095238095
"TME-TME","GSM6177623_NYU_UCEC3_Vis","Normal",0.439096764854888
"TME-TME","GSM6339631_s1","Malignant",1
"TME-TME","GSM6339631_s1","Boundary",1
"TME-TME","GSM6339631_s1","Normal",0.301211169675899
"TME-TME","GSM6339632_s2","Malignant",0.611461979862138
"TME-TME","GSM6339632_s2","Boundary",0.527888888888888
"TME-TME","GSM6339632_s2","Normal",0.246525247100643
"TME-TME","GSM6339633_s3","Malignant",0.412479273304015
"TME-TME","GSM6339633_s3","Boundary",0.838709677419354
"TME-TME","GSM6339633_s3","Normal",0.50686994165255
"TME-TME","GSM6339634_s4","Malignant",0
"TME-TME","GSM6339634_s4","Boundary",0
"TME-TME","GSM6339634_s4","Normal",0.182780519005847
"TME-TME","GSM6339635_s5","Malignant",1
"TME-TME","GSM6339635_s5","Boundary",0.658333333333333
"TME-TME","GSM6339635_s5","Normal",0.231597500153931
"TME-TME","GSM6339636_s6","Malignant",1
"TME-TME","GSM6339636_s6","Boundary",0
"TME-TME","GSM6339636_s6","Normal",0.34205854873871
"TME-TME","GSM6339640_s10","Malignant",1
"TME-TME","GSM6339640_s10","Boundary",0.394736842105263
"TME-TME","GSM6339640_s10","Normal",0.459898074745186
"TME-TME","GSM6339641_s11","Malignant",0
"TME-TME","GSM6339641_s11","Boundary",0.575757575757575
"TME-TME","GSM6339641_s11","Normal",0.334794648452988
"TME-TME","GSM6339642_s12","Malignant",0.328767123287671
"TME-TME","GSM6339642_s12","Boundary",0.277777777777777
"TME-TME","GSM6339642_s12","Normal",0.303946556335291
"TME-TME","GSM6433585_092A","Malignant",0.477775033954809
"TME-TME","GSM6433585_092A","Boundary",1
"TME-TME","GSM6433585_092A","Normal",0.432571204598902
"TME-TME","GSM6433586_092B","Malignant",0
"TME-TME","GSM6433586_092B","Boundary",0
"TME-TME","GSM6433586_092B","Normal",0.363531144781144
"TME-TME","GSM6433587_093A","Malignant",0.567073170731707
"TME-TME","GSM6433587_093A","Boundary",0
"TME-TME","GSM6433587_093A","Normal",0.321606593444369
"TME-TME","GSM6433588_093B","Malignant",0.378989965431321
"TME-TME","GSM6433588_093B","Boundary",0
"TME-TME","GSM6433588_093B","Normal",0.475
"TME-TME","GSM6433589_093C","Malignant",0.400763636893571
"TME-TME","GSM6433589_093C","Boundary",0.571054536020536
"TME-TME","GSM6433589_093C","Normal",0.346410256410256
"TME-TME","GSM6433590_093D","Malignant",0.808988764044943
"TME-TME","GSM6433590_093D","Boundary",0.741935483870967
"TME-TME","GSM6433590_093D","Normal",0.191090349183151
"TME-TME","GSM6433592_094B","Malignant",0.452692466602396
"TME-TME","GSM6433592_094B","Boundary",0.485981308411214
"TME-TME","GSM6433592_094B","Normal",0.524301115373685
"TME-TME","GSM6433593_094C","Malignant",0.52433453643131
"TME-TME","GSM6433593_094C","Boundary",0.653333333333333
"TME-TME","GSM6433593_094C","Normal",0.25535978580486
"TME-TME","GSM6433594_094D","Malignant",1
"TME-TME","GSM6433594_094D","Boundary",0.682926829268292
"TME-TME","GSM6433594_094D","Normal",0.206703910614525
"TME-TME","GSM6433595_095A","Malignant",0.436090225563909
"TME-TME","GSM6433595_095A","Boundary",0
"TME-TME","GSM6433595_095A","Normal",0.320298251260594
"TME-TME","GSM6433596_095B","Malignant",0.459183673469387
"TME-TME","GSM6433596_095B","Boundary",0.402777777777777
"TME-TME","GSM6433596_095B","Normal",0.270128876672544
"TME-TME","GSM6433597_117B","Malignant",0.657142857142857
"TME-TME","GSM6433597_117B","Boundary",0.577981651376146
"TME-TME","GSM6433597_117B","Normal",0.441750421832587
"TME-TME","GSM6433598_117C","Malignant",0.503337041156841
"TME-TME","GSM6433598_117C","Boundary",0.422360248447205
"TME-TME","GSM6433598_117C","Normal",0.454545454545454
"TME-TME","GSM6433599_117D","Malignant",0.3268156424581
"TME-TME","GSM6433599_117D","Boundary",0.502304343209089
"TME-TME","GSM6433599_117D","Normal",0.569713548553091
"TME-TME","GSM6433600_117E","Malignant",0.347683535281539
"TME-TME","GSM6433600_117E","Boundary",1
"TME-TME","GSM6433600_117E","Normal",0.611650485436893
"TME-TME","GSM6433601_118B","Malignant",0.657534246575342
"TME-TME","GSM6433601_118B","Boundary",0
"TME-TME","GSM6433601_118B","Normal",0.339309256604208
"TME-TME","GSM6433602_118C","Malignant",0
"TME-TME","GSM6433602_118C","Boundary",0
"TME-TME","GSM6433602_118C","Normal",0.248571583455304
"TME-TME","GSM6433603_118D","Malignant",0
"TME-TME","GSM6433603_118D","Boundary",0.540983606557377
"TME-TME","GSM6433603_118D","Normal",0.283034857691077
"TME-TME","GSM6433604_118E","Malignant",0.813333333333333
"TME-TME","GSM6433604_118E","Boundary",0.527472527472527
"TME-TME","GSM6433604_118E","Normal",0.270725945017182
"TME-TME","GSM6433605_119B","Malignant",0
"TME-TME","GSM6433605_119B","Boundary",0
"TME-TME","GSM6433605_119B","Normal",0.341085271317829
"TME-TME","GSM6433606_119C","Malignant",0
"TME-TME","GSM6433606_119C","Boundary",0.29059829059829
"TME-TME","GSM6433606_119C","Normal",0.395682056459441
"TME-TME","GSM6433607_119D","Malignant",0.402931386234296
"TME-TME","GSM6433607_119D","Boundary",0
"TME-TME","GSM6433607_119D","Normal",0.352462338715125
"TME-TME","GSM6433608_119E","Malignant",0.407340067340067
"TME-TME","GSM6433608_119E","Boundary",0.484536082474226
"TME-TME","GSM6433608_119E","Normal",0.358913684822206
"TME-TME","GSM6433609_120B","Malignant",0.326860231271995
"TME-TME","GSM6433609_120B","Boundary",0.522976370035193
"TME-TME","GSM6433609_120B","Normal",0.426776703111858
"TME-TME","GSM6433610_120C","Malignant",0.291536050156739
"TME-TME","GSM6433610_120C","Boundary",0.476842105263157
"TME-TME","GSM6433610_120C","Normal",0.261773597581457
"TME-TME","GSM6433611_120D","Malignant",0.582417582417582
"TME-TME","GSM6433611_120D","Boundary",0.482059688687339
"TME-TME","GSM6433611_120D","Normal",0.435798569485041
"TME-TME","GSM6433613_395A","Malignant",0.510038947085683
"TME-TME","GSM6433613_395A","Boundary",0.444444444444444
"TME-TME","GSM6433613_395A","Normal",0.236510070652746
"TME-TME","GSM6433614_395B","Malignant",0.785714285714285
"TME-TME","GSM6433614_395B","Boundary",0
"TME-TME","GSM6433614_395B","Normal",0.34261090403152
"TME-TME","GSM6433615_395C","Malignant",0.678787878787878
"TME-TME","GSM6433615_395C","Boundary",0.511363636363636
"TME-TME","GSM6433615_395C","Normal",0.0814667330346771
"TME-TME","GSM6433616_395D","Malignant",0.650646523288032
"TME-TME","GSM6433616_395D","Boundary",0.4
"TME-TME","GSM6433616_395D","Normal",0.260479208914847
"TME-TME","GSM6433617_396A","Malignant",0
"TME-TME","GSM6433617_396A","Boundary",0
"TME-TME","GSM6433617_396A","Normal",0.475409836065573
"TME-TME","GSM6433618_396C","Malignant",0.318181818181818
"TME-TME","GSM6433618_396C","Boundary",0
"TME-TME","GSM6433618_396C","Normal",0.17185038608438
"TME-TME","GSM6433619_396D","Malignant",0.469538706256627
"TME-TME","GSM6433619_396D","Boundary",1
"TME-TME","GSM6433619_396D","Normal",0.147563128250734
"TME-TME","GSM6433620_397A","Malignant",0.75187969924812
"TME-TME","GSM6433620_397A","Boundary",1
"TME-TME","GSM6433620_397A","Normal",0.394828724752745
"TME-TME","GSM6433621_397B","Malignant",0.200746268656716
"TME-TME","GSM6433621_397B","Boundary",0
"TME-TME","GSM6433621_397B","Normal",0.474837270973963
"TME-TME","GSM6433622_397C","Malignant",0.319648093841642
"TME-TME","GSM6433622_397C","Boundary",0.398599686643164
"TME-TME","GSM6433622_397C","Normal",0.359265330139116
"TME-TME","GSM6433623_397D","Malignant",0
"TME-TME","GSM6433623_397D","Boundary",0
"TME-TME","GSM6433623_397D","Normal",0.135446950710108
"TME-TME","GSM6433624_398A","Malignant",0.361166442087995
"TME-TME","GSM6433624_398A","Boundary",0.419354838709677
"TME-TME","GSM6433624_398A","Normal",0.326633165829145
"TME-TME","GSM6433625_398B","Malignant",0
"TME-TME","GSM6433625_398B","Boundary",1
"TME-TME","GSM6433625_398B","Normal",0.497685135569606
"TME-TME","GSM6433627_398D","Malignant",0
"TME-TME","GSM6433627_398D","Boundary",0.435897435897435
"TME-TME","GSM6433627_398D","Normal",0.230334761224813
"TME-TME","GSM6505133_DonorA","Malignant",0
"TME-TME","GSM6505133_DonorA","Boundary",0.456375838926174
"TME-TME","GSM6505133_DonorA","Normal",0.267702923171334
"TME-TME","GSM6505134_DonorB","Malignant",0.423864544915276
"TME-TME","GSM6505134_DonorB","Boundary",0.56
"TME-TME","GSM6505134_DonorB","Normal",0.290920734085502
"TME-TME","GSM6505135_DonorC","Malignant",0.423013871374527
"TME-TME","GSM6505135_DonorC","Boundary",0.547406838263542
"TME-TME","GSM6505135_DonorC","Normal",0.1967307820744
"TME-TME","GSM6506110_SP1","Malignant",0.355517457169652
"TME-TME","GSM6506110_SP1","Boundary",0.54363694065376
"TME-TME","GSM6506110_SP1","Normal",0.422987059669302
"TME-TME","GSM6506111_SP2","Malignant",0
"TME-TME","GSM6506111_SP2","Boundary",0
"TME-TME","GSM6506111_SP2","Normal",0.275
"TME-TME","GSM6506112_SP3","Malignant",1
"TME-TME","GSM6506112_SP3","Boundary",0
"TME-TME","GSM6506112_SP3","Normal",0.310174311504098
"TME-TME","GSM6506113_SP4","Malignant",0.917910447761194
"TME-TME","GSM6506113_SP4","Boundary",0.536
"TME-TME","GSM6506113_SP4","Normal",0.273262151039928
"TME-TME","GSM6506114_SP5","Malignant",0
"TME-TME","GSM6506114_SP5","Boundary",0.452830188679245
"TME-TME","GSM6506114_SP5","Normal",0.130387815632755
"TME-TME","GSM6506115_SP6","Malignant",1
"TME-TME","GSM6506115_SP6","Boundary",0.484536082474226
"TME-TME","GSM6506115_SP6","Normal",0.295399824894206
"TME-TME","GSM6506116_SP7","Malignant",0.593621415031823
"TME-TME","GSM6506116_SP7","Boundary",0.603059937318751
"TME-TME","GSM6506116_SP7","Normal",0.340192465192465
"TME-TME","GSM6506117_SP8","Malignant",0.432226235343383
"TME-TME","GSM6506117_SP8","Boundary",0.483333333333333
"TME-TME","GSM6506117_SP8","Normal",0.263083870012584
"TME-TME","GSM6833484_Patient1","Malignant",0.325625202848674
"TME-TME","GSM6833484_Patient1","Boundary",0.447101435473528
"TME-TME","GSM6833484_Patient1","Normal",0.310397823629169
"TME-TME","GSM6833485_Patient2","Malignant",0.415841584158415
"TME-TME","GSM6833485_Patient2","Boundary",0.437157764972334
"TME-TME","GSM6833485_Patient2","Normal",0.154747398070277
"TME-TME","GSM6833486_Patient3","Malignant",0
"TME-TME","GSM6833486_Patient3","Boundary",1
"TME-TME","GSM6833486_Patient3","Normal",0.294307776224447
"TME-TME","GSM6833487_Patient4","Malignant",0.445163320130043
"TME-TME","GSM6833487_Patient4","Boundary",0.48123401416021
"TME-TME","GSM6833487_Patient4","Normal",0.201917599993318
"TME-TME","GSM7019835_OCCR2v","Malignant",0.589743589743589
"TME-TME","GSM7019835_OCCR2v","Boundary",0.580663997330664
"TME-TME","GSM7019835_OCCR2v","Normal",0.408856450346891
"TME-TME","GSM7019836_OCCS3v","Malignant",0.734042553191489
"TME-TME","GSM7019836_OCCS3v","Boundary",0.473214285714285
"TME-TME","GSM7019836_OCCS3v","Normal",0.503056211913941
"TME-TME","GSM7058756","Malignant",0.540380275332881
"TME-TME","GSM7058756","Boundary",0.665031551375163
"TME-TME","GSM7058756","Normal",0.403339996668332
"TME-TME","GSM7058757","Malignant",0.475428217721313
"TME-TME","GSM7058757","Boundary",0.73076923076923
"TME-TME","GSM7058757","Normal",0.374142779036163
"TME-TME","GSM7058758","Malignant",0
"TME-TME","GSM7058758","Boundary",0.9375
"TME-TME","GSM7058758","Normal",0.468133413239904
"TME-TME","GSM7058759","Malignant",0.520361990950226
"TME-TME","GSM7058759","Boundary",0.48076923076923
"TME-TME","GSM7058759","Normal",0.228608483763856
"TME-TME","GSM7090086_NextSeq2000","Malignant",0.435127409721061
"TME-TME","GSM7090086_NextSeq2000","Boundary",0.678571428571428
"TME-TME","GSM7090086_NextSeq2000","Normal",0.501538461538461
"TME-TME","GSM7090087_NextSeq2000","Malignant",0.388888888888888
"TME-TME","GSM7090087_NextSeq2000","Boundary",0.611764705882353
"TME-TME","GSM7090087_NextSeq2000","Normal",0.366576368366547
"TME-TME","GSM7090088_NextSeq2000","Malignant",0.393939393939393
"TME-TME","GSM7090088_NextSeq2000","Boundary",0
"TME-TME","GSM7090088_NextSeq2000","Normal",0.171916853130978
"TME-TME","GSM7211257_EHU-W3","Malignant",0.285339078182778
"TME-TME","GSM7211257_EHU-W3","Boundary",0.4180756268921
"TME-TME","GSM7211257_EHU-W3","Normal",0.143450842736956
"TME-TME","GSM7421790_PDAC_1","Malignant",1
"TME-TME","GSM7421790_PDAC_1","Boundary",0
"TME-TME","GSM7421790_PDAC_1","Normal",0.189531303455354
"TME-TME","GSM7421791_PDAC_2","Malignant",0.447368421052631
"TME-TME","GSM7421791_PDAC_2","Boundary",0
"TME-TME","GSM7421791_PDAC_2","Normal",0.197927072927072
"TME-TME","GSM7421792_PDAC_3","Malignant",0.6875
"TME-TME","GSM7421792_PDAC_3","Boundary",0.927710843373494
"TME-TME","GSM7421792_PDAC_3","Normal",0.249195842167864
"TME-TME","GSM7498811_SS1905133","Malignant",0.731843575418994
"TME-TME","GSM7498811_SS1905133","Boundary",0.54054054054054
"TME-TME","GSM7498811_SS1905133","Normal",0.278894237952506
"TME-TME","GSM7498812_SS1923404","Malignant",0.300613496932515
"TME-TME","GSM7498812_SS1923404","Boundary",0
"TME-TME","GSM7498812_SS1923404","Normal",0.233930845666907
"TME-TME","GSM7498813_SS1945070","Malignant",0
"TME-TME","GSM7498813_SS1945070","Boundary",0
"TME-TME","GSM7498813_SS1945070","Normal",0.278862044817927
"TME-TME","GSM7498814_SS1960050","Malignant",0
"TME-TME","GSM7498814_SS1960050","Boundary",0.495888102460397
"TME-TME","GSM7498814_SS1960050","Normal",0.11618005945778
"TME-TME","GSM7498815_SS2002154","Malignant",0.29625035950532
"TME-TME","GSM7498815_SS2002154","Boundary",0.458333333333333
"TME-TME","GSM7498815_SS2002154","Normal",0.237372594056781
"TME-TME","GSM7498816_SS2005094","Malignant",0.0961379765637894
"TME-TME","GSM7498816_SS2005094","Boundary",0.550510204081632
"TME-TME","GSM7498816_SS2005094","Normal",0.118733041009287
"TME-TME","GSM7498817_SS2021309","Malignant",0.458333333333333
"TME-TME","GSM7498817_SS2021309","Boundary",0.5
"TME-TME","GSM7498817_SS2021309","Normal",0.200830507697947
"TME-TME","GSM7757970_R1-S1","Malignant",0.366101694915254
"TME-TME","GSM7757970_R1-S1","Boundary",0
"TME-TME","GSM7757970_R1-S1","Normal",0.168984741329949
"TME-TME","GSM7757973_R1-S4","Malignant",0.360615751970481
"TME-TME","GSM7757973_R1-S4","Boundary",0.676190476190476
"TME-TME","GSM7757973_R1-S4","Normal",0.360906955919374
"TME-TME","GSM7757974_R1-S5","Malignant",0.425070535644486
"TME-TME","GSM7757974_R1-S5","Boundary",0.794871794871794
"TME-TME","GSM7757974_R1-S5","Normal",0.388825412387377
"TME-TME","GSM7757975_R1-S6","Malignant",0.305902920735192
"TME-TME","GSM7757975_R1-S6","Boundary",0.484653930472909
"TME-TME","GSM7757975_R1-S6","Normal",0.142392488544031
"TME-TME","GSM7757976_R2-S1","Malignant",0.243908499892542
"TME-TME","GSM7757976_R2-S1","Boundary",0.371988795518207
"TME-TME","GSM7757976_R2-S1","Normal",0.18952588497927
"TME-TME","GSM7757977_R2-S2","Malignant",0.341614906832298
"TME-TME","GSM7757977_R2-S2","Boundary",0.386281588447653
"TME-TME","GSM7757977_R2-S2","Normal",0.291956009894793
"TME-TME","GSM7757978_R2-S3","Malignant",0.50884722333986
"TME-TME","GSM7757978_R2-S3","Boundary",0.473166282642089
"TME-TME","GSM7757978_R2-S3","Normal",0.362966274820276
"TME-TME","GSM7757979_R2-S4","Malignant",0.218664617486338
"TME-TME","GSM7757979_R2-S4","Boundary",1
"TME-TME","GSM7757979_R2-S4","Normal",0.254173634336677
"TME-TME","GSM7757980_R2-S5","Malignant",0.305521816313183
"TME-TME","GSM7757980_R2-S5","Boundary",0.610169491525423
"TME-TME","GSM7757980_R2-S5","Normal",0.220427742072855
"TME-TME","GSM7757982_R3-S2","Malignant",0.271657754010695
"TME-TME","GSM7757982_R3-S2","Boundary",0.272727272727272
"TME-TME","GSM7757982_R3-S2","Normal",0.222072480592033
"TME-TME","GSM7757983_R3-S3","Malignant",0.064516129032258
"TME-TME","GSM7757983_R3-S3","Boundary",1
"TME-TME","GSM7757983_R3-S3","Normal",0.133862592650242
"TME-TME","GSM7757984_R3-S4","Malignant",0.410337153666407
"TME-TME","GSM7757984_R3-S4","Boundary",0.343513859837563
"TME-TME","GSM7757984_R3-S4","Normal",0.395215780296425
"TME-TME","GSM7757985_R3-S5","Malignant",0.385247959824231
"TME-TME","GSM7757985_R3-S5","Boundary",0.615640718828248
"TME-TME","GSM7757985_R3-S5","Normal",0.340624773501485
"TME-TME","GSM7777521_B1","Malignant",0
"TME-TME","GSM7777521_B1","Boundary",0
"TME-TME","GSM7777521_B1","Normal",0.41293448178324
"TME-TME","GSM7777522_C1","Malignant",0.450864381520119
"TME-TME","GSM7777522_C1","Boundary",0.507692307692307
"TME-TME","GSM7777522_C1","Normal",0.570175438596491
"TME-TME","GSM7777523_D1","Malignant",0
"TME-TME","GSM7777523_D1","Boundary",0
"TME-TME","GSM7777523_D1","Normal",0.454480444836527
"TME-TME","GSM7850822_CHC20","Malignant",0.5
"TME-TME","GSM7850822_CHC20","Boundary",1
"TME-TME","GSM7850822_CHC20","Normal",0.251425642755658
"TME-TME","HCC1R","Malignant",0.550280898876404
"TME-TME","HCC1R","Boundary",1
"TME-TME","HCC1R","Normal",0.808427538055789
"TME-TME","HCC3R","Malignant",0.518068713346154
"TME-TME","HCC3R","Boundary",1
"TME-TME","HCC3R","Normal",0.667401169704176
"TME-TME","HCC4R","Malignant",1
"TME-TME","HCC4R","Boundary",1
"TME-TME","HCC4R","Normal",0.657329087048832
"TME-TME","HCC6NR","Malignant",0.777777777777777
"TME-TME","HCC6NR","Boundary",0.681691213814118
"TME-TME","HCC6NR","Normal",0.758050826907221
"TME-TME","HCC7NR","Malignant",0.700893054903385
"TME-TME","HCC7NR","Boundary",0.716023879966187
"TME-TME","HCC7NR","Normal",0.705136471093917
"TME-TME","HRA000437_HCC-1T","Malignant",0.400825920268367
"TME-TME","HRA000437_HCC-1T","Boundary",0.924528301886792
"TME-TME","HRA000437_HCC-1T","Normal",0.670588634110099
"TME-TME","HRA000437_HCC-2T","Malignant",0.552303608492453
"TME-TME","HRA000437_HCC-2T","Boundary",0.690286360626793
"TME-TME","HRA000437_HCC-2T","Normal",0.584480286738351
"TME-TME","HRA000437_HCC-3T","Malignant",1
"TME-TME","HRA000437_HCC-3T","Boundary",0.870229007633587
"TME-TME","HRA000437_HCC-3T","Normal",0.461613071700365
"TME-TME","HRA000437_HCC-4T","Malignant",0.559495716411019
"TME-TME","HRA000437_HCC-4T","Boundary",0.682119205298013
"TME-TME","HRA000437_HCC-4T","Normal",0.585234501503585
"TME-TME","Parent_Visium_Human_BreastCancer_201027","Malignant",0.65134153523984
"TME-TME","Parent_Visium_Human_BreastCancer_201027","Boundary",0.568484719864176
"TME-TME","Parent_Visium_Human_BreastCancer_201027","Normal",0.514736691891999
"TME-TME","Parent_Visium_Human_ColorectalCancer_201027","Malignant",0.73803157626687
"TME-TME","Parent_Visium_Human_ColorectalCancer_201027","Boundary",0.0930232558139534
"TME-TME","Parent_Visium_Human_ColorectalCancer_201027","Normal",0.48949823540945
"TME-TME","Parent_Visium_Human_OvarianCancer_201027","Malignant",0.600336352821735
"TME-TME","Parent_Visium_Human_OvarianCancer_201027","Boundary",0.528297750667175
"TME-TME","Parent_Visium_Human_OvarianCancer_201027","Normal",0.350046554934823
"TME-TME","S16_43398","Malignant",0.590418818129661
"TME-TME","S16_43398","Boundary",0.411764705882352
"TME-TME","S16_43398","Normal",0.248738197061438
"TME-TME","S20_47598","Malignant",0.368632138531951
"TME-TME","S20_47598","Boundary",0.531456142334803
"TME-TME","S20_47598","Normal",0.167996815286624
"TME-TME","S20_61122","Malignant",0.455012853470437
"TME-TME","S20_61122","Boundary",0.492256296042487
"TME-TME","S20_61122","Normal",0.282489659710471
"TME-TME","S20_63981","Malignant",0.548139483065953
"TME-TME","S20_63981","Boundary",0.493506493506493
"TME-TME","S20_63981","Normal",0.336940791448988
"TME-TME","S21_10267","Malignant",0.271133533794904
"TME-TME","S21_10267","Boundary",0.647959183673469
"TME-TME","S21_10267","Normal",0.40569556968516
"TME-TME","SN048_A121573_Rep1","Malignant",0.640138408304498
"TME-TME","SN048_A121573_Rep1","Boundary",0.598130841121495
"TME-TME","SN048_A121573_Rep1","Normal",0.423064500807447
"TME-TME","SN048_A121573_Rep2","Malignant",0.837320574162679
"TME-TME","SN048_A121573_Rep2","Boundary",0.60431654676259
"TME-TME","SN048_A121573_Rep2","Normal",0.430429631319179
"TME-TME","SN048_A416371_Rep1","Malignant",0.420048701298701
"TME-TME","SN048_A416371_Rep1","Boundary",0
"TME-TME","SN048_A416371_Rep1","Normal",0.452868362004487
"TME-TME","SN048_A416371_Rep2","Malignant",0.408163265306122
"TME-TME","SN048_A416371_Rep2","Boundary",0
"TME-TME","SN048_A416371_Rep2","Normal",0.330995751042568
"TME-TME","SN123_A551763_Rep1","Malignant",0
"TME-TME","SN123_A551763_Rep1","Boundary",0
"TME-TME","SN123_A551763_Rep1","Normal",0.496240388964269
"TME-TME","SN123_A595688_Rep1","Malignant",0.545932156646442
"TME-TME","SN123_A595688_Rep1","Boundary",0.294871794871794
"TME-TME","SN123_A595688_Rep1","Normal",0.490250393786323
"TME-TME","SN123_A938797_Rep1_X","Malignant",0
"TME-TME","SN123_A938797_Rep1_X","Boundary",0.496621467378897
"TME-TME","SN123_A938797_Rep1_X","Normal",0.363170588644394
"TME-TME","SN124_A595688_Rep2","Malignant",0.480916030534351
"TME-TME","SN124_A595688_Rep2","Boundary",1
"TME-TME","SN124_A595688_Rep2","Normal",0.217647058823529
"TME-TME","SN124_A938797_Rep2","Malignant",0.569892473118279
"TME-TME","SN124_A938797_Rep2","Boundary",0.405559845559845
"TME-TME","SN124_A938797_Rep2","Normal",0.347635552621332
"TME-TME","SN84_A120838_Rep1","Malignant",1
"TME-TME","SN84_A120838_Rep1","Boundary",1
"TME-TME","SN84_A120838_Rep1","Normal",0.658536585365853
"TME-TME","SN84_A120838_Rep2","Malignant",0.708737864077669
"TME-TME","SN84_A120838_Rep2","Boundary",0.859154929577464
"TME-TME","SN84_A120838_Rep2","Normal",0.480686339522546
"TME-TME","V10F24-015_A1","Malignant",1
"TME-TME","V10F24-015_A1","Boundary",0.5625
"TME-TME","V10F24-015_A1","Normal",0.33714895206744
"TME-TME","V10F24-015_B1","Malignant",0.181467181467181
"TME-TME","V10F24-015_B1","Boundary",0.521553325901152
"TME-TME","V10F24-015_B1","Normal",0.412454324592698
"TME-TME","V10F24-015_C1","Malignant",0.804178257786505
"TME-TME","V10F24-015_C1","Boundary",0.647741007194244
"TME-TME","V10F24-015_C1","Normal",0.465651126405006
"TME-TME","V10F24-015_D1","Malignant",0
"TME-TME","V10F24-015_D1","Boundary",0.717171717171717
"TME-TME","V10F24-015_D1","Normal",0.410905569152689
"TME-TME","V11A20-405_C1","Malignant",0.343717650103519
"TME-TME","V11A20-405_C1","Boundary",0.520833333333333
"TME-TME","V11A20-405_C1","Normal",0.335071998211761
"TME-TME","V11A20-405_D1","Malignant",0.407113419139793
"TME-TME","V11A20-405_D1","Boundary",0.616156412520851
"TME-TME","V11A20-405_D1","Normal",0.315903161939893
"TME-TME","V11M22-349_C1","Malignant",0.418639674978985
"TME-TME","V11M22-349_C1","Boundary",0.707806549885757
"TME-TME","V11M22-349_C1","Normal",0.186933665352424
"TME-TME","V11M22-349_D1","Malignant",0.6
"TME-TME","V11M22-349_D1","Boundary",0.373299673299673
"TME-TME","V11M22-349_D1","Normal",0.387063110654318
"TME-TME","V1_Breast_Cancer_Block_A_Section_2_200623","Malignant",0.512345679012345
"TME-TME","V1_Breast_Cancer_Block_A_Section_2_200623","Boundary",0.535629654705484
"TME-TME","V1_Breast_Cancer_Block_A_Section_2_200623","Normal",0.241624800583408
"TME-TME","V1_Human_Invasive_Ductal_Carcinoma_210511","Malignant",0.568904593639576
"TME-TME","V1_Human_Invasive_Ductal_Carcinoma_210511","Boundary",0.495867768595041
"TME-TME","V1_Human_Invasive_Ductal_Carcinoma_210511","Normal",0.270243920949734
"TME-TME","Visium_FFPE_Human_Breast_Cancer_210609","Malignant",0.564152449366457
"TME-TME","Visium_FFPE_Human_Breast_Cancer_210609","Boundary",0.438661710037174
"TME-TME","Visium_FFPE_Human_Breast_Cancer_210609","Normal",0.369845933131016
"TME-TME","Visium_FFPE_Human_Intestinal_Cancer_220329","Malignant",0.508117653260239
"TME-TME","Visium_FFPE_Human_Intestinal_Cancer_220329","Boundary",0.478693009854482
"TME-TME","Visium_FFPE_Human_Intestinal_Cancer_220329","Normal",0.306727589208006
"TME-TME","Visium_FFPE_Human_Ovarian_Cancer_220329","Malignant",0.333895677159642
"TME-TME","Visium_FFPE_Human_Ovarian_Cancer_220329","Boundary",0.444341181330028
"TME-TME","Visium_FFPE_Human_Ovarian_Cancer_220329","Normal",0.222951454639352
"TME-TME","Visium_FFPE_Human_Prostate_Acinar_Cell_Carcinoma_211009","Malignant",0.620903833797387
"TME-TME","Visium_FFPE_Human_Prostate_Acinar_Cell_Carcinoma_211009","Boundary",0.666666666666666
"TME-TME","Visium_FFPE_Human_Prostate_Acinar_Cell_Carcinoma_211009","Normal",0.247467693397975
"TME-TME","Visium_FFPE_Human_Prostate_Cancer_210609","Malignant",0.459773395110498
"TME-TME","Visium_FFPE_Human_Prostate_Cancer_210609","Boundary",0.526646942800788
"TME-TME","Visium_FFPE_Human_Prostate_Cancer_210609","Normal",0.312184079858426
"TME-TME","Visium_FFPE_Human_Prostate_IF_220713","Malignant",0.481818181818181
"TME-TME","Visium_FFPE_Human_Prostate_IF_220713","Boundary",0.4
"TME-TME","Visium_FFPE_Human_Prostate_IF_220713","Normal",0.419190723588817
"TME-TME","Visium_Human_Breast_Cancer_220702","Malignant",0.506125639872346
"TME-TME","Visium_Human_Breast_Cancer_220702","Boundary",0.396122738628741
"TME-TME","Visium_Human_Breast_Cancer_220702","Normal",0.31065315732388
"TME-TME","WSSKNKCLsp12140270","Malignant",0.479166666666666
"TME-TME","WSSKNKCLsp12140270","Boundary",0
"TME-TME","WSSKNKCLsp12140270","Normal",0.204014500537056
"TME-TME","WSSKNKCLsp12140271","Malignant",0.367521367521367
"TME-TME","WSSKNKCLsp12140271","Boundary",0.602295377097666
"TME-TME","WSSKNKCLsp12140271","Normal",0.298726449421848
"TME-TME","WSSKNKCLsp12140272","Malignant",0
"TME-TME","WSSKNKCLsp12140272","Boundary",0.511627906976744
"TME-TME","WSSKNKCLsp12140272","Normal",0.351845571417304
"TME-TME","WSSKNKCLsp12140273","Malignant",0
"TME-TME","WSSKNKCLsp12140273","Boundary",0
"TME-TME","WSSKNKCLsp12140273","Normal",0.219381766010173
"TME-TME","WSSKNKCLsp12887267","Malignant",0.684210526315789
"TME-TME","WSSKNKCLsp12887267","Boundary",0.913043478260869
"TME-TME","WSSKNKCLsp12887267","Normal",0.223858903158625
"TME-TME","WSSKNKCLsp12887268","Malignant",0
"TME-TME","WSSKNKCLsp12887268","Boundary",0
"TME-TME","WSSKNKCLsp12887268","Normal",0.171356603094638
"TME-TME","WSSKNKCLsp12887269","Malignant",0.707317073170731
"TME-TME","WSSKNKCLsp12887269","Boundary",0.327868852459016
"TME-TME","WSSKNKCLsp12887269","Normal",0.260776662950576
"TME-TME","Zenodo10119273_Tumor2","Malignant",0.587548969511156
"TME-TME","Zenodo10119273_Tumor2","Boundary",0.663546160483175
"TME-TME","Zenodo10119273_Tumor2","Normal",0.590250034440005
"TME-TME","scCRLM_Atlas_ST-colon1","Malignant",0.546236997001443
"TME-TME","scCRLM_Atlas_ST-colon1","Boundary",0.503225806451612
"TME-TME","scCRLM_Atlas_ST-colon1","Normal",0.455000419369029
"TME-TME","scCRLM_Atlas_ST-colon2","Malignant",0
"TME-TME","scCRLM_Atlas_ST-colon2","Boundary",0.771929824561403
"TME-TME","scCRLM_Atlas_ST-colon2","Normal",0.321604312954737
"TME-TME","scCRLM_Atlas_ST-colon3","Malignant",0.220833333333333
"TME-TME","scCRLM_Atlas_ST-colon3","Boundary",0.405797101449275
"TME-TME","scCRLM_Atlas_ST-colon3","Normal",0.310772016320097
"TME-TME","scCRLM_Atlas_ST-colon4","Malignant",0.480102801641658
"TME-TME","scCRLM_Atlas_ST-colon4","Boundary",0.63125
"TME-TME","scCRLM_Atlas_ST-colon4","Normal",0.444278306493849
